-- MySQL dump 10.13  Distrib 5.7.36, for Linux (x86_64)
--
-- Host: localhost    Database: privacy_demo2
-- ------------------------------------------------------
-- Server version	5.7.36

/*!40101 SET @OLD_CHARACTER_SET_CLIENT=@@CHARACTER_SET_CLIENT */;
/*!40101 SET @OLD_CHARACTER_SET_RESULTS=@@CHARACTER_SET_RESULTS */;
/*!40101 SET @OLD_COLLATION_CONNECTION=@@COLLATION_CONNECTION */;
/*!40101 SET NAMES utf8 */;
/*!40103 SET @OLD_TIME_ZONE=@@TIME_ZONE */;
/*!40103 SET TIME_ZONE='+00:00' */;
/*!40014 SET @OLD_UNIQUE_CHECKS=@@UNIQUE_CHECKS, UNIQUE_CHECKS=0 */;
/*!40014 SET @OLD_FOREIGN_KEY_CHECKS=@@FOREIGN_KEY_CHECKS, FOREIGN_KEY_CHECKS=0 */;
/*!40101 SET @OLD_SQL_MODE=@@SQL_MODE, SQL_MODE='NO_AUTO_VALUE_ON_ZERO' */;
/*!40111 SET @OLD_SQL_NOTES=@@SQL_NOTES, SQL_NOTES=0 */;

--
-- Current Database: `privacy_demo2`
--

CREATE DATABASE /*!32312 IF NOT EXISTS*/ `privacy_demo2` /*!40100 DEFAULT CHARACTER SET latin1 */;

USE `privacy_demo2`;

--
-- Table structure for table `data_component`
--

DROP TABLE IF EXISTS `data_component`;
/*!40101 SET @saved_cs_client     = @@character_set_client */;
/*!40101 SET character_set_client = utf8 */;
CREATE TABLE `data_component` (
  `component_id` bigint(20) NOT NULL AUTO_INCREMENT COMMENT '组件id',
  `front_component_id` varchar(255) DEFAULT NULL COMMENT '前端组件id',
  `model_id` bigint(20) DEFAULT NULL COMMENT '模型id',
  `component_code` varchar(255) CHARACTER SET utf8mb4 DEFAULT NULL COMMENT '组件code',
  `component_name` varchar(255) CHARACTER SET utf8mb4 DEFAULT NULL COMMENT '组件名称',
  `shape` varchar(255) CHARACTER SET utf8mb4 DEFAULT NULL COMMENT '形状',
  `width` int(11) DEFAULT '0' COMMENT '宽度',
  `height` int(11) DEFAULT '0' COMMENT '高度',
  `coordinate_y` int(11) DEFAULT '0' COMMENT '坐标y',
  `coordinate_x` int(11) DEFAULT '0' COMMENT '坐标x',
  `data_json` blob COMMENT '组件参数json',
  `start_time` bigint(20) DEFAULT '0' COMMENT '开始时间戳',
  `end_time` bigint(20) DEFAULT '0' COMMENT '结束时间戳',
  `component_state` tinyint(4) DEFAULT '0' COMMENT '组件运行状态 0初始 1成功 2运行中 3失败',
  `input_file_path` varchar(255) CHARACTER SET utf8mb4 DEFAULT NULL COMMENT '输入文件路径',
  `output_file_path` varchar(255) CHARACTER SET utf8mb4 DEFAULT NULL COMMENT '输出文件路径',
  `is_del` tinyint(4) DEFAULT '0' COMMENT '是否删除',
  `create_date` datetime(3) NOT NULL DEFAULT CURRENT_TIMESTAMP(3) COMMENT '创建时间',
  `update_date` datetime(3) NOT NULL DEFAULT CURRENT_TIMESTAMP(3) ON UPDATE CURRENT_TIMESTAMP(3) COMMENT '修改时间',
  PRIMARY KEY (`component_id`) USING BTREE
) ENGINE=InnoDB AUTO_INCREMENT=3 DEFAULT CHARSET=utf8 ROW_FORMAT=DYNAMIC COMMENT='组件表';
/*!40101 SET character_set_client = @saved_cs_client */;

--
-- Dumping data for table `data_component`
--

LOCK TABLES `data_component` WRITE;
/*!40000 ALTER TABLE `data_component` DISABLE KEYS */;
INSERT INTO `data_component` VALUES (1,'c7e2e99b-ff5d-402a-ae21-d206540fdae6',1,'dataAlignment','数据对齐','dag-node',180,50,-320,-270,_binary '[{\"key\":\"selectData\",\"val\":\"[{\\\"organId\\\":\\\"3abfcb2a-8335-4bcc-b6f9-704a92e392fd\\\",\\\"resourceId\\\":\\\"704a92e392fd-a61258f0-0ce2-4ff1-93a8-5008f933ee23\\\",\\\"resourceName\\\":\\\"A22\\\",\\\"resourceRowsCount\\\":3,\\\"resourceColumnCount\\\":9,\\\"resourceContainsY\\\":0,\\\"auditStatus\\\":1,\\\"participationIdentity\\\":1,\\\"organName\\\":\\\"Primihub02\\\"},{\\\"organId\\\":\\\"7aeeb3aa-75cc-4e40-8692-ea5fd5f5f9f0\\\",\\\"resourceId\\\":\\\"ea5fd5f5f9f0-012515c9-20ea-4377-bff7-9030b9d97dca\\\",\\\"resourceName\\\":\\\"wew2\\\",\\\"resourceRowsCount\\\":3,\\\"resourceColumnCount\\\":9,\\\"resourceContainsY\\\":0,\\\"auditStatus\\\":1,\\\"participationIdentity\\\":2,\\\"organName\\\":\\\"Primihub01\\\"}]\"}]',0,0,0,NULL,NULL,0,'2022-07-19 08:01:59.000','2022-07-19 08:01:59.000'),(2,'5f1a8ab9-a3f5-46e4-97a2-cd450ee32464',1,'model','模型选择','dag-node',180,50,-70,-260,_binary '[{\"key\":\"modelType\",\"val\":\"2\"}]',0,0,0,NULL,NULL,0,'2022-07-19 08:01:59.000','2022-07-19 08:01:59.000');
/*!40000 ALTER TABLE `data_component` ENABLE KEYS */;
UNLOCK TABLES;

--
-- Table structure for table `data_file_field`
--

DROP TABLE IF EXISTS `data_file_field`;
/*!40101 SET @saved_cs_client     = @@character_set_client */;
/*!40101 SET character_set_client = utf8 */;
CREATE TABLE `data_file_field` (
  `field_id` bigint(20) NOT NULL AUTO_INCREMENT COMMENT '字段id',
  `file_id` bigint(20) DEFAULT NULL COMMENT '文件id',
  `resource_id` bigint(20) DEFAULT NULL COMMENT '资源id',
  `field_name` varchar(255) DEFAULT NULL COMMENT '字段名称',
  `field_as` varchar(255) DEFAULT NULL COMMENT '字段别名',
  `field_type` int(11) DEFAULT '0' COMMENT '字段类型 默认0 string',
  `field_desc` varchar(255) DEFAULT NULL COMMENT '字段描述',
  `relevance` int(11) DEFAULT '0' COMMENT '关键字 0否 1是',
  `grouping` int(11) DEFAULT '0' COMMENT '分组 0否 1是',
  `protection_status` int(11) DEFAULT '0' COMMENT '保护开关 0关闭 1开启',
  `is_del` tinyint(4) DEFAULT '0' COMMENT '是否删除',
  `create_date` datetime(3) NOT NULL DEFAULT CURRENT_TIMESTAMP(3) COMMENT '创建时间',
  `update_date` datetime(3) NOT NULL DEFAULT CURRENT_TIMESTAMP(3) ON UPDATE CURRENT_TIMESTAMP(3) COMMENT '修改时间',
  PRIMARY KEY (`field_id`) USING BTREE
) ENGINE=InnoDB AUTO_INCREMENT=148 DEFAULT CHARSET=utf8 ROW_FORMAT=DYNAMIC;
/*!40101 SET character_set_client = @saved_cs_client */;

--
-- Dumping data for table `data_file_field`
--

LOCK TABLES `data_file_field` WRITE;
/*!40000 ALTER TABLE `data_file_field` DISABLE KEYS */;
INSERT INTO `data_file_field` VALUES (3,1147,2,'guaranteetype',NULL,0,NULL,0,0,0,0,'2022-06-21 09:00:50.000','2022-06-21 09:00:50.000'),(4,1148,3,'guaranteetype',NULL,0,NULL,0,0,0,0,'2022-06-21 11:03:25.000','2022-06-21 11:03:25.000'),(5,1148,3,'company',NULL,0,NULL,1,1,1,0,'2022-06-21 11:03:25.000','2022-06-21 11:03:25.000'),(6,1149,4,'guaranteetype',NULL,0,NULL,1,0,1,0,'2022-06-21 13:52:17.000','2022-06-21 13:52:17.000'),(7,1150,5,'guaranteetype',NULL,0,NULL,1,0,1,0,'2022-06-21 14:04:34.000','2022-06-21 14:04:34.000'),(8,1151,6,'guaranteetype',NULL,0,NULL,0,0,0,0,'2022-06-22 01:53:36.000','2022-06-22 01:53:36.000'),(9,1151,6,'company',NULL,0,NULL,1,1,1,0,'2022-06-22 01:53:36.000','2022-06-22 01:53:36.000'),(10,1152,7,'company',NULL,0,NULL,1,1,1,0,'2022-06-22 03:24:48.000','2022-06-22 03:24:48.000'),(11,1153,8,'guaranteetype',NULL,0,NULL,0,0,0,0,'2022-06-29 07:03:12.000','2022-06-29 07:03:12.000'),(12,1154,9,'guaranteetype','guaranteetype',0,'',0,0,1,0,'2022-06-29 07:24:33.000','2022-06-30 04:55:08.000'),(13,1154,9,'company',NULL,0,NULL,1,1,1,0,'2022-06-29 07:24:33.000','2022-06-29 07:24:33.000'),(14,1155,10,'guaranteetype',NULL,0,'',1,1,1,0,'2022-06-29 07:29:31.000','2022-07-18 03:33:22.000'),(15,1156,11,'Uniformity of Cell Shape',NULL,1,NULL,1,0,1,0,'2022-06-29 08:20:23.000','2022-06-29 08:20:23.000'),(16,1156,11,'Marginal Adhesion',NULL,1,NULL,1,0,1,0,'2022-06-29 08:20:23.000','2022-06-29 08:20:23.000'),(17,1156,11,'Single Epithelial Cell Size',NULL,1,NULL,1,0,1,0,'2022-06-29 08:20:23.000','2022-06-29 08:20:23.000'),(18,1156,11,'Bare Nuclei',NULL,1,NULL,1,0,1,0,'2022-06-29 08:20:23.000','2022-06-29 08:20:23.000'),(19,1156,11,'Bland Chromatin',NULL,1,NULL,1,0,1,0,'2022-06-29 08:20:23.000','2022-06-29 08:20:23.000'),(20,1156,11,'Normal Nucleoli',NULL,1,NULL,1,0,1,0,'2022-06-29 08:20:23.000','2022-06-29 08:20:23.000'),(21,1156,11,'Mitoses',NULL,1,NULL,1,0,1,0,'2022-06-29 08:20:23.000','2022-06-29 08:20:23.000'),(22,1156,11,'Class',NULL,1,NULL,1,0,1,0,'2022-06-29 08:20:23.000','2022-06-29 08:20:23.000'),(23,1157,12,'guaranteetype',NULL,0,NULL,0,0,0,0,'2022-06-30 06:52:07.000','2022-06-30 06:52:07.000'),(24,1157,12,'company',NULL,0,NULL,1,1,1,0,'2022-06-30 06:52:07.000','2022-06-30 06:52:07.000'),(25,1158,13,'guaranteetype',NULL,0,NULL,0,0,0,0,'2022-06-30 06:53:22.000','2022-06-30 06:53:22.000'),(26,1159,14,'company','company',0,'',1,1,1,0,'2022-06-30 11:42:08.000','2022-07-01 09:09:17.000'),(27,1160,15,'pip==22.0.4',NULL,0,NULL,1,1,0,0,'2022-07-04 01:17:13.000','2022-07-04 01:17:13.000'),(28,1161,16,'pip==22.0.4',NULL,0,NULL,0,0,0,0,'2022-07-04 02:06:42.000','2022-07-04 02:06:42.000'),(29,1280,17,'guaranteetype',NULL,0,NULL,0,0,0,0,'2022-07-07 12:39:16.000','2022-07-07 12:39:16.000'),(30,1280,17,'company',NULL,0,NULL,1,0,1,0,'2022-07-07 12:39:16.000','2022-07-07 12:39:16.000'),(31,1284,18,'Uniformity of Cell Shape',NULL,1,'',1,1,1,0,'2022-07-09 06:10:51.000','2022-07-18 03:35:46.000'),(32,1284,18,'Marginal Adhesion',NULL,1,NULL,0,0,0,0,'2022-07-09 06:10:51.000','2022-07-09 06:10:51.000'),(33,1284,18,'Single Epithelial Cell Size',NULL,1,NULL,0,0,0,0,'2022-07-09 06:10:51.000','2022-07-09 06:10:51.000'),(34,1284,18,'Bare Nuclei',NULL,1,NULL,0,0,0,0,'2022-07-09 06:10:51.000','2022-07-09 06:10:51.000'),(35,1284,18,'Bland Chromatin',NULL,1,NULL,0,0,0,0,'2022-07-09 06:10:51.000','2022-07-09 06:10:51.000'),(36,1284,18,'Normal Nucleoli',NULL,1,NULL,0,0,0,0,'2022-07-09 06:10:51.000','2022-07-09 06:10:51.000'),(37,1284,18,'Mitoses',NULL,1,NULL,0,0,0,0,'2022-07-09 06:10:51.000','2022-07-09 06:10:51.000'),(38,1284,18,'Class',NULL,1,NULL,0,0,0,0,'2022-07-09 06:10:51.000','2022-07-09 06:10:51.000'),(39,1285,19,'model',NULL,0,NULL,1,0,1,0,'2022-07-09 06:45:34.000','2022-07-09 06:45:34.000'),(40,1285,19,'year',NULL,1,NULL,0,0,0,0,'2022-07-09 06:45:34.000','2022-07-09 06:45:34.000'),(41,1285,19,'price',NULL,1,NULL,0,0,0,0,'2022-07-09 06:45:34.000','2022-07-09 06:45:34.000'),(42,1285,19,'transmission',NULL,0,NULL,0,0,0,0,'2022-07-09 06:45:34.000','2022-07-09 06:45:34.000'),(43,1285,19,'mileage',NULL,1,NULL,0,0,0,0,'2022-07-09 06:45:34.000','2022-07-09 06:45:34.000'),(44,1285,19,'fuelType',NULL,0,NULL,0,0,0,0,'2022-07-09 06:45:34.000','2022-07-09 06:45:34.000'),(45,1285,19,'tax',NULL,1,NULL,0,0,0,0,'2022-07-09 06:45:34.000','2022-07-09 06:45:34.000'),(46,1285,19,'mpg',NULL,2,NULL,0,0,0,0,'2022-07-09 06:45:34.000','2022-07-09 06:45:34.000'),(47,1285,19,'engineSize',NULL,2,NULL,0,0,0,0,'2022-07-09 06:45:34.000','2022-07-09 06:45:34.000'),(48,1286,20,'model',NULL,0,'',1,1,1,0,'2022-07-09 07:51:10.000','2022-07-09 07:59:23.000'),(49,1286,20,'year',NULL,1,NULL,0,0,0,0,'2022-07-09 07:51:10.000','2022-07-09 07:51:10.000'),(50,1286,20,'price',NULL,1,NULL,0,0,0,0,'2022-07-09 07:51:10.000','2022-07-09 07:51:10.000'),(51,1286,20,'transmission',NULL,0,NULL,0,0,0,0,'2022-07-09 07:51:10.000','2022-07-09 07:51:10.000'),(52,1286,20,'mileage',NULL,1,NULL,0,0,0,0,'2022-07-09 07:51:10.000','2022-07-09 07:51:10.000'),(53,1286,20,'fuelType',NULL,0,NULL,0,0,0,0,'2022-07-09 07:51:10.000','2022-07-09 07:51:10.000'),(54,1286,20,'tax',NULL,1,NULL,0,0,0,0,'2022-07-09 07:51:10.000','2022-07-09 07:51:10.000'),(55,1286,20,'mpg',NULL,2,NULL,0,0,0,0,'2022-07-09 07:51:10.000','2022-07-09 07:51:10.000'),(56,1286,20,'engineSize',NULL,2,NULL,0,0,0,0,'2022-07-09 07:51:10.000','2022-07-09 07:51:10.000'),(57,1287,21,'guaranteetype',NULL,0,NULL,0,0,0,0,'2022-07-10 03:56:30.000','2022-07-10 03:56:30.000'),(58,1287,21,'warrantee',NULL,0,'',1,0,1,0,'2022-07-10 03:56:30.000','2022-07-18 03:35:22.000'),(59,1288,22,'model',NULL,0,'',1,1,1,0,'2022-07-10 14:05:55.000','2022-07-18 03:15:53.000'),(60,1288,22,'year',NULL,1,NULL,0,0,0,0,'2022-07-10 14:05:55.000','2022-07-10 14:05:55.000'),(61,1288,22,'price',NULL,1,NULL,0,0,0,0,'2022-07-10 14:05:55.000','2022-07-10 14:05:55.000'),(62,1288,22,'transmission',NULL,0,NULL,0,0,0,0,'2022-07-10 14:05:55.000','2022-07-10 14:05:55.000'),(63,1288,22,'mileage',NULL,1,NULL,0,0,0,0,'2022-07-10 14:05:55.000','2022-07-10 14:05:55.000'),(64,1288,22,'fuelType',NULL,0,NULL,0,0,0,0,'2022-07-10 14:05:55.000','2022-07-10 14:05:55.000'),(65,1288,22,'tax',NULL,1,NULL,0,0,0,0,'2022-07-10 14:05:55.000','2022-07-10 14:05:55.000'),(66,1288,22,'mpg',NULL,2,NULL,0,0,0,0,'2022-07-10 14:05:55.000','2022-07-10 14:05:55.000'),(67,1288,22,'engineSize',NULL,2,NULL,0,0,0,0,'2022-07-10 14:05:55.000','2022-07-10 14:05:55.000'),(68,1289,23,'seq',NULL,1,'',1,1,1,0,'2022-07-11 08:07:24.000','2022-07-18 03:15:45.000'),(69,1289,23,'marital',NULL,0,NULL,0,0,0,0,'2022-07-11 08:07:24.000','2022-07-11 08:07:24.000'),(70,1289,23,'race',NULL,0,NULL,0,0,0,0,'2022-07-11 08:07:24.000','2022-07-11 08:07:24.000'),(71,1289,23,'age',NULL,1,NULL,0,0,0,0,'2022-07-11 08:07:24.000','2022-07-11 08:07:24.000'),(72,1289,23,'histologic',NULL,0,NULL,0,0,0,0,'2022-07-11 08:07:24.000','2022-07-11 08:07:24.000'),(73,1289,23,'CT',NULL,0,NULL,0,0,0,0,'2022-07-11 08:07:24.000','2022-07-11 08:07:24.000'),(74,1289,23,'CN',NULL,0,NULL,0,0,0,0,'2022-07-11 08:07:24.000','2022-07-11 08:07:24.000'),(75,1289,23,'CM',NULL,0,NULL,0,0,0,0,'2022-07-11 08:07:24.000','2022-07-11 08:07:24.000'),(76,1289,23,'ER',NULL,0,NULL,0,0,0,0,'2022-07-11 08:07:24.000','2022-07-11 08:07:24.000'),(77,1289,23,'PR',NULL,0,NULL,0,0,0,0,'2022-07-11 08:07:24.000','2022-07-11 08:07:24.000'),(78,1289,23,'HER2',NULL,0,NULL,0,0,0,0,'2022-07-11 08:07:24.000','2022-07-11 08:07:24.000'),(79,1289,23,'RX',NULL,0,NULL,0,0,0,0,'2022-07-11 08:07:24.000','2022-07-11 08:07:24.000'),(80,1290,24,'seq',NULL,1,'',1,1,1,0,'2022-07-11 08:09:27.000','2022-07-18 03:15:33.000'),(81,1290,24,'marital',NULL,0,'',0,0,0,0,'2022-07-11 08:09:27.000','2022-07-11 08:13:11.000'),(82,1290,24,'race',NULL,0,NULL,0,0,0,0,'2022-07-11 08:09:27.000','2022-07-11 08:09:27.000'),(83,1290,24,'age',NULL,1,NULL,0,0,0,0,'2022-07-11 08:09:27.000','2022-07-11 08:09:27.000'),(84,1290,24,'histologic',NULL,0,NULL,0,0,0,0,'2022-07-11 08:09:27.000','2022-07-11 08:09:27.000'),(85,1290,24,'CT',NULL,0,NULL,0,0,0,0,'2022-07-11 08:09:27.000','2022-07-11 08:09:27.000'),(86,1290,24,'CN',NULL,0,NULL,0,0,0,0,'2022-07-11 08:09:27.000','2022-07-11 08:09:27.000'),(87,1290,24,'CM',NULL,0,NULL,0,0,0,0,'2022-07-11 08:09:27.000','2022-07-11 08:09:27.000'),(88,1290,24,'ER',NULL,0,NULL,0,0,0,0,'2022-07-11 08:09:27.000','2022-07-11 08:09:27.000'),(89,1290,24,'PR',NULL,0,NULL,0,0,0,0,'2022-07-11 08:09:27.000','2022-07-11 08:09:27.000'),(90,1290,24,'HER2',NULL,0,NULL,0,0,0,0,'2022-07-11 08:09:27.000','2022-07-11 08:09:27.000'),(91,1290,24,'RX',NULL,0,NULL,0,0,0,0,'2022-07-11 08:09:27.000','2022-07-11 08:09:27.000'),(92,1290,24,'y',NULL,0,'',0,0,0,0,'2022-07-11 08:09:27.000','2022-07-11 08:31:12.000'),(93,1291,25,'seq',NULL,1,'',1,1,1,0,'2022-07-11 08:27:32.000','2022-07-18 03:15:26.000'),(94,1291,25,'marital',NULL,0,NULL,0,0,0,0,'2022-07-11 08:27:32.000','2022-07-11 08:27:32.000'),(95,1291,25,'race',NULL,0,NULL,0,0,0,0,'2022-07-11 08:27:32.000','2022-07-11 08:27:32.000'),(96,1291,25,'age',NULL,1,NULL,0,0,0,0,'2022-07-11 08:27:32.000','2022-07-11 08:27:32.000'),(97,1291,25,'histologic',NULL,0,NULL,0,0,0,0,'2022-07-11 08:27:32.000','2022-07-11 08:27:32.000'),(98,1291,25,'CT',NULL,0,NULL,0,0,0,0,'2022-07-11 08:27:32.000','2022-07-11 08:27:32.000'),(99,1291,25,'CN',NULL,0,NULL,0,0,0,0,'2022-07-11 08:27:32.000','2022-07-11 08:27:32.000'),(100,1291,25,'CM',NULL,0,NULL,0,0,0,0,'2022-07-11 08:27:32.000','2022-07-11 08:27:32.000'),(101,1291,25,'ER',NULL,0,NULL,0,0,0,0,'2022-07-11 08:27:32.000','2022-07-11 08:27:32.000'),(102,1291,25,'PR',NULL,0,NULL,0,0,0,0,'2022-07-11 08:27:32.000','2022-07-11 08:27:32.000'),(103,1291,25,'HER2',NULL,0,NULL,0,0,0,0,'2022-07-11 08:27:32.000','2022-07-11 08:27:32.000'),(104,1291,25,'RX',NULL,0,NULL,0,0,0,0,'2022-07-11 08:27:32.000','2022-07-11 08:27:32.000'),(105,1291,25,'y',NULL,1,NULL,0,0,0,0,'2022-07-11 08:27:32.000','2022-07-11 08:27:32.000'),(106,1292,26,'id',NULL,1,'',1,1,1,0,'2022-07-13 03:49:48.000','2022-07-18 03:15:13.000'),(107,1292,26,'x0',NULL,2,NULL,0,0,0,0,'2022-07-13 03:49:48.000','2022-07-13 03:49:48.000'),(108,1292,26,'x1',NULL,2,NULL,0,0,0,0,'2022-07-13 03:49:48.000','2022-07-13 03:49:48.000'),(109,1292,26,'x2',NULL,2,NULL,0,0,0,0,'2022-07-13 03:49:48.000','2022-07-13 03:49:48.000'),(110,1292,26,'x3',NULL,2,NULL,0,0,0,0,'2022-07-13 03:49:48.000','2022-07-13 03:49:48.000'),(111,1292,26,'x4',NULL,2,NULL,0,0,0,0,'2022-07-13 03:49:48.000','2022-07-13 03:49:48.000'),(112,1292,26,'x5',NULL,2,NULL,0,0,0,0,'2022-07-13 03:49:48.000','2022-07-13 03:49:48.000'),(113,1292,26,'x6',NULL,2,NULL,0,0,0,0,'2022-07-13 03:49:48.000','2022-07-13 03:49:48.000'),(114,1292,26,'x7',NULL,2,NULL,0,0,0,0,'2022-07-13 03:49:48.000','2022-07-13 03:49:48.000'),(115,1292,26,'x8',NULL,2,NULL,0,0,0,0,'2022-07-13 03:49:48.000','2022-07-13 03:49:48.000'),(116,1292,26,'x9',NULL,2,NULL,0,0,0,0,'2022-07-13 03:49:48.000','2022-07-13 03:49:48.000'),(117,1292,26,'x10',NULL,2,NULL,0,0,0,0,'2022-07-13 03:49:48.000','2022-07-13 03:49:48.000'),(118,1292,26,'x11',NULL,2,NULL,0,0,0,0,'2022-07-13 03:49:48.000','2022-07-13 03:49:48.000'),(119,1292,26,'x12',NULL,2,NULL,0,0,0,0,'2022-07-13 03:49:48.000','2022-07-13 03:49:48.000'),(120,1292,26,'x13',NULL,2,NULL,0,0,0,0,'2022-07-13 03:49:48.000','2022-07-13 03:49:48.000'),(121,1292,26,'x14',NULL,2,NULL,0,0,0,0,'2022-07-13 03:49:48.000','2022-07-13 03:49:48.000'),(122,1292,26,'x15',NULL,2,NULL,0,0,0,0,'2022-07-13 03:49:48.000','2022-07-13 03:49:48.000'),(123,1292,26,'x16',NULL,2,NULL,0,0,0,0,'2022-07-13 03:49:48.000','2022-07-13 03:49:48.000'),(124,1292,26,'x17',NULL,2,NULL,0,0,0,0,'2022-07-13 03:49:48.000','2022-07-13 03:49:48.000'),(125,1292,26,'x18',NULL,2,NULL,0,0,0,0,'2022-07-13 03:49:48.000','2022-07-13 03:49:48.000'),(126,1292,26,'x19',NULL,2,NULL,0,0,0,0,'2022-07-13 03:49:48.000','2022-07-13 03:49:48.000'),(127,1293,27,'company',NULL,0,NULL,1,0,0,0,'2022-07-18 04:35:39.000','2022-07-18 04:35:39.000'),(128,1293,27,'id',NULL,0,NULL,0,0,0,0,'2022-07-18 04:35:39.000','2022-07-18 04:35:39.000'),(129,1293,27,'executed amount',NULL,0,NULL,0,0,0,0,'2022-07-18 04:35:39.000','2022-07-18 04:35:39.000'),(130,1293,27,'execution court',NULL,0,NULL,0,0,0,0,'2022-07-18 04:35:39.000','2022-07-18 04:35:39.000'),(131,1293,27,'date',NULL,0,NULL,0,0,0,0,'2022-07-18 04:35:39.000','2022-07-18 04:35:39.000'),(132,1293,27,'case number',NULL,0,NULL,0,0,0,0,'2022-07-18 04:35:39.000','2022-07-18 04:35:39.000'),(133,1294,28,'id1',NULL,0,NULL,0,0,0,0,'2022-07-19 07:17:18.000','2022-07-19 07:17:18.000'),(134,1294,28,'id',NULL,1,NULL,0,0,0,0,'2022-07-19 07:17:18.000','2022-07-19 07:17:18.000'),(135,1294,28,'y',NULL,1,NULL,0,0,0,0,'2022-07-19 07:17:18.000','2022-07-19 07:17:18.000'),(136,1294,28,'x0',NULL,2,NULL,0,0,0,0,'2022-07-19 07:17:18.000','2022-07-19 07:17:18.000'),(137,1294,28,'x1',NULL,2,NULL,0,0,0,0,'2022-07-19 07:17:18.000','2022-07-19 07:17:18.000'),(138,1294,28,'x2',NULL,2,NULL,0,0,0,0,'2022-07-19 07:17:18.000','2022-07-19 07:17:18.000'),(139,1294,28,'x3',NULL,2,NULL,0,0,0,0,'2022-07-19 07:17:18.000','2022-07-19 07:17:18.000'),(140,1294,28,'x4',NULL,2,NULL,0,0,0,0,'2022-07-19 07:17:18.000','2022-07-19 07:17:18.000'),(141,1294,28,'x5',NULL,2,NULL,0,0,0,0,'2022-07-19 07:17:18.000','2022-07-19 07:17:18.000'),(142,1294,28,'x6',NULL,2,NULL,0,0,0,0,'2022-07-19 07:17:18.000','2022-07-19 07:17:18.000'),(143,1294,28,'x7',NULL,2,NULL,0,0,0,0,'2022-07-19 07:17:18.000','2022-07-19 07:17:18.000'),(144,1294,28,'x8',NULL,2,NULL,0,0,0,0,'2022-07-19 07:17:18.000','2022-07-19 07:17:18.000'),(145,1294,28,'x9',NULL,2,NULL,0,0,0,0,'2022-07-19 07:17:18.000','2022-07-19 07:17:18.000'),(146,1295,29,'guaranteetype',NULL,0,NULL,0,0,0,0,'2022-07-19 12:10:04.000','2022-07-19 12:10:04.000'),(147,1295,29,'company',NULL,0,NULL,1,1,1,0,'2022-07-19 12:10:04.000','2022-07-19 12:10:04.000');
/*!40000 ALTER TABLE `data_file_field` ENABLE KEYS */;
UNLOCK TABLES;

--
-- Table structure for table `data_fusion_copy_task`
--

DROP TABLE IF EXISTS `data_fusion_copy_task`;
/*!40101 SET @saved_cs_client     = @@character_set_client */;
/*!40101 SET character_set_client = utf8 */;
CREATE TABLE `data_fusion_copy_task` (
  `id` bigint(20) NOT NULL AUTO_INCREMENT COMMENT '主键',
  `task_type` tinyint(4) NOT NULL COMMENT '任务类型 1 批量 2 单条',
  `current_offset` bigint(20) NOT NULL COMMENT '当前偏移量',
  `target_offset` bigint(20) NOT NULL COMMENT '目标便宜量',
  `task_table` varchar(64) NOT NULL COMMENT '复制任务表名',
  `fusion_server_address` varchar(64) NOT NULL COMMENT '连接中心地址',
  `latest_error_msg` varchar(1024) NOT NULL COMMENT '最近一次复制失败原因',
  `is_del` tinyint(4) NOT NULL COMMENT '是否删除',
  `c_time` datetime(3) NOT NULL DEFAULT CURRENT_TIMESTAMP(3) COMMENT '创建时间',
  `u_time` datetime(3) NOT NULL DEFAULT CURRENT_TIMESTAMP(3) ON UPDATE CURRENT_TIMESTAMP(3) COMMENT '更新时间',
  PRIMARY KEY (`id`) USING BTREE,
  KEY `current_offset_ix` (`current_offset`) USING BTREE,
  KEY `target_offset_ix` (`target_offset`) USING BTREE,
  KEY `c_time_ix` (`c_time`) USING BTREE,
  KEY `u_time_ix` (`u_time`) USING BTREE
) ENGINE=InnoDB AUTO_INCREMENT=78 DEFAULT CHARSET=utf8 ROW_FORMAT=DYNAMIC;
/*!40101 SET character_set_client = @saved_cs_client */;

--
-- Dumping data for table `data_fusion_copy_task`
--

LOCK TABLES `data_fusion_copy_task` WRITE;
/*!40000 ALTER TABLE `data_fusion_copy_task` DISABLE KEYS */;
INSERT INTO `data_fusion_copy_task` VALUES (2,2,2,2,'data_resource','http://fusion.primihub-demo.svc.cluster.local:8080/','success',0,'2022-06-21 09:00:50.000','2022-06-21 09:10:00.081'),(3,2,3,3,'data_resource','http://fusion.primihub-demo.svc.cluster.local:8080/','success',0,'2022-06-21 11:03:25.000','2022-06-21 11:10:00.083'),(4,2,4,4,'data_resource','http://fusion.primihub-demo.svc.cluster.local:8080/','success',0,'2022-06-21 13:52:18.000','2022-06-21 14:00:00.169'),(5,2,4,4,'data_resource','http://fusion.primihub-demo.svc.cluster.local:8080/','success',0,'2022-06-21 14:01:50.000','2022-06-21 15:10:00.387'),(6,2,5,5,'data_resource','http://fusion.primihub-demo.svc.cluster.local:8080/','success',0,'2022-06-21 14:04:34.000','2022-06-21 15:10:00.426'),(7,2,6,6,'data_resource','http://fusion.primihub-demo.svc.cluster.local:8080/','success',0,'2022-06-22 01:53:36.000','2022-06-22 02:00:00.124'),(8,2,6,6,'data_resource','http://fusion.primihub-demo.svc.cluster.local:8080/','success',0,'2022-06-22 02:57:41.000','2022-06-22 03:10:00.129'),(9,2,6,6,'data_resource','http://fusion.primihub-demo.svc.cluster.local:8080/','success',0,'2022-06-22 03:22:40.000','2022-06-22 03:30:00.129'),(10,2,7,7,'data_resource','http://fusion.primihub-demo.svc.cluster.local:8080/','success',0,'2022-06-22 03:24:48.000','2022-06-22 03:30:00.153'),(11,2,7,7,'data_resource','http://fusion.primihub-demo.svc.cluster.local:8080/','success',0,'2022-06-22 03:26:19.000','2022-06-22 03:30:00.178'),(12,2,7,7,'data_resource','http://fusion.primihub-demo.svc.cluster.local:8080/','success',0,'2022-06-22 03:52:30.000','2022-06-22 04:00:00.106'),(13,2,7,7,'data_resource','http://fusion.primihub-demo.svc.cluster.local:8080/','success',0,'2022-06-22 03:57:27.000','2022-06-22 04:10:00.099'),(14,2,7,7,'data_resource','http://fusion.primihub-demo.svc.cluster.local:8080/','success',0,'2022-06-22 03:57:40.000','2022-06-22 04:10:00.124'),(15,2,7,7,'data_resource','http://fusion.primihub-demo.svc.cluster.local:8080/','success',0,'2022-06-22 08:41:33.000','2022-06-22 08:50:00.038'),(16,2,7,7,'data_resource','http://fusion.primihub-demo.svc.cluster.local:8080/','success',0,'2022-06-22 08:49:32.000','2022-06-22 09:00:00.047'),(17,2,7,7,'data_resource','http://fusion.primihub-demo.svc.cluster.local:8080/','success',0,'2022-06-22 08:52:05.000','2022-06-22 09:00:00.062'),(18,2,7,7,'data_resource','http://fusion.primihub-demo.svc.cluster.local:8080/','success',0,'2022-06-29 05:06:47.000','2022-06-29 05:10:00.051'),(19,2,7,7,'data_resource','http://fusion.primihub-demo.svc.cluster.local:8080/','success',0,'2022-06-29 06:53:05.000','2022-06-29 07:00:00.086'),(20,1,7,7,'data_resource','http://fusion.primihub-demo.svc.cluster.local:8080/','success',0,'2022-06-29 06:58:21.000','2022-06-29 07:10:00.178'),(21,2,8,8,'data_resource','http://fusion.primihub-demo.svc.cluster.local:8080/','success',0,'2022-06-29 07:03:12.000','2022-06-29 07:10:00.202'),(22,2,7,7,'data_resource','http://fusion.primihub-demo.svc.cluster.local:8080/','success',0,'2022-06-29 07:12:45.000','2022-06-29 07:20:00.033'),(23,2,8,8,'data_resource','http://fusion.primihub-demo.svc.cluster.local:8080/','success',0,'2022-06-29 07:23:24.000','2022-06-29 07:30:00.039'),(24,2,9,9,'data_resource','http://fusion.primihub-demo.svc.cluster.local:8080/','success',0,'2022-06-29 07:24:33.000','2022-06-29 07:30:00.056'),(25,2,10,10,'data_resource','http://fusion.primihub-demo.svc.cluster.local:8080/','success',0,'2022-06-29 07:29:31.000','2022-06-29 07:40:00.051'),(26,2,11,11,'data_resource','http://fusion.primihub-demo.svc.cluster.local:8080/','success',0,'2022-06-29 08:20:23.000','2022-06-29 08:30:00.024'),(27,2,10,10,'data_resource','http://fusion.primihub-demo.svc.cluster.local:8080/','success',0,'2022-06-29 14:17:35.000','2022-06-29 14:30:00.102'),(28,2,9,9,'data_resource','http://fusion.primihub-demo.svc.cluster.local:8080/','success',0,'2022-06-29 14:17:45.000','2022-06-29 14:30:00.117'),(29,2,10,10,'data_resource','http://fusion.primihub-demo.svc.cluster.local:8080/','success',0,'2022-06-30 01:12:35.000','2022-06-30 01:20:00.113'),(30,2,9,9,'data_resource','http://fusion.primihub-demo.svc.cluster.local:8080/','success',0,'2022-06-30 01:12:45.000','2022-06-30 01:20:00.130'),(31,2,11,11,'data_resource','http://fusion.primihub-demo.svc.cluster.local:8080/','success',0,'2022-06-30 01:14:10.000','2022-06-30 01:20:00.147'),(32,2,10,10,'data_resource','http://fusion.primihub-demo.svc.cluster.local:8080/','success',0,'2022-06-30 01:14:23.000','2022-06-30 01:20:00.164'),(33,2,9,9,'data_resource','http://fusion.primihub-demo.svc.cluster.local:8080/','success',0,'2022-06-30 01:16:15.000','2022-06-30 01:20:00.180'),(34,2,9,9,'data_resource','http://fusion.primihub-demo.svc.cluster.local:8080/','success',0,'2022-06-30 01:20:12.000','2022-06-30 01:30:00.109'),(35,2,11,11,'data_resource','http://fusion.primihub-demo.svc.cluster.local:8080/','success',0,'2022-06-30 02:07:24.000','2022-06-30 02:20:00.099'),(36,2,10,10,'data_resource','http://fusion.primihub-demo.svc.cluster.local:8080/','success',0,'2022-06-30 02:07:31.000','2022-06-30 02:20:00.113'),(37,2,9,9,'data_resource','http://fusion.primihub-demo.svc.cluster.local:8080/','success',0,'2022-06-30 02:07:39.000','2022-06-30 02:20:00.125'),(38,2,9,9,'data_resource','http://fusion.primihub-demo.svc.cluster.local:8080/','success',0,'2022-06-30 04:55:09.000','2022-06-30 05:00:00.121'),(39,2,12,12,'data_resource','http://fusion.primihub-demo.svc.cluster.local:8080/','success',0,'2022-06-30 06:52:07.000','2022-06-30 07:00:00.104'),(40,2,13,13,'data_resource','http://fusion.primihub-demo.svc.cluster.local:8080/','success',0,'2022-06-30 06:53:22.000','2022-06-30 07:00:00.118'),(41,2,13,13,'data_resource','http://fusion.primihub-demo.svc.cluster.local:8080/','success',0,'2022-06-30 07:34:44.000','2022-06-30 07:40:00.025'),(42,2,12,12,'data_resource','http://fusion.primihub-demo.svc.cluster.local:8080/','success',0,'2022-06-30 07:34:50.000','2022-06-30 07:40:00.035'),(43,2,14,14,'data_resource','http://fusion.primihub-demo.svc.cluster.local:8080/','success',0,'2022-06-30 11:42:08.000','2022-06-30 11:50:00.028'),(44,2,15,15,'data_resource','http://fusion.primihub-demo.svc.cluster.local:8080/','success',0,'2022-07-04 01:17:13.000','2022-07-04 01:30:00.044'),(45,2,16,16,'data_resource','http://fusion.primihub-demo.svc.cluster.local:8080/','success',0,'2022-07-04 02:06:42.000','2022-07-04 02:10:00.022'),(46,2,17,17,'data_resource','http://fusion.primihub-demo.svc.cluster.local:8080/','success',0,'2022-07-07 12:39:16.000','2022-07-07 12:50:00.042'),(47,2,17,17,'data_resource','http://fusion.primihub-demo.svc.cluster.local:8080/','success',0,'2022-07-09 05:00:15.000','2022-07-09 05:10:00.035'),(48,2,18,18,'data_resource','http://fusion.primihub-demo.svc.cluster.local:8080/','success',0,'2022-07-09 06:10:51.000','2022-07-09 06:20:00.041'),(49,2,19,19,'data_resource','http://fusion.primihub-demo.svc.cluster.local:8080/','success',0,'2022-07-09 06:45:34.000','2022-07-09 06:50:00.034'),(50,2,20,20,'data_resource','http://fusion.primihub-demo.svc.cluster.local:8080/','success',0,'2022-07-09 07:51:10.000','2022-07-09 08:00:00.035'),(51,2,20,20,'data_resource','http://fusion.primihub-demo.svc.cluster.local:8080/','success',0,'2022-07-09 07:59:25.000','2022-07-09 08:10:00.025'),(52,2,20,20,'data_resource','http://fusion.primihub-demo.svc.cluster.local:8080/','success',0,'2022-07-09 15:55:20.000','2022-07-09 16:00:00.042'),(53,2,21,21,'data_resource','http://fusion.primihub-demo.svc.cluster.local:8080/','success',0,'2022-07-10 03:56:30.000','2022-07-10 04:00:00.029'),(54,2,21,21,'data_resource','http://fusion.primihub-demo.svc.cluster.local:8080/','success',0,'2022-07-10 03:57:29.000','2022-07-10 04:10:00.042'),(55,2,22,22,'data_resource','http://fusion.primihub-demo.svc.cluster.local:8080/','success',0,'2022-07-10 14:05:55.000','2022-07-10 14:10:00.028'),(56,2,14,14,'data_resource','http://fusion.primihub-demo.svc.cluster.local:8080/','success',0,'2022-07-11 02:58:06.000','2022-07-11 03:10:00.041'),(57,2,23,23,'data_resource','http://fusion.primihub-demo.svc.cluster.local:8080/','success',0,'2022-07-11 08:07:24.000','2022-07-11 08:20:00.035'),(58,2,24,24,'data_resource','http://fusion.primihub-demo.svc.cluster.local:8080/','success',0,'2022-07-11 08:09:27.000','2022-07-11 08:20:00.043'),(59,2,24,24,'data_resource','http://fusion.primihub-demo.svc.cluster.local:8080/','success',0,'2022-07-11 08:11:34.000','2022-07-11 08:20:00.049'),(60,2,24,24,'data_resource','http://fusion.primihub-demo.svc.cluster.local:8080/','success',0,'2022-07-11 08:13:16.000','2022-07-11 08:20:00.055'),(61,2,25,25,'data_resource','http://fusion.primihub-demo.svc.cluster.local:8080/','success',0,'2022-07-11 08:27:32.000','2022-07-11 08:40:00.038'),(62,2,24,24,'data_resource','http://fusion.primihub-demo.svc.cluster.local:8080/','success',0,'2022-07-11 08:31:18.000','2022-07-11 08:40:00.045'),(63,2,22,22,'data_resource','http://fusion.primihub-demo.svc.cluster.local:8080/','success',0,'2022-07-11 08:56:22.000','2022-07-11 09:00:00.020'),(64,2,22,22,'data_resource','http://fusion.primihub-demo.svc.cluster.local:8080/','success',0,'2022-07-12 01:42:51.000','2022-07-12 01:50:00.035'),(65,2,26,26,'data_resource','http://fusion.primihub-demo.svc.cluster.local:8080/','success',0,'2022-07-13 03:49:48.000','2022-07-13 04:00:00.038'),(66,2,26,26,'data_resource','http://fusion.primihub-demo.svc.cluster.local:8080/','success',0,'2022-07-18 03:15:15.000','2022-07-18 03:20:00.059'),(67,2,25,25,'data_resource','http://fusion.primihub-demo.svc.cluster.local:8080/','success',0,'2022-07-18 03:15:27.000','2022-07-18 03:20:00.085'),(68,2,24,24,'data_resource','http://fusion.primihub-demo.svc.cluster.local:8080/','success',0,'2022-07-18 03:15:35.000','2022-07-18 03:20:00.127'),(69,2,23,23,'data_resource','http://fusion.primihub-demo.svc.cluster.local:8080/','success',0,'2022-07-18 03:15:46.000','2022-07-18 03:20:00.153'),(70,2,22,22,'data_resource','http://fusion.primihub-demo.svc.cluster.local:8080/','success',0,'2022-07-18 03:15:55.000','2022-07-18 03:20:00.177'),(71,2,10,10,'data_resource','http://fusion.primihub-demo.svc.cluster.local:8080/','success',0,'2022-07-18 03:34:13.000','2022-07-18 03:40:00.074'),(72,2,21,21,'data_resource','http://fusion.primihub-demo.svc.cluster.local:8080/','success',0,'2022-07-18 03:35:24.000','2022-07-18 03:40:00.105'),(73,2,19,19,'data_resource','http://fusion.primihub-demo.svc.cluster.local:8080/','success',0,'2022-07-18 03:35:31.000','2022-07-18 03:40:00.125'),(74,2,18,18,'data_resource','http://fusion.primihub-demo.svc.cluster.local:8080/','success',0,'2022-07-18 03:35:47.000','2022-07-18 03:40:00.147'),(75,2,27,27,'data_resource','http://fusion.primihub-demo.svc.cluster.local:8080/','success',0,'2022-07-18 04:35:39.000','2022-07-18 04:40:00.080'),(76,2,28,28,'data_resource','http://fusion.primihub-demo.svc.cluster.local:8080/','success',0,'2022-07-19 07:17:18.000','2022-07-19 07:30:00.085'),(77,2,29,29,'data_resource','http://fusion.primihub-demo.svc.cluster.local:8080/','success',0,'2022-07-19 12:10:04.000','2022-07-19 12:20:00.064');
/*!40000 ALTER TABLE `data_fusion_copy_task` ENABLE KEYS */;
UNLOCK TABLES;

--
-- Table structure for table `data_model`
--

DROP TABLE IF EXISTS `data_model`;
/*!40101 SET @saved_cs_client     = @@character_set_client */;
/*!40101 SET character_set_client = utf8 */;
CREATE TABLE `data_model` (
  `model_id` bigint(20) NOT NULL AUTO_INCREMENT COMMENT '模型id',
  `model_name` varchar(255) CHARACTER SET utf8mb4 DEFAULT NULL COMMENT '模型名称',
  `model_desc` varchar(255) CHARACTER SET utf8mb4 DEFAULT NULL COMMENT '模型描述',
  `model_type` int(2) DEFAULT NULL COMMENT '模型模板',
  `project_id` bigint(20) DEFAULT NULL COMMENT '项目id',
  `resource_num` int(8) DEFAULT NULL COMMENT '资源个数',
  `y_value_column` varchar(255) CHARACTER SET utf8mb4 DEFAULT NULL COMMENT 'y值字段',
  `component_speed` varchar(255) CHARACTER SET utf8mb4 DEFAULT NULL COMMENT '组件执行进度id',
  `train_type` tinyint(4) DEFAULT '0' COMMENT '训练类型 0纵向 1横向 默认纵向',
  `is_draft` tinyint(4) DEFAULT '0' COMMENT '是否草稿 0是 1不是 默认是',
  `user_id` bigint(20) DEFAULT NULL COMMENT '用户id',
  `organ_id` bigint(20) DEFAULT NULL COMMENT '机构id',
  `component_json` blob COMMENT '组件json',
  `latest_task_id` int(8) DEFAULT NULL COMMENT '最近运行一次任务id',
  `latest_cost_time` datetime DEFAULT NULL COMMENT '最近一次运行时间',
  `latest_task_status` int(2) DEFAULT NULL COMMENT '最近一次任务状态',
  `latest_alignment_ratio` decimal(12,6) DEFAULT NULL COMMENT '数据对齐比例',
  `latest_alignment_cost` int(10) DEFAULT NULL COMMENT '数据对齐耗时',
  `latest_analyze_ratio` decimal(12,6) DEFAULT NULL COMMENT '统计分析比例',
  `latest_analyze_cost` int(10) DEFAULT NULL COMMENT '统计分析耗时',
  `latest_feature_ratio` decimal(12,6) DEFAULT NULL COMMENT '特征筛选比例',
  `latest_feature_cost` int(10) DEFAULT NULL COMMENT '统计分析耗时',
  `latest_sample_ratio` decimal(12,6) DEFAULT NULL COMMENT '样本抽样设计比例',
  `latest_sample_cost` int(10) DEFAULT NULL COMMENT '样本抽样设计耗时',
  `latest_train_ratio` decimal(12,6) DEFAULT NULL COMMENT '训练测试设计比例',
  `latest_train_cost` int(10) DEFAULT NULL COMMENT '训练测试设计耗时',
  `latest_lack_ratio` decimal(12,6) DEFAULT NULL COMMENT '缺失值处理比例',
  `latest_lack_cost` int(10) DEFAULT NULL COMMENT '缺失值处理耗时',
  `latest_exception_ratio` decimal(12,6) DEFAULT NULL COMMENT '异常值处理比例',
  `latest_exception_cost` int(10) DEFAULT NULL COMMENT '异常值处理耗时',
  `is_del` tinyint(4) DEFAULT '0' COMMENT '是否删除',
  `create_date` datetime(3) NOT NULL DEFAULT CURRENT_TIMESTAMP(3) COMMENT '创建时间',
  `update_date` datetime(3) NOT NULL DEFAULT CURRENT_TIMESTAMP(3) ON UPDATE CURRENT_TIMESTAMP(3) COMMENT '修改时间',
  PRIMARY KEY (`model_id`) USING BTREE
) ENGINE=InnoDB AUTO_INCREMENT=2 DEFAULT CHARSET=utf8 ROW_FORMAT=DYNAMIC COMMENT='模型表';
/*!40101 SET character_set_client = @saved_cs_client */;

--
-- Dumping data for table `data_model`
--

LOCK TABLES `data_model` WRITE;
/*!40000 ALTER TABLE `data_model` DISABLE KEYS */;
INSERT INTO `data_model` VALUES (1,'12',NULL,2,74,2,NULL,NULL,1,1,1,NULL,_binary '{\"isDraft\":1,\"modelComponents\":[{\"componentCode\":\"dataAlignment\",\"componentId\":\"1\",\"componentName\":\"数据对齐\",\"componentValues\":[{\"key\":\"selectData\",\"val\":\"[{\\\"organId\\\":\\\"3abfcb2a-8335-4bcc-b6f9-704a92e392fd\\\",\\\"resourceId\\\":\\\"704a92e392fd-a61258f0-0ce2-4ff1-93a8-5008f933ee23\\\",\\\"resourceName\\\":\\\"A22\\\",\\\"resourceRowsCount\\\":3,\\\"resourceColumnCount\\\":9,\\\"resourceContainsY\\\":0,\\\"auditStatus\\\":1,\\\"participationIdentity\\\":1,\\\"organName\\\":\\\"Primihub02\\\"},{\\\"organId\\\":\\\"7aeeb3aa-75cc-4e40-8692-ea5fd5f5f9f0\\\",\\\"resourceId\\\":\\\"ea5fd5f5f9f0-012515c9-20ea-4377-bff7-9030b9d97dca\\\",\\\"resourceName\\\":\\\"wew2\\\",\\\"resourceRowsCount\\\":3,\\\"resourceColumnCount\\\":9,\\\"resourceContainsY\\\":0,\\\"auditStatus\\\":1,\\\"participationIdentity\\\":2,\\\"organName\\\":\\\"Primihub01\\\"}]\"}],\"coordinateX\":-270,\"coordinateY\":-320,\"frontComponentId\":\"c7e2e99b-ff5d-402a-ae21-d206540fdae6\",\"height\":50,\"input\":[],\"output\":[{\"componentCode\":\"model\",\"componentId\":\"2\",\"pointJson\":\"\",\"pointType\":\"edge\",\"portId\":\"port1\"}],\"shape\":\"dag-node\",\"width\":180},{\"componentCode\":\"model\",\"componentId\":\"2\",\"componentName\":\"模型选择\",\"componentValues\":[{\"key\":\"modelType\",\"val\":\"2\"}],\"coordinateX\":-260,\"coordinateY\":-70,\"frontComponentId\":\"5f1a8ab9-a3f5-46e4-97a2-cd450ee32464\",\"height\":50,\"input\":[{\"componentCode\":\"dataAlignment\",\"componentId\":\"1\",\"pointJson\":\"\",\"pointType\":\"edge\",\"portId\":\"port2\"}],\"output\":[],\"shape\":\"dag-node\",\"width\":180}],\"modelId\":\"1\",\"modelName\":\"12\",\"modelPointComponents\":[{\"frontComponentId\":\"8fbad134-d72b-4a8e-a380-459107a87b35\",\"input\":{\"port\":\"port2\",\"cell\":\"c7e2e99b-ff5d-402a-ae21-d206540fdae6\"},\"output\":{\"port\":\"port1\",\"cell\":\"5f1a8ab9-a3f5-46e4-97a2-cd450ee32464\"},\"shape\":\"edge\"}],\"projectId\":74,\"trainType\":1}',NULL,NULL,NULL,NULL,NULL,NULL,NULL,NULL,NULL,NULL,NULL,NULL,NULL,NULL,NULL,NULL,NULL,0,'2022-07-19 07:57:46.000','2022-07-19 08:01:59.000');
/*!40000 ALTER TABLE `data_model` ENABLE KEYS */;
UNLOCK TABLES;

--
-- Table structure for table `data_model_component`
--

DROP TABLE IF EXISTS `data_model_component`;
/*!40101 SET @saved_cs_client     = @@character_set_client */;
/*!40101 SET character_set_client = utf8 */;
CREATE TABLE `data_model_component` (
  `mc_id` bigint(20) NOT NULL AUTO_INCREMENT COMMENT '关系id',
  `model_id` bigint(20) DEFAULT NULL COMMENT '模型id',
  `input_component_id` bigint(20) DEFAULT NULL COMMENT '输入组件id',
  `output_component_id` bigint(20) DEFAULT NULL COMMENT '输出组件id',
  `point_type` varchar(255) CHARACTER SET utf8mb4 DEFAULT NULL COMMENT '指向类型(直线、曲线图等等)',
  `point_json` varchar(255) CHARACTER SET utf8mb4 DEFAULT NULL COMMENT '指向json数据',
  `is_del` tinyint(4) DEFAULT '0' COMMENT '是否删除',
  `create_date` datetime(3) NOT NULL DEFAULT CURRENT_TIMESTAMP(3) COMMENT '创建时间',
  `update_date` datetime(3) NOT NULL DEFAULT CURRENT_TIMESTAMP(3) ON UPDATE CURRENT_TIMESTAMP(3) COMMENT '修改时间',
  PRIMARY KEY (`mc_id`) USING BTREE
) ENGINE=InnoDB AUTO_INCREMENT=3 DEFAULT CHARSET=utf8 ROW_FORMAT=DYNAMIC COMMENT='组件模型关系表';
/*!40101 SET character_set_client = @saved_cs_client */;

--
-- Dumping data for table `data_model_component`
--

LOCK TABLES `data_model_component` WRITE;
/*!40000 ALTER TABLE `data_model_component` DISABLE KEYS */;
INSERT INTO `data_model_component` VALUES (1,1,NULL,2,'edge','',0,'2022-07-19 08:01:59.000','2022-07-19 08:01:59.000'),(2,1,1,NULL,'edge','',0,'2022-07-19 08:01:59.000','2022-07-19 08:01:59.000');
/*!40000 ALTER TABLE `data_model_component` ENABLE KEYS */;
UNLOCK TABLES;

--
-- Table structure for table `data_model_quota`
--

DROP TABLE IF EXISTS `data_model_quota`;
/*!40101 SET @saved_cs_client     = @@character_set_client */;
/*!40101 SET character_set_client = utf8 */;
CREATE TABLE `data_model_quota` (
  `quota_id` bigint(20) NOT NULL AUTO_INCREMENT COMMENT '指标id',
  `quota_type` int(2) DEFAULT NULL COMMENT '样本集类型（训练样本集，测试样本集）',
  `quota_images` varchar(255) CHARACTER SET utf8mb4 DEFAULT NULL COMMENT '样本集图片',
  `model_id` bigint(20) DEFAULT NULL COMMENT '模型id',
  `component_id` bigint(20) DEFAULT NULL COMMENT '组件id',
  `auc` decimal(12,6) DEFAULT NULL COMMENT 'auc',
  `ks` decimal(12,6) DEFAULT NULL COMMENT 'ks',
  `gini` decimal(12,6) DEFAULT NULL COMMENT 'gini',
  `precision` decimal(12,6) DEFAULT NULL COMMENT 'precision',
  `recall` decimal(12,6) DEFAULT NULL COMMENT 'recall',
  `f1_score` decimal(12,6) DEFAULT NULL COMMENT 'f1_score',
  `is_del` tinyint(4) DEFAULT '0' COMMENT '是否删除',
  `create_date` datetime(3) NOT NULL DEFAULT CURRENT_TIMESTAMP(3) COMMENT '创建时间',
  `update_date` datetime(3) NOT NULL DEFAULT CURRENT_TIMESTAMP(3) ON UPDATE CURRENT_TIMESTAMP(3) COMMENT '修改时间',
  PRIMARY KEY (`quota_id`) USING BTREE
) ENGINE=InnoDB DEFAULT CHARSET=utf8 ROW_FORMAT=DYNAMIC COMMENT='模板指标入参';
/*!40101 SET character_set_client = @saved_cs_client */;

--
-- Dumping data for table `data_model_quota`
--

LOCK TABLES `data_model_quota` WRITE;
/*!40000 ALTER TABLE `data_model_quota` DISABLE KEYS */;
/*!40000 ALTER TABLE `data_model_quota` ENABLE KEYS */;
UNLOCK TABLES;

--
-- Table structure for table `data_model_task`
--

DROP TABLE IF EXISTS `data_model_task`;
/*!40101 SET @saved_cs_client     = @@character_set_client */;
/*!40101 SET character_set_client = utf8 */;
CREATE TABLE `data_model_task` (
  `id` bigint(20) NOT NULL AUTO_INCREMENT COMMENT '自增ID',
  `model_id` bigint(20) DEFAULT NULL COMMENT '模型id',
  `task_id` bigint(20) DEFAULT NULL COMMENT '任务id',
  `predict_file` varchar(255) DEFAULT NULL COMMENT '预测文件路径',
  `predict_content` blob COMMENT '预测文件内容',
  `component_json` blob COMMENT '模型运行组件列表json',
  `is_del` tinyint(4) DEFAULT '0' COMMENT '是否删除',
  `create_date` datetime(3) NOT NULL DEFAULT CURRENT_TIMESTAMP(3) COMMENT '创建时间',
  `update_date` datetime(3) NOT NULL DEFAULT CURRENT_TIMESTAMP(3) ON UPDATE CURRENT_TIMESTAMP(3) COMMENT '修改时间',
  PRIMARY KEY (`id`) USING BTREE
) ENGINE=InnoDB AUTO_INCREMENT=3 DEFAULT CHARSET=utf8 ROW_FORMAT=DYNAMIC COMMENT='模型任务表';
/*!40101 SET character_set_client = @saved_cs_client */;

--
-- Dumping data for table `data_model_task`
--

LOCK TABLES `data_model_task` WRITE;
/*!40000 ALTER TABLE `data_model_task` DISABLE KEYS */;
INSERT INTO `data_model_task` VALUES (1,1,1,'/data/result/2022071908/e299d35e-13f0-4577-ac73-a0beae01b5f7.json',NULL,_binary '[{\"componentCode\":\"dataAlignment\",\"componentId\":1,\"componentName\":\"数据对齐\",\"componentState\":1,\"coordinateY\":-320,\"dataJson\":\"[{\\\"key\\\":\\\"selectData\\\",\\\"val\\\":\\\"[{\\\\\\\"organId\\\\\\\":\\\\\\\"3abfcb2a-8335-4bcc-b6f9-704a92e392fd\\\\\\\",\\\\\\\"resourceId\\\\\\\":\\\\\\\"704a92e392fd-a61258f0-0ce2-4ff1-93a8-5008f933ee23\\\\\\\",\\\\\\\"resourceName\\\\\\\":\\\\\\\"A22\\\\\\\",\\\\\\\"resourceRowsCount\\\\\\\":3,\\\\\\\"resourceColumnCount\\\\\\\":9,\\\\\\\"resourceContainsY\\\\\\\":0,\\\\\\\"auditStatus\\\\\\\":1,\\\\\\\"participationIdentity\\\\\\\":1,\\\\\\\"organName\\\\\\\":\\\\\\\"Primihub02\\\\\\\"},{\\\\\\\"organId\\\\\\\":\\\\\\\"7aeeb3aa-75cc-4e40-8692-ea5fd5f5f9f0\\\\\\\",\\\\\\\"resourceId\\\\\\\":\\\\\\\"ea5fd5f5f9f0-012515c9-20ea-4377-bff7-9030b9d97dca\\\\\\\",\\\\\\\"resourceName\\\\\\\":\\\\\\\"wew2\\\\\\\",\\\\\\\"resourceRowsCount\\\\\\\":3,\\\\\\\"resourceColumnCount\\\\\\\":9,\\\\\\\"resourceContainsY\\\\\\\":0,\\\\\\\"auditStatus\\\\\\\":1,\\\\\\\"participationIdentity\\\\\\\":2,\\\\\\\"organName\\\\\\\":\\\\\\\"Primihub01\\\\\\\"}]\\\"}]\",\"endTime\":1658217721209,\"height\":50,\"modelId\":1,\"shape\":\"dag-node\",\"startTime\":1658217721206,\"timeConsuming\":0,\"width\":180},{\"componentCode\":\"model\",\"componentId\":2,\"componentName\":\"模型选择\",\"componentState\":3,\"coordinateY\":-70,\"dataJson\":\"[{\\\"key\\\":\\\"modelType\\\",\\\"val\\\":\\\"2\\\"}]\",\"endTime\":1658219813075,\"height\":50,\"modelId\":1,\"shape\":\"dag-node\",\"startTime\":1658217721211,\"timeConsuming\":2091,\"width\":180}]',0,'2022-07-19 08:02:01.000','2022-07-19 08:36:53.000'),(2,1,2,'/data/result/2022071908/31985919-0535-4dae-b5ce-b68f9dc94791.json',NULL,_binary '[{\"componentCode\":\"dataAlignment\",\"componentId\":1,\"componentName\":\"数据对齐\",\"componentState\":1,\"coordinateY\":-320,\"dataJson\":\"[{\\\"key\\\":\\\"selectData\\\",\\\"val\\\":\\\"[{\\\\\\\"organId\\\\\\\":\\\\\\\"3abfcb2a-8335-4bcc-b6f9-704a92e392fd\\\\\\\",\\\\\\\"resourceId\\\\\\\":\\\\\\\"704a92e392fd-a61258f0-0ce2-4ff1-93a8-5008f933ee23\\\\\\\",\\\\\\\"resourceName\\\\\\\":\\\\\\\"A22\\\\\\\",\\\\\\\"resourceRowsCount\\\\\\\":3,\\\\\\\"resourceColumnCount\\\\\\\":9,\\\\\\\"resourceContainsY\\\\\\\":0,\\\\\\\"auditStatus\\\\\\\":1,\\\\\\\"participationIdentity\\\\\\\":1,\\\\\\\"organName\\\\\\\":\\\\\\\"Primihub02\\\\\\\"},{\\\\\\\"organId\\\\\\\":\\\\\\\"7aeeb3aa-75cc-4e40-8692-ea5fd5f5f9f0\\\\\\\",\\\\\\\"resourceId\\\\\\\":\\\\\\\"ea5fd5f5f9f0-012515c9-20ea-4377-bff7-9030b9d97dca\\\\\\\",\\\\\\\"resourceName\\\\\\\":\\\\\\\"wew2\\\\\\\",\\\\\\\"resourceRowsCount\\\\\\\":3,\\\\\\\"resourceColumnCount\\\\\\\":9,\\\\\\\"resourceContainsY\\\\\\\":0,\\\\\\\"auditStatus\\\\\\\":1,\\\\\\\"participationIdentity\\\\\\\":2,\\\\\\\"organName\\\\\\\":\\\\\\\"Primihub01\\\\\\\"}]\\\"}]\",\"endTime\":1658219878999,\"height\":50,\"modelId\":1,\"shape\":\"dag-node\",\"startTime\":1658219878997,\"timeConsuming\":0,\"width\":180},{\"componentCode\":\"model\",\"componentId\":2,\"componentName\":\"模型选择\",\"componentState\":3,\"coordinateY\":-70,\"dataJson\":\"[{\\\"key\\\":\\\"modelType\\\",\\\"val\\\":\\\"2\\\"}]\",\"endTime\":1658228710782,\"height\":50,\"modelId\":1,\"shape\":\"dag-node\",\"startTime\":1658219879001,\"timeConsuming\":8831,\"width\":180}]',0,'2022-07-19 08:37:58.000','2022-07-19 11:05:10.000');
/*!40000 ALTER TABLE `data_model_task` ENABLE KEYS */;
UNLOCK TABLES;

--
-- Table structure for table `data_mpc_task`
--

DROP TABLE IF EXISTS `data_mpc_task`;
/*!40101 SET @saved_cs_client     = @@character_set_client */;
/*!40101 SET character_set_client = utf8 */;
CREATE TABLE `data_mpc_task` (
  `task_id` bigint(20) NOT NULL AUTO_INCREMENT COMMENT '任务id',
  `task_id_name` varchar(255) DEFAULT NULL COMMENT '任务id对外展示',
  `script_id` bigint(20) DEFAULT NULL COMMENT '脚本id',
  `user_id` bigint(20) DEFAULT NULL COMMENT '用户id',
  `task_status` int(11) DEFAULT '0' COMMENT '任务状态 0未运行 1成功 2运行中 3失败',
  `task_desc` varchar(255) DEFAULT NULL COMMENT '任务备注',
  `log_data` blob COMMENT '日志信息',
  `result_file_path` varchar(255) DEFAULT NULL COMMENT '结果文件地址',
  `is_del` tinyint(4) DEFAULT '0' COMMENT '是否删除',
  `create_date` datetime(3) NOT NULL DEFAULT CURRENT_TIMESTAMP(3) COMMENT '创建时间',
  `update_date` datetime(3) NOT NULL DEFAULT CURRENT_TIMESTAMP(3) ON UPDATE CURRENT_TIMESTAMP(3) COMMENT '修改时间',
  PRIMARY KEY (`task_id`) USING BTREE
) ENGINE=InnoDB DEFAULT CHARSET=utf8 ROW_FORMAT=DYNAMIC;
/*!40101 SET character_set_client = @saved_cs_client */;

--
-- Dumping data for table `data_mpc_task`
--

LOCK TABLES `data_mpc_task` WRITE;
/*!40000 ALTER TABLE `data_mpc_task` DISABLE KEYS */;
/*!40000 ALTER TABLE `data_mpc_task` ENABLE KEYS */;
UNLOCK TABLES;

--
-- Table structure for table `data_mr`
--

DROP TABLE IF EXISTS `data_mr`;
/*!40101 SET @saved_cs_client     = @@character_set_client */;
/*!40101 SET character_set_client = utf8 */;
CREATE TABLE `data_mr` (
  `id` bigint(20) NOT NULL AUTO_INCREMENT COMMENT '资源id',
  `model_id` bigint(20) DEFAULT NULL COMMENT '模型id',
  `resource_id` varchar(255) NOT NULL COMMENT '资源id',
  `task_id` bigint(20) DEFAULT NULL COMMENT '任务ID',
  `alignment_num` int(8) DEFAULT NULL COMMENT '对齐后记录数量',
  `primitive_param_num` int(8) DEFAULT NULL COMMENT '原始变量数量',
  `modelParam_num` int(8) DEFAULT NULL COMMENT '入模变量数量',
  `is_del` tinyint(4) DEFAULT '0' COMMENT '是否删除',
  `create_date` datetime(3) NOT NULL DEFAULT CURRENT_TIMESTAMP(3) COMMENT '创建时间',
  `update_date` datetime(3) NOT NULL DEFAULT CURRENT_TIMESTAMP(3) ON UPDATE CURRENT_TIMESTAMP(3) COMMENT '修改时间',
  PRIMARY KEY (`id`) USING BTREE
) ENGINE=InnoDB AUTO_INCREMENT=5 DEFAULT CHARSET=utf8 ROW_FORMAT=DYNAMIC COMMENT='模型资源表';
/*!40101 SET character_set_client = @saved_cs_client */;

--
-- Dumping data for table `data_mr`
--

LOCK TABLES `data_mr` WRITE;
/*!40000 ALTER TABLE `data_mr` DISABLE KEYS */;
INSERT INTO `data_mr` VALUES (1,1,'704a92e392fd-a61258f0-0ce2-4ff1-93a8-5008f933ee23',1,2525,66,88,0,'2022-07-19 08:02:01.000','2022-07-19 08:02:01.000'),(2,1,'ea5fd5f5f9f0-012515c9-20ea-4377-bff7-9030b9d97dca',1,7832,52,80,0,'2022-07-19 08:02:01.000','2022-07-19 08:02:01.000'),(3,1,'704a92e392fd-a61258f0-0ce2-4ff1-93a8-5008f933ee23',2,660,57,10,0,'2022-07-19 08:37:59.000','2022-07-19 08:37:59.000'),(4,1,'ea5fd5f5f9f0-012515c9-20ea-4377-bff7-9030b9d97dca',2,4252,50,44,0,'2022-07-19 08:37:59.000','2022-07-19 08:37:59.000');
/*!40000 ALTER TABLE `data_mr` ENABLE KEYS */;
UNLOCK TABLES;

--
-- Table structure for table `data_pr`
--

DROP TABLE IF EXISTS `data_pr`;
/*!40101 SET @saved_cs_client     = @@character_set_client */;
/*!40101 SET character_set_client = utf8 */;
CREATE TABLE `data_pr` (
  `id` bigint(20) NOT NULL AUTO_INCREMENT COMMENT 'id',
  `project_id` bigint(20) DEFAULT NULL COMMENT '项目id',
  `resource_id` bigint(20) DEFAULT NULL COMMENT '资源id',
  `is_authed` int(2) DEFAULT NULL COMMENT '是否授权',
  `is_del` tinyint(4) DEFAULT '0' COMMENT '是否删除',
  `create_date` datetime(3) NOT NULL DEFAULT CURRENT_TIMESTAMP(3) COMMENT '创建时间',
  `update_date` datetime(3) NOT NULL DEFAULT CURRENT_TIMESTAMP(3) ON UPDATE CURRENT_TIMESTAMP(3) COMMENT '修改时间',
  PRIMARY KEY (`id`) USING BTREE
) ENGINE=InnoDB DEFAULT CHARSET=utf8 ROW_FORMAT=DYNAMIC COMMENT='项目资源关系表';
/*!40101 SET character_set_client = @saved_cs_client */;

--
-- Dumping data for table `data_pr`
--

LOCK TABLES `data_pr` WRITE;
/*!40000 ALTER TABLE `data_pr` DISABLE KEYS */;
/*!40000 ALTER TABLE `data_pr` ENABLE KEYS */;
UNLOCK TABLES;

--
-- Table structure for table `data_project`
--

DROP TABLE IF EXISTS `data_project`;
/*!40101 SET @saved_cs_client     = @@character_set_client */;
/*!40101 SET character_set_client = utf8 */;
CREATE TABLE `data_project` (
  `id` bigint(20) NOT NULL AUTO_INCREMENT COMMENT '自增ID',
  `project_id` varchar(141) NOT NULL COMMENT '项目ID 机构后12位+UUID',
  `project_name` varchar(255) NOT NULL COMMENT '项目名称',
  `project_desc` varchar(255) NOT NULL COMMENT '项目描述',
  `created_organ_id` varchar(64) DEFAULT NULL COMMENT '机构id',
  `created_organ_name` varchar(255) DEFAULT NULL COMMENT '机构名称',
  `created_username` varchar(255) DEFAULT NULL COMMENT '创建者名称',
  `resource_num` int(11) DEFAULT '0' COMMENT '资源数',
  `provider_organ_names` varchar(255) DEFAULT NULL COMMENT '协作方机构名称 保存三个',
  `server_address` varchar(255) DEFAULT NULL COMMENT '中心节点地址',
  `status` tinyint(4) DEFAULT '0' COMMENT '项目状态 0审核中 1可用 2关闭',
  `is_del` tinyint(4) DEFAULT '0' COMMENT '是否删除',
  `create_date` datetime(3) NOT NULL DEFAULT CURRENT_TIMESTAMP(3) COMMENT '创建时间',
  `update_date` datetime(3) NOT NULL DEFAULT CURRENT_TIMESTAMP(3) ON UPDATE CURRENT_TIMESTAMP(3) COMMENT '修改时间',
  PRIMARY KEY (`id`) USING BTREE,
  UNIQUE KEY `project_id_ix` (`project_id`) USING BTREE,
  KEY `created_organ_id_ix` (`created_organ_id`) USING BTREE
) ENGINE=InnoDB AUTO_INCREMENT=94 DEFAULT CHARSET=utf8 ROW_FORMAT=DYNAMIC COMMENT='项目表';
/*!40101 SET character_set_client = @saved_cs_client */;

--
-- Dumping data for table `data_project`
--

LOCK TABLES `data_project` WRITE;
/*!40000 ALTER TABLE `data_project` DISABLE KEYS */;
INSERT INTO `data_project` VALUES (1,'704a92e392fd-04cfe692-c0a6-4b25-8763-e49e7eb12c06','银行项目','银行项目描述','3abfcb2a-8335-4bcc-b6f9-704a92e392fd','北京隐数科技有限公司','admin',4,'北京原语科技','http://fusion.primihub-demo.svc.cluster.local:8080/',0,0,'2022-06-29 07:03:43.000','2022-06-29 07:03:43.000'),(2,'ea5fd5f5f9f0-b8989850-34e0-4326-be6f-3aab146b94b7','555','555','7aeeb3aa-75cc-4e40-8692-ea5fd5f5f9f0','北京原语科技','admin',2,'北京隐数科技有限公司','http://fusion.primihub-demo.svc.cluster.local:8080/',1,0,'2022-06-29 07:08:19.000','2022-06-29 07:31:52.000'),(3,'704a92e392fd-d4b72161-6591-4992-a965-1dcfa2680eb4','新建的项目','111','3abfcb2a-8335-4bcc-b6f9-704a92e392fd','北京隐数科技有限公司','admin',4,'北京原语科技','http://fusion.primihub-demo.svc.cluster.local:8080/',0,0,'2022-06-29 07:25:56.000','2022-06-29 07:25:56.000'),(4,'704a92e392fd-4ccf43c2-f8b5-4a9a-ac9f-273e231d82bf','888','8888','3abfcb2a-8335-4bcc-b6f9-704a92e392fd','北京隐数科技有限公司','admin',2,'北京原语科技','http://fusion.primihub-demo.svc.cluster.local:8080/',0,0,'2022-06-29 07:32:39.000','2022-06-29 07:32:39.000'),(5,'ea5fd5f5f9f0-cb13dca6-f591-4f2a-a57d-c8768e636cc8','test11','11','7aeeb3aa-75cc-4e40-8692-ea5fd5f5f9f0','北京原语科技','admin',5,'北京隐数科技有限公司','http://fusion.primihub-demo.svc.cluster.local:8080/',0,0,'2022-06-29 07:33:18.000','2022-06-29 08:09:33.000'),(6,'704a92e392fd-f56a77b3-755c-4e4d-af56-dacd77b83d67','demo2发起项目','demo2','3abfcb2a-8335-4bcc-b6f9-704a92e392fd','北京隐数科技有限公司','admin',3,'北京原语科技','http://fusion.primihub-demo.svc.cluster.local:8080/',0,0,'2022-06-29 08:14:17.000','2022-06-29 08:14:17.000'),(7,'ea5fd5f5f9f0-ec4e9a5a-57a6-43a1-b3a7-0fbc0f0fe0e3','demo111','111','7aeeb3aa-75cc-4e40-8692-ea5fd5f5f9f0','北京原语科技','admin',8,'北京隐数科技有限公司','http://fusion.primihub-demo.svc.cluster.local:8080/',1,0,'2022-06-29 08:16:38.000','2022-06-29 08:16:59.000'),(8,'704a92e392fd-f9e704c5-6960-4395-bb17-53f201f4a237','demo222','demo222','3abfcb2a-8335-4bcc-b6f9-704a92e392fd','北京隐数科技有限公司','admin',2,'北京原语科技','http://fusion.primihub-demo.svc.cluster.local:8080/',0,0,'2022-06-29 08:19:03.000','2022-06-29 08:29:20.000'),(9,'704a92e392fd-ae4a05d7-22ec-4c15-8aab-ed84c0810cd0','xgb测试','xgb测试','3abfcb2a-8335-4bcc-b6f9-704a92e392fd','北京隐数科技有限公司','admin',2,'北京原语科技','http://fusion.primihub-demo.svc.cluster.local:8080/',0,0,'2022-06-29 08:21:03.000','2022-06-29 08:21:03.000'),(10,'ea5fd5f5f9f0-15e9b7dd-40df-46b4-9253-1f2e8857a6e5','测试2','测试2','7aeeb3aa-75cc-4e40-8692-ea5fd5f5f9f0','北京原语科技','admin',7,'北京隐数科技有限公司','http://fusion.primihub-demo.svc.cluster.local:8080/',0,0,'2022-06-29 08:45:18.000','2022-06-29 12:41:06.000'),(11,'ea5fd5f5f9f0-9b777669-b728-48f7-b694-b0b5cad5a710','444','444','7aeeb3aa-75cc-4e40-8692-ea5fd5f5f9f0','北京原语科技','admin',3,'北京隐数科技有限公司,机构三','http://fusion.primihub-demo.svc.cluster.local:8080/',0,0,'2022-06-29 09:33:54.000','2022-06-29 11:54:05.000'),(12,'ea5fd5f5f9f0-44e53d5a-6d1e-4191-9070-e24b831d4ba9','666','666','7aeeb3aa-75cc-4e40-8692-ea5fd5f5f9f0','北京原语科技','8888',2,'北京隐数科技有限公司','http://fusion.primihub-demo.svc.cluster.local:8080/',1,0,'2022-06-29 11:04:49.000','2022-06-29 11:05:43.000'),(13,'ea5fd5f5f9f0-d72d9682-8d6a-440a-b98e-8bae1192a40e','000','000','7aeeb3aa-75cc-4e40-8692-ea5fd5f5f9f0','北京原语科技','admin',11,'北京隐数科技有限公司,机构三','http://fusion.primihub-demo.svc.cluster.local:8080/',0,0,'2022-06-29 11:13:53.000','2022-06-29 11:51:27.000'),(14,'704a92e392fd-6ba69b33-bf0c-42bc-b89b-f49eae61b9b6','三个机构没水喝','哈哈哈哈哈','3abfcb2a-8335-4bcc-b6f9-704a92e392fd','北京隐数科技有限公司','admin',2,'北京原语科技,机构三','http://fusion.primihub-demo.svc.cluster.local:8080/',0,0,'2022-06-29 11:35:15.000','2022-06-29 11:41:34.000'),(15,'ea5fd5f5f9f0-075107ad-91c2-48fa-94ff-0a2b2709d06f','先一再一个','222211111','7aeeb3aa-75cc-4e40-8692-ea5fd5f5f9f0','北京原语科技','admin',1,'机构三,北京隐数科技有限公司','http://fusion.primihub-demo.svc.cluster.local:8080/',1,0,'2022-06-29 11:36:45.000','2022-06-29 11:53:02.000'),(16,'794e41ba0e63-bcab7a5c-321b-49af-ad11-ba1dae5ab45d','哈哈哈','哈哈哈','eb734dd0-773e-411b-ba29-794e41ba0e63','机构三','admin',0,'北京隐数科技有限公司,北京原语科技','http://fusion.primihub-demo.svc.cluster.local:8080/',1,0,'2022-06-29 12:12:10.000','2022-06-29 12:12:51.000'),(17,'794e41ba0e63-a83e0329-33bd-43f0-a4ee-6e3ce2f6511d','2家1','222','eb734dd0-773e-411b-ba29-794e41ba0e63','机构三','admin',0,'北京原语科技,北京隐数科技有限公司','http://fusion.primihub-demo.svc.cluster.local:8080/',1,0,'2022-06-29 12:15:03.000','2022-06-29 12:15:23.000'),(18,'704a92e392fd-28a03479-9559-43a6-a36b-83cf4f5b6188','5555','555','3abfcb2a-8335-4bcc-b6f9-704a92e392fd','北京隐数科技有限公司','admin',32,'北京原语科技,机构三','http://fusion.primihub-demo.svc.cluster.local:8080/',0,0,'2022-06-29 12:19:01.000','2022-06-29 14:01:46.000'),(19,'794e41ba0e63-5e098963-0f4f-4bea-b188-ec5c41ac5917','4444','44','eb734dd0-773e-411b-ba29-794e41ba0e63','机构三','admin',0,'北京原语科技,北京隐数科技有限公司','http://fusion.primihub-demo.svc.cluster.local:8080/',1,0,'2022-06-29 12:22:25.000','2022-06-29 12:22:40.000'),(20,'794e41ba0e63-76a38b8a-d84c-4121-a7dc-c11f2190b71d','三个急急急','三个','eb734dd0-773e-411b-ba29-794e41ba0e63','机构三','admin',0,'北京原语科技,北京隐数科技有限公司','http://fusion.primihub-demo.svc.cluster.local:8080/',1,0,'2022-06-29 12:24:18.000','2022-06-29 12:24:57.000'),(21,'ea5fd5f5f9f0-58a6d4f6-bd78-455d-80bd-03e75cd16547','快拒绝我','快拒绝我','7aeeb3aa-75cc-4e40-8692-ea5fd5f5f9f0','北京原语科技','admin',2,'北京隐数科技有限公司,机构三','http://fusion.primihub-demo.svc.cluster.local:8080/',1,0,'2022-06-29 12:37:44.000','2022-06-29 12:38:03.000'),(22,'794e41ba0e63-bfcf4274-5391-47cf-b4ff-b253ef9707b7','都要拒绝我','444','eb734dd0-773e-411b-ba29-794e41ba0e63','机构三','admin',0,'北京原语科技,北京隐数科技有限公司','http://fusion.primihub-demo.svc.cluster.local:8080/',1,0,'2022-06-29 12:39:05.000','2022-06-29 12:39:16.000'),(23,'ea5fd5f5f9f0-808bda81-6ae1-42dd-b69e-06ef9737234f','121','121','7aeeb3aa-75cc-4e40-8692-ea5fd5f5f9f0','北京原语科技','admin',3,'北京隐数科技有限公司','http://fusion.primihub-demo.svc.cluster.local:8080/',1,0,'2022-06-29 12:44:43.000','2022-06-29 12:45:10.000'),(24,'704a92e392fd-cbb14c64-c3c4-4c6a-ae35-946736fa0c77','这是一个最最最长的名字这是一个最最最长的','这是一个最最最长的名字这是一个最最最长的这是一个最最最长的名字这是一个最最最长的这是一个最最最长的名字这是一个最最最长的这是一个最最最长的名字这是一个最最最长的这是一个最最最长的名字这是一个最最最长的这是一个最最最长的名字这是一个最最最长的这是一个最最最长的名字这是一个最最最长的这是一个最最最长的名字这是一个最最最长的这是一个最最最长的名字这是一个最最最长的这是一个最最最长的名字这是一个最最最长的','3abfcb2a-8335-4bcc-b6f9-704a92e392fd','北京隐数科技有限公司','admin',2,'北京原语科技','http://fusion.primihub-demo.svc.cluster.local:8080/',0,0,'2022-06-29 12:49:24.000','2022-06-29 12:49:40.000'),(25,'704a92e392fd-16e6c469-c198-4ae2-a5b2-7f257ed61dc8','隐藏技能','隐藏技能','3abfcb2a-8335-4bcc-b6f9-704a92e392fd','北京隐数科技有限公司','admin',2,'北京原语科技','http://fusion.primihub-demo.svc.cluster.local:8080/',0,0,'2022-06-29 12:50:40.000','2022-06-29 12:50:58.000'),(26,'704a92e392fd-06cc8dfc-72bf-432d-90ee-921d3063c771','隐藏技能2','隐藏技能','3abfcb2a-8335-4bcc-b6f9-704a92e392fd','北京隐数科技有限公司','admin',10,'北京原语科技','http://fusion.primihub-demo.svc.cluster.local:8080/',0,0,'2022-06-29 12:52:09.000','2022-06-29 13:05:08.000'),(27,'ea5fd5f5f9f0-73fb86e3-9a76-4ff5-b509-73d75d7947c5','测试项目','测试项目','7aeeb3aa-75cc-4e40-8692-ea5fd5f5f9f0','北京原语科技','admin',14,'北京隐数科技有限公司,机构三','http://fusion.primihub-demo.svc.cluster.local:8080/',1,0,'2022-06-29 13:08:18.000','2022-06-29 13:08:43.000'),(28,'794e41ba0e63-f2755fd2-b18d-4edb-a721-2d662b0ae620','201','201','eb734dd0-773e-411b-ba29-794e41ba0e63','机构三','admin',0,'北京原语科技,北京隐数科技有限公司','http://fusion.primihub-demo.svc.cluster.local:8080/',1,0,'2022-06-29 14:09:39.000','2022-06-29 14:10:05.000'),(29,'794e41ba0e63-648565ed-3502-4810-954e-f6e277523d29','999','999','eb734dd0-773e-411b-ba29-794e41ba0e63','机构三','admin',0,'北京原语科技,北京隐数科技有限公司','http://fusion.primihub-demo.svc.cluster.local:8080/',1,0,'2022-06-29 14:10:42.000','2022-06-29 14:13:05.000'),(30,'704a92e392fd-80790211-b252-44b1-b43f-f71ea5a6581e','测试项目','测试项目','3abfcb2a-8335-4bcc-b6f9-704a92e392fd','北京隐数科技有限公司','admin',0,'北京原语科技','http://fusion.primihub-demo.svc.cluster.local:8080/',1,0,'2022-06-29 14:24:58.000','2022-06-29 14:24:58.000'),(31,'704a92e392fd-be48948b-7039-49ac-a3df-9f358477df31','测试项目','测试项目描述','3abfcb2a-8335-4bcc-b6f9-704a92e392fd','北京隐数科技有限公司','admin',1,'北京原语科技','http://fusion.primihub-demo.svc.cluster.local:8080/',1,0,'2022-06-29 14:25:35.000','2022-06-29 14:25:35.000'),(32,'ea5fd5f5f9f0-089d86bb-e6e4-4ab3-8ea7-6505ac012a69','建模项目1','建模项目1','7aeeb3aa-75cc-4e40-8692-ea5fd5f5f9f0','信联科技','admin',4,'用户2','http://fusion.primihub-demo.svc.cluster.local:8080/',1,0,'2022-06-30 01:22:17.000','2022-06-30 01:22:35.000'),(33,'ea5fd5f5f9f0-96146ce8-2c6c-47cf-89de-0e740f9b96a1','555','555','7aeeb3aa-75cc-4e40-8692-ea5fd5f5f9f0','信联科技','admin',1,'用户2','http://fusion.primihub-demo.svc.cluster.local:8080/',1,0,'2022-06-30 01:28:40.000','2022-06-30 01:29:04.000'),(34,'ea5fd5f5f9f0-4ff51604-101b-49fa-8a0e-b9a17473bfab','合作项目','合作项目','7aeeb3aa-75cc-4e40-8692-ea5fd5f5f9f0','信联科技','admin',4,'用户2','http://fusion.primihub-demo.svc.cluster.local:8080/',1,0,'2022-06-30 02:03:22.000','2022-06-30 02:03:36.000'),(35,'704a92e392fd-53de999a-73e6-4bc9-aed1-c8da8e27ee0e','合作项目2','合作项目2','3abfcb2a-8335-4bcc-b6f9-704a92e392fd','用户2','admin',2,'信联科技','http://fusion.primihub-demo.svc.cluster.local:8080/',1,0,'2022-06-30 02:05:44.000','2022-06-30 02:05:44.000'),(36,'704a92e392fd-7fb76834-87ea-4bbb-8ce8-94a620504e7f','合作项目3','合作项目3','3abfcb2a-8335-4bcc-b6f9-704a92e392fd','用户2','admin',1,'信联科技','http://fusion.primihub-demo.svc.cluster.local:8080/',1,0,'2022-06-30 02:09:21.000','2022-06-30 02:09:21.000'),(37,'704a92e392fd-fec6b3c9-1a70-4956-9fb9-352f6b2f91f3','合作项目3','合作项目3','3abfcb2a-8335-4bcc-b6f9-704a92e392fd','用户2','admin',1,'信联科技','http://fusion.primihub-demo.svc.cluster.local:8080/',1,0,'2022-06-30 02:09:22.000','2022-06-30 02:09:22.000'),(38,'ea5fd5f5f9f0-12227652-f697-4259-b106-a0f018096295','合作项目4','合作项目4','7aeeb3aa-75cc-4e40-8692-ea5fd5f5f9f0','信联科技','admin',10,'用户2','http://fusion.primihub-demo.svc.cluster.local:8080/',1,0,'2022-06-30 02:10:09.000','2022-06-30 02:10:23.000'),(39,'ea5fd5f5f9f0-a625cbdf-64cc-49d5-be4e-fbcba5b4c361','合作项目5','合作项目5','7aeeb3aa-75cc-4e40-8692-ea5fd5f5f9f0','信联科技','admin',3,'用户2','http://fusion.primihub-demo.svc.cluster.local:8080/',1,0,'2022-06-30 02:11:17.000','2022-06-30 12:48:23.000'),(40,'ea5fd5f5f9f0-49636e11-c4c1-4e48-a876-932756d2e406','测试项目3','测试项目3','7aeeb3aa-75cc-4e40-8692-ea5fd5f5f9f0','信联科技','admin',8,'用户2','http://fusion.primihub-demo.svc.cluster.local:8080/',1,0,'2022-06-30 02:13:24.000','2022-06-30 02:13:51.000'),(41,'704a92e392fd-374621d3-3466-446c-9ed4-469bef38ec56','测试项目','1','3abfcb2a-8335-4bcc-b6f9-704a92e392fd','用户2','admin',4,'信联科技','http://fusion.primihub-demo.svc.cluster.local:8080/',1,0,'2022-06-30 05:32:16.000','2022-06-30 05:32:16.000'),(42,'794e41ba0e63-e54e0406-a2da-41c3-9290-abf5b7078693','邀请一个在一个','邀请一个在一个','eb734dd0-773e-411b-ba29-794e41ba0e63','机构三','admin',4,'信联科技,用户2','http://fusion.primihub-demo.svc.cluster.local:8080/',1,0,'2022-06-30 06:26:37.000','2022-06-30 06:29:16.000'),(43,'704a92e392fd-28b4ad3e-7671-442a-bb90-0f439e50832c','审核我','审判我哈哈哈哈','3abfcb2a-8335-4bcc-b6f9-704a92e392fd','用户2','admin',5,'信联科技,机构三','http://fusion.primihub-demo.svc.cluster.local:8080/',1,0,'2022-06-30 07:17:03.000','2022-06-30 07:25:32.000'),(44,'704a92e392fd-c955bd25-3c62-4cb7-a32f-f947a2a73851','测试项目','测试项目描述','3abfcb2a-8335-4bcc-b6f9-704a92e392fd','用户2','admin',8,'信联科技,机构三','http://fusion.primihub-demo.svc.cluster.local:8080/',1,0,'2022-06-30 07:37:05.000','2022-06-30 08:05:08.000'),(45,'704a92e392fd-543ddca1-c72b-47c8-8bf2-c81ededb2165','hhh','eee','3abfcb2a-8335-4bcc-b6f9-704a92e392fd','用户2','admin',2,'信联科技,机构三','http://fusion.primihub-demo.svc.cluster.local:8080/',1,0,'2022-06-30 12:42:50.000','2022-06-30 13:02:02.000'),(46,'704a92e392fd-9def63d9-c3f0-4a17-9795-62690f7c62b6','000','8888','3abfcb2a-8335-4bcc-b6f9-704a92e392fd','用户2','admin',4,'信联科技','http://fusion.primihub-demo.svc.cluster.local:8080/',1,0,'2022-06-30 12:43:40.000','2022-07-01 11:19:11.000'),(47,'704a92e392fd-ad1d7f73-3928-4a84-a8d9-6c3d01af411b','test111','1111','3abfcb2a-8335-4bcc-b6f9-704a92e392fd','原语科技Primihub02','admin',9,'原语科技Primihub01,原语科技Primihub03','http://fusion.primihub-demo.svc.cluster.local:8080/',1,0,'2022-07-01 11:43:25.000','2022-07-01 11:50:54.000'),(48,'ea5fd5f5f9f0-fec1b17a-d236-4214-b84b-cc75b904b9b8','666','666','7aeeb3aa-75cc-4e40-8692-ea5fd5f5f9f0','原语科技Primihub01','admin',13,'原语科技Primihub02,原语科技Primihub03','http://fusion.primihub-demo.svc.cluster.local:8080/',1,0,'2022-07-01 12:05:09.000','2022-07-01 12:25:29.000'),(49,'704a92e392fd-fb30fe7e-d549-4a37-9729-b9dbf6bf94cf','888','777','3abfcb2a-8335-4bcc-b6f9-704a92e392fd','原语科技Primihub02','leiyannan',1,'原语科技Primihub01','http://fusion.primihub-demo.svc.cluster.local:8080/',1,0,'2022-07-01 12:31:57.000','2022-07-01 12:31:57.000'),(50,'ea5fd5f5f9f0-d77b34a3-01df-4c69-8b23-8fd554699d58','测试1111','测试111','7aeeb3aa-75cc-4e40-8692-ea5fd5f5f9f0','原语科技Primihub01','admin',2,'原语科技Primihub02','http://fusion.primihub-demo.svc.cluster.local:8080/',1,0,'2022-07-01 12:33:55.000','2022-07-01 12:33:55.000'),(51,'704a92e392fd-6ed99f5e-591a-4a62-8b87-3b5777334f6d','和我一起玩吧','和我一起玩吧','3abfcb2a-8335-4bcc-b6f9-704a92e392fd','原语科技Primihub02','admin',3,'原语科技Primihub01,原语科技Primihub03','http://fusion.primihub-demo.svc.cluster.local:8080/',1,0,'2022-07-01 13:57:18.000','2022-07-01 13:58:29.000'),(52,'794e41ba0e63-096071e6-4ad1-432a-a97c-613c1d0b80d0','7777','777','eb734dd0-773e-411b-ba29-794e41ba0e63','原语科技Primihub03','admin',1,'原语科技Primihub02,原语科技Primihub01','http://fusion.primihub-demo.svc.cluster.local:8080/',1,0,'2022-07-01 13:59:11.000','2022-07-01 14:04:08.000'),(53,'704a92e392fd-4d9c1d71-fb08-46e6-912c-fc1ebd864489','666','666','3abfcb2a-8335-4bcc-b6f9-704a92e392fd','原语科技Primihub02','admin',1,'原语科技Primihub01,原语科技Primihub03','http://fusion.primihub-demo.svc.cluster.local:8080/',1,0,'2022-07-01 13:59:39.000','2022-07-01 13:59:39.000'),(54,'704a92e392fd-ccf7d35c-f343-4a5e-9b10-4842047c73ae','我是新建的','11','3abfcb2a-8335-4bcc-b6f9-704a92e392fd','原语科技Primihub03','admin',9,'原语科技Primihub03,Primihub01','http://fusion.primihub-demo.svc.cluster.local:8080/',1,0,'2022-07-04 03:15:38.000','2022-07-04 05:47:51.000'),(55,'704a92e392fd-f13bdf46-dada-4651-9bbb-65f9fbb3f979','new project ','new project ','3abfcb2a-8335-4bcc-b6f9-704a92e392fd','原语科技Primihub03','admin',19,'原语科技Primihub01,原语科技Primihub03','http://fusion.primihub-demo.svc.cluster.local:8080/',1,0,'2022-07-04 03:23:46.000','2022-07-04 05:45:50.000'),(56,'ea5fd5f5f9f0-e51c98a1-9f1c-404d-a34a-a57b8c0713f4','test111','1111','7aeeb3aa-75cc-4e40-8692-ea5fd5f5f9f0','Primihub01','admin',0,'原语科技Primihub03,Primihub02','http://fusion.primihub-demo.svc.cluster.local:8080/',1,0,'2022-07-04 06:34:04.000','2022-07-04 06:43:02.000'),(57,'ea5fd5f5f9f0-74948866-ce37-41ac-bf61-ecc55d8eb6e3','test项目','test项目描述','7aeeb3aa-75cc-4e40-8692-ea5fd5f5f9f0','Primihub01','admin',3,'Primihub02,Primihub03','http://fusion.primihub-demo.svc.cluster.local:8080/',1,0,'2022-07-04 06:51:09.000','2022-07-04 08:13:23.000'),(58,'ea5fd5f5f9f0-26e823c6-320c-454b-ae13-2f3d201c3990','111','111','7aeeb3aa-75cc-4e40-8692-ea5fd5f5f9f0','Primihub01','admin',5,'Primihub02,Primihub03','http://fusion.primihub-demo.svc.cluster.local:8080/',1,0,'2022-07-04 08:28:00.000','2022-07-04 08:58:31.000'),(59,'ea5fd5f5f9f0-3dacc58c-ce29-46ab-8cd7-8af4d7b992d9','test1','111','7aeeb3aa-75cc-4e40-8692-ea5fd5f5f9f0','Primihub01','admin',10,'Primihub02,Primihub03','http://fusion.primihub-demo.svc.cluster.local:8080/',1,0,'2022-07-04 08:39:30.000','2022-07-04 08:58:07.000'),(60,'ea5fd5f5f9f0-01359f16-87e1-4d07-a271-9566ef037116','test111','111','7aeeb3aa-75cc-4e40-8692-ea5fd5f5f9f0','Primihub01','admin',7,'Primihub02,Primihub03','http://fusion.primihub-demo.svc.cluster.local:8080/',1,0,'2022-07-04 09:54:07.000','2022-07-04 10:03:39.000'),(61,'ea5fd5f5f9f0-34e375ea-7bc1-42c3-a523-ab8f93f504c9','test111','111','7aeeb3aa-75cc-4e40-8692-ea5fd5f5f9f0','Primihub01','admin',4,'Primihub02,Primihub03','http://fusion.primihub-demo.svc.cluster.local:8080/',1,0,'2022-07-04 10:29:39.000','2022-07-04 10:29:40.000'),(62,'ea5fd5f5f9f0-e8d7779d-5099-4582-b707-a429e10a4786','test11111','111111','7aeeb3aa-75cc-4e40-8692-ea5fd5f5f9f0','Primihub01','admin',16,'Primihub02,Primihub03,Primihub01','http://fusion.primihub-demo.svc.cluster.local:8080/',1,0,'2022-07-04 11:08:21.000','2022-07-04 11:13:32.000'),(63,'ea5fd5f5f9f0-b51d2477-ca2c-4c17-b721-7d2cc7272705','特殊1','11','7aeeb3aa-75cc-4e40-8692-ea5fd5f5f9f0','Primihub01','admin',10,'Primihub03,Primihub02','http://fusion.primihub-demo.svc.cluster.local:8080/',1,0,'2022-07-05 02:15:11.000','2022-07-05 02:15:38.000'),(64,'ea5fd5f5f9f0-422c5bbc-4b06-49ae-b5ae-f474902f05bc','123','1111','7aeeb3aa-75cc-4e40-8692-ea5fd5f5f9f0','Primihub01','admin',7,'Primihub02,Primihub03','http://fusion.primihub-demo.svc.cluster.local:8080/',1,0,'2022-07-05 02:16:08.000','2022-07-05 02:17:58.000'),(65,'ea5fd5f5f9f0-ff20f24e-18fc-4410-9e0f-fab767ef777d','666','6666','7aeeb3aa-75cc-4e40-8692-ea5fd5f5f9f0','Primihub01','admin',13,'Primihub02','http://fusion.primihub-demo.svc.cluster.local:8080/',1,0,'2022-07-05 09:58:48.000','2022-07-08 11:15:09.000'),(66,'704a92e392fd-e26669f3-efe5-4619-bca6-5cf75f6eba4e','5555','55','3abfcb2a-8335-4bcc-b6f9-704a92e392fd','Primihub02','admin',15,'Primihub01,Primihub03','http://fusion.primihub-demo.svc.cluster.local:8080/',1,0,'2022-07-05 10:45:02.000','2022-07-06 02:24:49.000'),(67,'704a92e392fd-b9565e21-a156-48b3-b9bb-6ee036bce019','213123','123123123','3abfcb2a-8335-4bcc-b6f9-704a92e392fd','Primihub02','admin',2,'Primihub01','http://fusion.primihub-demo.svc.cluster.local:8080/',1,0,'2022-07-07 10:05:33.000','2022-07-08 14:25:16.000'),(68,'ea5fd5f5f9f0-0fec2196-c65e-48d3-bb4a-595ac859186b','1111','1111','7aeeb3aa-75cc-4e40-8692-ea5fd5f5f9f0','Primihub01','admin',1,'Primihub02','http://fusion.primihub-demo.svc.cluster.local:8080/',1,0,'2022-07-08 14:16:28.000','2022-07-08 14:18:25.000'),(69,'704a92e392fd-6eb348bf-5229-43c1-b57a-0048365b9dff','555','555','3abfcb2a-8335-4bcc-b6f9-704a92e392fd','Primihub02','admin',2,'Primihub01,Primihub03','http://fusion.primihub-demo.svc.cluster.local:8080/',1,0,'2022-07-08 17:03:07.000','2022-07-08 17:03:07.000'),(70,'ea5fd5f5f9f0-d58d9cc6-7891-4107-8477-ed25817ac2e9','xgb测试项目1','xgb测试项目1','7aeeb3aa-75cc-4e40-8692-ea5fd5f5f9f0','Primihub01','admin',3,'Primihub02','http://fusion.primihub-demo.svc.cluster.local:8080/',1,0,'2022-07-09 06:13:04.000','2022-07-09 16:09:36.000'),(71,'ea5fd5f5f9f0-ab22a4ee-7a6c-47e0-81ea-5fafe7ddf215','psi-mingotest','psi-mingotest','7aeeb3aa-75cc-4e40-8692-ea5fd5f5f9f0','Primihub01','舒明',3,'Primihub02','http://fusion.primihub-demo.svc.cluster.local:8080/',1,0,'2022-07-09 08:07:29.000','2022-07-11 08:22:52.000'),(72,'704a92e392fd-083e9e3b-4d03-4ff0-860b-fa786e345680','psi-m2','psi-m2','3abfcb2a-8335-4bcc-b6f9-704a92e392fd','Primihub02','舒明',1,'Primihub01','http://fusion.primihub-demo.svc.cluster.local:8080/',1,0,'2022-07-09 08:11:13.000','2022-07-09 08:11:13.000'),(73,'704a92e392fd-7dde01ea-5ee7-41f4-8728-93f8e86c2416','test','test','3abfcb2a-8335-4bcc-b6f9-704a92e392fd','Primihub02','麦泽庆',2,'Primihub01','http://fusion.primihub-demo.svc.cluster.local:8080/',1,0,'2022-07-09 12:43:09.000','2022-07-09 16:17:19.000'),(74,'704a92e392fd-18113e36-4874-449c-a521-870a81ad33a7','AAA','AAA','3abfcb2a-8335-4bcc-b6f9-704a92e392fd','Primihub02','舒明',4,'Primihub01','http://fusion.primihub-demo.svc.cluster.local:8080/',1,0,'2022-07-10 14:10:02.000','2022-07-10 14:10:02.000'),(75,'704a92e392fd-d4903bb7-d131-4967-8663-a15fab8f8caa','111','111','3abfcb2a-8335-4bcc-b6f9-704a92e392fd','Primihub02','admin',0,'Primihub01','http://fusion.primihub-demo.svc.cluster.local:8080/',1,0,'2022-07-11 07:45:49.000','2022-07-11 07:45:49.000'),(76,'794e41ba0e63-c0cea96b-108b-471e-b5cd-5ff3b784a916','测试样例','为了看看怎么添加项目，特进行测试','eb734dd0-773e-411b-ba29-794e41ba0e63','Primihub03','崔昌',4,'Primihub01,Primihub02','http://fusion.primihub-demo.svc.cluster.local:8080/',1,0,'2022-07-11 12:02:17.000','2022-07-11 12:05:36.000'),(77,'794e41ba0e63-97ef0324-a273-49cf-b7a8-b0788d556cd1','demo_yfan','demo_yfan','eb734dd0-773e-411b-ba29-794e41ba0e63','Primihub03','yfan',4,'Primihub01,Primihub02','http://fusion.primihub-demo.svc.cluster.local:8080/',1,0,'2022-07-11 12:07:01.000','2022-07-11 12:09:47.000'),(78,'ea5fd5f5f9f0-cd657924-2e44-4321-a8e4-968ef33050cc','yk_test','由楷的测试项目','7aeeb3aa-75cc-4e40-8692-ea5fd5f5f9f0','Primihub01','由楷',3,'Primihub02,Primihub03','http://fusion.primihub-demo.svc.cluster.local:8080/',1,0,'2022-07-12 02:43:22.000','2022-07-12 03:01:47.000'),(79,'ea5fd5f5f9f0-1c59bbf5-62f0-4ce2-b01d-44b432440ee4','test1','test1','7aeeb3aa-75cc-4e40-8692-ea5fd5f5f9f0','Primihub01','zx',2,'Primihub02,Primihub03','http://fusion.primihub-demo.svc.cluster.local:8080/',1,0,'2022-07-12 03:34:57.000','2022-07-12 07:39:26.000'),(80,'ea5fd5f5f9f0-0e0277d9-2d84-4b67-bec1-145ffa807cd7','测试1','测试1','7aeeb3aa-75cc-4e40-8692-ea5fd5f5f9f0','Primihub01','admin',2,'Primihub02,Primihub03','http://fusion.primihub-demo.svc.cluster.local:8080/',1,0,'2022-07-12 07:40:49.000','2022-07-12 08:15:17.000'),(81,'704a92e392fd-b6c716eb-555e-4c2c-828b-2bccb17dd230','测试模型','测试联邦算法','3abfcb2a-8335-4bcc-b6f9-704a92e392fd','Primihub02','麦泽庆',1,'Primihub01','http://fusion.primihub-demo.svc.cluster.local:8080/',1,0,'2022-07-12 09:01:25.000','2022-07-12 09:01:25.000'),(82,'ea5fd5f5f9f0-acdb0c7d-5ce5-4559-9168-6e45bf10e665','测试用例','测试','7aeeb3aa-75cc-4e40-8692-ea5fd5f5f9f0','Primihub01','Bob',2,'Primihub02,Primihub03','http://fusion.primihub-demo.svc.cluster.local:8080/',1,0,'2022-07-12 10:55:18.000','2022-07-15 10:02:12.000'),(83,'704a92e392fd-23c978b5-e99d-4273-9f78-cbf02ff3d7d2','区块链','区块链','3abfcb2a-8335-4bcc-b6f9-704a92e392fd','Primihub02','ljrhw',0,'Primihub01','http://fusion.primihub-demo.svc.cluster.local:8080/',1,0,'2022-07-13 02:02:48.000','2022-07-13 02:02:48.000'),(84,'ea5fd5f5f9f0-a6b28dd7-d9df-4df2-ad7f-1b6e41cc13e9','1111','1','7aeeb3aa-75cc-4e40-8692-ea5fd5f5f9f0','Primihub01','ljrhw',1,'Primihub02','http://fusion.primihub-demo.svc.cluster.local:8080/',1,0,'2022-07-13 02:38:15.000','2022-07-13 03:46:35.000'),(85,'ea5fd5f5f9f0-b40d1512-a33d-4bb1-a0c8-6307729ec277','111','111111','7aeeb3aa-75cc-4e40-8692-ea5fd5f5f9f0','Primihub01','ljrhw',1,'Primihub02','http://fusion.primihub-demo.svc.cluster.local:8080/',0,0,'2022-07-14 10:48:45.000','2022-07-14 10:48:45.000'),(86,'ea5fd5f5f9f0-b03a29c2-3d09-4dcf-9c61-6f08021ef412','测试测','测试','7aeeb3aa-75cc-4e40-8692-ea5fd5f5f9f0','Primihub01','ljrhw',2,'Primihub02,Primihub03','http://fusion.primihub-demo.svc.cluster.local:8080/',1,0,'2022-07-15 06:41:50.000','2022-07-15 06:42:28.000'),(87,'ea5fd5f5f9f0-0882e86f-02cf-487c-b451-859518d6ff1f','test项目','test','7aeeb3aa-75cc-4e40-8692-ea5fd5f5f9f0','Primihub01','leiyannan',0,'Primihub02,Primihub03','http://fusion.primihub-demo.svc.cluster.local:8080/',1,0,'2022-07-15 06:56:00.000','2022-07-15 06:56:05.000'),(88,'ea5fd5f5f9f0-b83dd0f5-c96a-45cf-b4df-411ff8edbb92','123','123','7aeeb3aa-75cc-4e40-8692-ea5fd5f5f9f0','Primihub01','ljrhw',1,'Primihub02','http://fusion.primihub-demo.svc.cluster.local:8080/',0,0,'2022-07-15 07:25:15.000','2022-07-15 07:25:15.000'),(89,'ea5fd5f5f9f0-1d382244-f5e5-49e3-9c3f-bd780f22d5f4','testgxz','testgxz','7aeeb3aa-75cc-4e40-8692-ea5fd5f5f9f0','Primihub01','ljrhw',2,'Primihub02','http://fusion.primihub-demo.svc.cluster.local:8080/',0,0,'2022-07-15 08:07:08.000','2022-07-15 08:07:08.000'),(90,'ea5fd5f5f9f0-ec4bd2cb-e13c-4893-b9eb-a0fe7583ea9b','123','11','7aeeb3aa-75cc-4e40-8692-ea5fd5f5f9f0','Primihub01','ljrhw',0,'Primihub02','http://fusion.primihub-demo.svc.cluster.local:8080/',1,0,'2022-07-15 08:37:31.000','2022-07-17 04:31:23.000'),(91,'704a92e392fd-e0e41cbc-9cfa-498d-9c73-f4abfe17f430','ghjdfghgfh','dhghhd','3abfcb2a-8335-4bcc-b6f9-704a92e392fd','Primihub02','ljrhw',0,'Primihub01','http://fusion.primihub-demo.svc.cluster.local:8080/',1,0,'2022-07-18 06:39:01.000','2022-07-18 06:39:01.000'),(92,'ea5fd5f5f9f0-61825652-983f-40ec-a379-43f8b8cb7424','模型测试','模型测试','7aeeb3aa-75cc-4e40-8692-ea5fd5f5f9f0','Primihub01','leiyannan',6,'Primihub02,Primihub03','http://fusion.primihub-demo.svc.cluster.local:8080/',1,0,'2022-07-19 08:24:35.000','2022-07-19 08:28:26.000'),(93,'794e41ba0e63-a5471022-7cf5-4af8-857c-c3e8bbb215a6','3-2','3-2','eb734dd0-773e-411b-ba29-794e41ba0e63','Primihub03','leiyannan',2,'Primihub02','http://fusion.primihub-demo.svc.cluster.local:8080/',1,0,'2022-07-19 08:52:35.000','2022-07-19 08:52:44.000');
/*!40000 ALTER TABLE `data_project` ENABLE KEYS */;
UNLOCK TABLES;

--
-- Table structure for table `data_project_organ`
--

DROP TABLE IF EXISTS `data_project_organ`;
/*!40101 SET @saved_cs_client     = @@character_set_client */;
/*!40101 SET character_set_client = utf8 */;
CREATE TABLE `data_project_organ` (
  `id` bigint(20) NOT NULL AUTO_INCREMENT COMMENT 'id',
  `po_id` varchar(64) DEFAULT NULL COMMENT '项目机构关联ID UUID',
  `project_id` varchar(64) DEFAULT NULL COMMENT '项目ID',
  `organ_id` varchar(64) DEFAULT NULL COMMENT '机构ID',
  `initiate_organ_id` varchar(255) DEFAULT NULL COMMENT '发起方机构ID',
  `participation_identity` tinyint(4) DEFAULT NULL COMMENT '机构项目中参与身份 1发起者 2协作者',
  `audit_status` tinyint(4) DEFAULT NULL COMMENT '审核状态 0审核中 1同意 2拒绝',
  `audit_opinion` varchar(255) DEFAULT NULL COMMENT '审核意见',
  `secretkey_id` varchar(64) DEFAULT NULL COMMENT '秘钥ID',
  `server_address` varchar(255) DEFAULT NULL COMMENT '中心节点地址',
  `is_del` tinyint(4) DEFAULT '0' COMMENT '是否删除',
  `create_date` datetime(3) NOT NULL DEFAULT CURRENT_TIMESTAMP(3) COMMENT '创建时间',
  `update_date` datetime(3) NOT NULL DEFAULT CURRENT_TIMESTAMP(3) ON UPDATE CURRENT_TIMESTAMP(3) COMMENT '修改时间',
  PRIMARY KEY (`id`) USING BTREE,
  KEY `project_id_ix` (`project_id`) USING BTREE
) ENGINE=InnoDB AUTO_INCREMENT=236 DEFAULT CHARSET=utf8 ROW_FORMAT=DYNAMIC COMMENT='项目资源授权审核表';
/*!40101 SET character_set_client = @saved_cs_client */;

--
-- Dumping data for table `data_project_organ`
--

LOCK TABLES `data_project_organ` WRITE;
/*!40000 ALTER TABLE `data_project_organ` DISABLE KEYS */;
INSERT INTO `data_project_organ` VALUES (1,'72a23045-b41e-4b30-a69c-23456c9e0281','704a92e392fd-04cfe692-c0a6-4b25-8763-e49e7eb12c06','3abfcb2a-8335-4bcc-b6f9-704a92e392fd','3abfcb2a-8335-4bcc-b6f9-704a92e392fd',1,1,'项目发起者自动同意',NULL,'http://fusion.primihub-demo.svc.cluster.local:8080/',0,'2022-06-29 07:03:43.000','2022-06-29 07:03:43.000'),(2,'3e7551b1-9aac-448a-9ba3-ce78f3e8d87c','704a92e392fd-04cfe692-c0a6-4b25-8763-e49e7eb12c06','7aeeb3aa-75cc-4e40-8692-ea5fd5f5f9f0','3abfcb2a-8335-4bcc-b6f9-704a92e392fd',2,0,NULL,NULL,'http://fusion.primihub-demo.svc.cluster.local:8080/',0,'2022-06-29 07:03:43.000','2022-06-29 07:03:43.000'),(3,'ccbcc526-ac5d-4181-b50f-c714808f5dd5','ea5fd5f5f9f0-b8989850-34e0-4326-be6f-3aab146b94b7','7aeeb3aa-75cc-4e40-8692-ea5fd5f5f9f0','7aeeb3aa-75cc-4e40-8692-ea5fd5f5f9f0',1,1,'项目发起者自动同意',NULL,'http://fusion.primihub-demo.svc.cluster.local:8080/',0,'2022-06-29 07:08:19.000','2022-06-29 07:08:19.000'),(4,'52719185-734f-44bf-a019-d9c75dae9bf5','ea5fd5f5f9f0-b8989850-34e0-4326-be6f-3aab146b94b7','3abfcb2a-8335-4bcc-b6f9-704a92e392fd','7aeeb3aa-75cc-4e40-8692-ea5fd5f5f9f0',2,1,'',NULL,'http://fusion.primihub-demo.svc.cluster.local:8080/',0,'2022-06-29 07:08:19.000','2022-06-29 07:31:52.000'),(5,'1e83389d-4938-4f07-a9e0-e95846e69ee7','704a92e392fd-d4b72161-6591-4992-a965-1dcfa2680eb4','3abfcb2a-8335-4bcc-b6f9-704a92e392fd','3abfcb2a-8335-4bcc-b6f9-704a92e392fd',1,1,'项目发起者自动同意',NULL,'http://fusion.primihub-demo.svc.cluster.local:8080/',0,'2022-06-29 07:25:56.000','2022-06-29 07:25:56.000'),(6,'1c24aae5-5550-4301-8683-d62248910cc3','704a92e392fd-d4b72161-6591-4992-a965-1dcfa2680eb4','7aeeb3aa-75cc-4e40-8692-ea5fd5f5f9f0','3abfcb2a-8335-4bcc-b6f9-704a92e392fd',2,1,'TONGYI',NULL,'http://fusion.primihub-demo.svc.cluster.local:8080/',0,'2022-06-29 07:25:56.000','2022-06-29 07:27:23.000'),(7,'3ebfa9f0-72d6-441b-bb30-a554a3a4f6c0','704a92e392fd-4ccf43c2-f8b5-4a9a-ac9f-273e231d82bf','3abfcb2a-8335-4bcc-b6f9-704a92e392fd','3abfcb2a-8335-4bcc-b6f9-704a92e392fd',1,1,'项目发起者自动同意',NULL,'http://fusion.primihub-demo.svc.cluster.local:8080/',0,'2022-06-29 07:32:39.000','2022-07-01 11:17:01.000'),(8,'89c2a77a-8ad3-49e1-92e4-c7530dd3962d','704a92e392fd-4ccf43c2-f8b5-4a9a-ac9f-273e231d82bf','7aeeb3aa-75cc-4e40-8692-ea5fd5f5f9f0','3abfcb2a-8335-4bcc-b6f9-704a92e392fd',2,1,'',NULL,'http://fusion.primihub-demo.svc.cluster.local:8080/',0,'2022-06-29 07:32:39.000','2022-07-01 11:17:01.000'),(9,'eaea2380-7791-4116-a3c3-f84f5a50c7f0','ea5fd5f5f9f0-cb13dca6-f591-4f2a-a57d-c8768e636cc8','7aeeb3aa-75cc-4e40-8692-ea5fd5f5f9f0','7aeeb3aa-75cc-4e40-8692-ea5fd5f5f9f0',1,1,'项目发起者自动同意',NULL,'http://fusion.primihub-demo.svc.cluster.local:8080/',0,'2022-06-29 07:33:18.000','2022-06-29 07:33:18.000'),(10,'c7d4a776-778e-4b97-aa0a-886e4d7a5724','ea5fd5f5f9f0-cb13dca6-f591-4f2a-a57d-c8768e636cc8','3abfcb2a-8335-4bcc-b6f9-704a92e392fd','7aeeb3aa-75cc-4e40-8692-ea5fd5f5f9f0',2,1,'同意',NULL,'http://fusion.primihub-demo.svc.cluster.local:8080/',0,'2022-06-29 07:33:18.000','2022-06-29 07:33:49.000'),(11,'0ab778da-bf0c-47a6-8992-16eed7dd82f8','704a92e392fd-f56a77b3-755c-4e4d-af56-dacd77b83d67','3abfcb2a-8335-4bcc-b6f9-704a92e392fd','3abfcb2a-8335-4bcc-b6f9-704a92e392fd',1,1,'项目发起者自动同意',NULL,'http://fusion.primihub-demo.svc.cluster.local:8080/',0,'2022-06-29 08:14:17.000','2022-06-29 08:14:17.000'),(12,'f6038d6b-2a49-42a9-8f0d-d229d4a3ffb7','704a92e392fd-f56a77b3-755c-4e4d-af56-dacd77b83d67','7aeeb3aa-75cc-4e40-8692-ea5fd5f5f9f0','3abfcb2a-8335-4bcc-b6f9-704a92e392fd',2,1,'同意',NULL,'http://fusion.primihub-demo.svc.cluster.local:8080/',0,'2022-06-29 08:14:17.000','2022-06-29 08:15:00.000'),(13,'6ccf05f5-8b90-43b9-a05c-861addcbf1c2','ea5fd5f5f9f0-ec4e9a5a-57a6-43a1-b3a7-0fbc0f0fe0e3','7aeeb3aa-75cc-4e40-8692-ea5fd5f5f9f0','7aeeb3aa-75cc-4e40-8692-ea5fd5f5f9f0',1,1,'项目发起者自动同意',NULL,'http://fusion.primihub-demo.svc.cluster.local:8080/',0,'2022-06-29 08:16:38.000','2022-06-29 08:16:38.000'),(14,'3b8ce623-407d-4ace-94ce-94cc33a63165','ea5fd5f5f9f0-ec4e9a5a-57a6-43a1-b3a7-0fbc0f0fe0e3','3abfcb2a-8335-4bcc-b6f9-704a92e392fd','7aeeb3aa-75cc-4e40-8692-ea5fd5f5f9f0',2,1,'同意',NULL,'http://fusion.primihub-demo.svc.cluster.local:8080/',0,'2022-06-29 08:16:38.000','2022-06-29 08:16:59.000'),(15,'d402c491-cc98-4871-8961-8e165505f370','704a92e392fd-f9e704c5-6960-4395-bb17-53f201f4a237','3abfcb2a-8335-4bcc-b6f9-704a92e392fd','3abfcb2a-8335-4bcc-b6f9-704a92e392fd',1,1,'项目发起者自动同意',NULL,'http://fusion.primihub-demo.svc.cluster.local:8080/',0,'2022-06-29 08:19:03.000','2022-06-29 08:19:03.000'),(16,'40bee091-5239-40d5-b484-fb01e3b69340','704a92e392fd-f9e704c5-6960-4395-bb17-53f201f4a237','7aeeb3aa-75cc-4e40-8692-ea5fd5f5f9f0','3abfcb2a-8335-4bcc-b6f9-704a92e392fd',2,1,'呃呃呃',NULL,'http://fusion.primihub-demo.svc.cluster.local:8080/',0,'2022-06-29 08:19:03.000','2022-06-29 08:19:22.000'),(17,'87ff2e88-4a3c-43a1-88f0-1d198d1dfdfe','704a92e392fd-ae4a05d7-22ec-4c15-8aab-ed84c0810cd0','3abfcb2a-8335-4bcc-b6f9-704a92e392fd','3abfcb2a-8335-4bcc-b6f9-704a92e392fd',1,1,'项目发起者自动同意',NULL,'http://fusion.primihub-demo.svc.cluster.local:8080/',0,'2022-06-29 08:21:03.000','2022-06-29 08:21:03.000'),(18,'337b6064-a625-41eb-83ac-43dcc8df00ce','704a92e392fd-ae4a05d7-22ec-4c15-8aab-ed84c0810cd0','7aeeb3aa-75cc-4e40-8692-ea5fd5f5f9f0','3abfcb2a-8335-4bcc-b6f9-704a92e392fd',2,1,'非常同步',NULL,'http://fusion.primihub-demo.svc.cluster.local:8080/',0,'2022-06-29 08:21:03.000','2022-06-29 08:21:33.000'),(19,'7a10818a-5e38-4551-b47d-2174ffa658e8','ea5fd5f5f9f0-15e9b7dd-40df-46b4-9253-1f2e8857a6e5','7aeeb3aa-75cc-4e40-8692-ea5fd5f5f9f0','7aeeb3aa-75cc-4e40-8692-ea5fd5f5f9f0',1,1,'项目发起者自动同意',NULL,'http://fusion.primihub-demo.svc.cluster.local:8080/',0,'2022-06-29 08:45:18.000','2022-06-29 08:45:18.000'),(20,'82c0353c-a34f-4ad1-b276-eaa4c16c92d2','ea5fd5f5f9f0-15e9b7dd-40df-46b4-9253-1f2e8857a6e5','3abfcb2a-8335-4bcc-b6f9-704a92e392fd','7aeeb3aa-75cc-4e40-8692-ea5fd5f5f9f0',2,1,'222',NULL,'http://fusion.primihub-demo.svc.cluster.local:8080/',0,'2022-06-29 08:45:18.000','2022-06-29 08:45:36.000'),(21,'42a45b17-4b56-4d11-971c-6deba2a2dc6e','ea5fd5f5f9f0-9b777669-b728-48f7-b694-b0b5cad5a710','7aeeb3aa-75cc-4e40-8692-ea5fd5f5f9f0','7aeeb3aa-75cc-4e40-8692-ea5fd5f5f9f0',1,1,'项目发起者自动同意',NULL,'http://fusion.primihub-demo.svc.cluster.local:8080/',0,'2022-06-29 09:33:54.000','2022-06-29 09:33:54.000'),(22,'598d0a2e-a4c0-457d-bcfd-e553e3879789','ea5fd5f5f9f0-9b777669-b728-48f7-b694-b0b5cad5a710','3abfcb2a-8335-4bcc-b6f9-704a92e392fd','7aeeb3aa-75cc-4e40-8692-ea5fd5f5f9f0',2,0,NULL,NULL,'http://fusion.primihub-demo.svc.cluster.local:8080/',0,'2022-06-29 09:33:54.000','2022-06-29 09:33:54.000'),(23,'a6788fed-efbc-42ba-b798-67d12541c419','ea5fd5f5f9f0-44e53d5a-6d1e-4191-9070-e24b831d4ba9','7aeeb3aa-75cc-4e40-8692-ea5fd5f5f9f0','7aeeb3aa-75cc-4e40-8692-ea5fd5f5f9f0',1,1,'项目发起者自动同意',NULL,'http://fusion.primihub-demo.svc.cluster.local:8080/',0,'2022-06-29 11:04:49.000','2022-06-29 11:04:49.000'),(24,'2d367ce3-7c41-4acd-a073-f14e2bdb36b1','ea5fd5f5f9f0-44e53d5a-6d1e-4191-9070-e24b831d4ba9','3abfcb2a-8335-4bcc-b6f9-704a92e392fd','7aeeb3aa-75cc-4e40-8692-ea5fd5f5f9f0',2,1,'44',NULL,'http://fusion.primihub-demo.svc.cluster.local:8080/',0,'2022-06-29 11:04:49.000','2022-06-29 11:05:43.000'),(25,'e98ce9d5-bcce-4f40-889c-52eea54594c9','ea5fd5f5f9f0-d72d9682-8d6a-440a-b98e-8bae1192a40e','7aeeb3aa-75cc-4e40-8692-ea5fd5f5f9f0','7aeeb3aa-75cc-4e40-8692-ea5fd5f5f9f0',1,1,'项目发起者自动同意',NULL,'http://fusion.primihub-demo.svc.cluster.local:8080/',0,'2022-06-29 11:13:53.000','2022-06-29 11:13:53.000'),(26,'49e2e0b6-2095-439b-9d6e-3c2a7df57fc5','ea5fd5f5f9f0-d72d9682-8d6a-440a-b98e-8bae1192a40e','3abfcb2a-8335-4bcc-b6f9-704a92e392fd','7aeeb3aa-75cc-4e40-8692-ea5fd5f5f9f0',2,1,'444',NULL,'http://fusion.primihub-demo.svc.cluster.local:8080/',0,'2022-06-29 11:13:53.000','2022-06-29 11:14:09.000'),(27,'5a8a74f1-031a-41b3-a1a5-ba65faf85d20','ea5fd5f5f9f0-d72d9682-8d6a-440a-b98e-8bae1192a40e','eb734dd0-773e-411b-ba29-794e41ba0e63','7aeeb3aa-75cc-4e40-8692-ea5fd5f5f9f0',2,0,NULL,NULL,'http://fusion.primihub-demo.svc.cluster.local:8080/',0,'2022-06-29 11:29:30.000','2022-06-29 11:29:30.000'),(28,'dc3fe25c-0b8a-42c1-b091-5d5b2c0ca46d','704a92e392fd-6ba69b33-bf0c-42bc-b89b-f49eae61b9b6','3abfcb2a-8335-4bcc-b6f9-704a92e392fd','3abfcb2a-8335-4bcc-b6f9-704a92e392fd',1,1,'项目发起者自动同意',NULL,'http://fusion.primihub-demo.svc.cluster.local:8080/',0,'2022-06-29 11:35:15.000','2022-06-29 11:35:15.000'),(29,'ecca3374-47be-4fb1-8a55-0e37c36b62f2','704a92e392fd-6ba69b33-bf0c-42bc-b89b-f49eae61b9b6','7aeeb3aa-75cc-4e40-8692-ea5fd5f5f9f0','3abfcb2a-8335-4bcc-b6f9-704a92e392fd',2,1,'222',NULL,'http://fusion.primihub-demo.svc.cluster.local:8080/',0,'2022-06-29 11:35:15.000','2022-06-29 11:49:21.000'),(30,'14648ef1-7f8f-46fb-abe9-24a896fa633c','704a92e392fd-6ba69b33-bf0c-42bc-b89b-f49eae61b9b6','eb734dd0-773e-411b-ba29-794e41ba0e63','3abfcb2a-8335-4bcc-b6f9-704a92e392fd',2,1,'444',NULL,'http://fusion.primihub-demo.svc.cluster.local:8080/',0,'2022-06-29 11:35:15.000','2022-06-29 11:48:42.000'),(31,'02c10529-a017-49f0-bb32-189a915748a9','ea5fd5f5f9f0-075107ad-91c2-48fa-94ff-0a2b2709d06f','3abfcb2a-8335-4bcc-b6f9-704a92e392fd','7aeeb3aa-75cc-4e40-8692-ea5fd5f5f9f0',2,1,'666',NULL,'http://fusion.primihub-demo.svc.cluster.local:8080/',0,'2022-06-29 11:36:45.000','2022-06-29 11:53:02.000'),(32,'a2a4d32d-31a8-4a0a-9821-c0dda247a25f','ea5fd5f5f9f0-075107ad-91c2-48fa-94ff-0a2b2709d06f','eb734dd0-773e-411b-ba29-794e41ba0e63','7aeeb3aa-75cc-4e40-8692-ea5fd5f5f9f0',2,1,'444',NULL,'http://fusion.primihub-demo.svc.cluster.local:8080/',0,'2022-06-29 11:51:59.000','2022-06-29 11:51:59.000'),(33,'aeb9a903-944b-46b3-b8a8-d8b39688b8bd','ea5fd5f5f9f0-9b777669-b728-48f7-b694-b0b5cad5a710','eb734dd0-773e-411b-ba29-794e41ba0e63','3abfcb2a-8335-4bcc-b6f9-704a92e392fd',2,0,NULL,NULL,'http://fusion.primihub-demo.svc.cluster.local:8080/',0,'2022-06-29 11:54:05.000','2022-06-29 11:54:05.000'),(34,'e21062fd-1fde-4d62-8092-86f3f401e996','794e41ba0e63-bcab7a5c-321b-49af-ad11-ba1dae5ab45d','eb734dd0-773e-411b-ba29-794e41ba0e63','eb734dd0-773e-411b-ba29-794e41ba0e63',1,1,'项目发起者自动同意',NULL,'http://fusion.primihub-demo.svc.cluster.local:8080/',0,'2022-06-29 12:12:10.000','2022-06-29 12:12:10.000'),(35,'efbfa00f-b006-486a-b030-a480b8f4f43d','794e41ba0e63-bcab7a5c-321b-49af-ad11-ba1dae5ab45d','3abfcb2a-8335-4bcc-b6f9-704a92e392fd','eb734dd0-773e-411b-ba29-794e41ba0e63',2,1,'555',NULL,'http://fusion.primihub-demo.svc.cluster.local:8080/',0,'2022-06-29 12:12:10.000','2022-06-29 12:12:51.000'),(36,'d6dc665f-da63-44c3-a565-0906628126ef','794e41ba0e63-bcab7a5c-321b-49af-ad11-ba1dae5ab45d','7aeeb3aa-75cc-4e40-8692-ea5fd5f5f9f0','eb734dd0-773e-411b-ba29-794e41ba0e63',2,1,'555',NULL,'http://fusion.primihub-demo.svc.cluster.local:8080/',0,'2022-06-29 12:12:19.000','2022-06-29 12:13:25.000'),(37,'ecf08d54-3605-4a3f-8334-864a3bb8fb74','794e41ba0e63-a83e0329-33bd-43f0-a4ee-6e3ce2f6511d','3abfcb2a-8335-4bcc-b6f9-704a92e392fd','eb734dd0-773e-411b-ba29-794e41ba0e63',2,1,'777',NULL,'http://fusion.primihub-demo.svc.cluster.local:8080/',0,'2022-06-29 12:15:03.000','2022-06-29 12:15:23.000'),(38,'4fb3641d-075a-40e4-876d-84a683f37ba4','704a92e392fd-28a03479-9559-43a6-a36b-83cf4f5b6188','3abfcb2a-8335-4bcc-b6f9-704a92e392fd','3abfcb2a-8335-4bcc-b6f9-704a92e392fd',1,1,'项目发起者自动同意',NULL,'http://fusion.primihub-demo.svc.cluster.local:8080/',0,'2022-06-29 12:19:01.000','2022-06-29 12:19:01.000'),(39,'c7832477-8e99-4755-a02c-f73b1ae79c50','704a92e392fd-28a03479-9559-43a6-a36b-83cf4f5b6188','7aeeb3aa-75cc-4e40-8692-ea5fd5f5f9f0','3abfcb2a-8335-4bcc-b6f9-704a92e392fd',2,1,'999',NULL,'http://fusion.primihub-demo.svc.cluster.local:8080/',0,'2022-06-29 12:19:01.000','2022-06-29 12:31:38.000'),(40,'3ca4d25d-e740-4136-a6e2-b1d4b694031d','794e41ba0e63-5e098963-0f4f-4bea-b188-ec5c41ac5917','eb734dd0-773e-411b-ba29-794e41ba0e63','eb734dd0-773e-411b-ba29-794e41ba0e63',1,1,'项目发起者自动同意',NULL,'http://fusion.primihub-demo.svc.cluster.local:8080/',0,'2022-06-29 12:22:25.000','2022-06-29 12:22:25.000'),(41,'bfc93653-6ba4-4508-a2c4-fdd0b91abf33','794e41ba0e63-5e098963-0f4f-4bea-b188-ec5c41ac5917','7aeeb3aa-75cc-4e40-8692-ea5fd5f5f9f0','eb734dd0-773e-411b-ba29-794e41ba0e63',2,1,'888',NULL,'http://fusion.primihub-demo.svc.cluster.local:8080/',0,'2022-06-29 12:22:25.000','2022-06-29 12:22:58.000'),(42,'9bea9d12-da55-4e9e-bfbe-b75608d62933','794e41ba0e63-5e098963-0f4f-4bea-b188-ec5c41ac5917','3abfcb2a-8335-4bcc-b6f9-704a92e392fd','eb734dd0-773e-411b-ba29-794e41ba0e63',2,1,'444',NULL,'http://fusion.primihub-demo.svc.cluster.local:8080/',0,'2022-06-29 12:22:25.000','2022-06-29 12:22:40.000'),(43,'81ecbd54-f8da-4553-954c-ab6fb7be6482','794e41ba0e63-76a38b8a-d84c-4121-a7dc-c11f2190b71d','3abfcb2a-8335-4bcc-b6f9-704a92e392fd','eb734dd0-773e-411b-ba29-794e41ba0e63',2,1,'我也同意啦',NULL,'http://fusion.primihub-demo.svc.cluster.local:8080/',0,'2022-06-29 12:24:18.000','2022-06-29 12:24:56.000'),(44,'b8ce1554-45ac-4551-93c2-e9c0f5028652','ea5fd5f5f9f0-58a6d4f6-bd78-455d-80bd-03e75cd16547','7aeeb3aa-75cc-4e40-8692-ea5fd5f5f9f0','7aeeb3aa-75cc-4e40-8692-ea5fd5f5f9f0',1,1,'项目发起者自动同意',NULL,'http://fusion.primihub-demo.svc.cluster.local:8080/',0,'2022-06-29 12:37:44.000','2022-06-29 12:37:44.000'),(45,'eaf49eb9-06d3-4674-b88c-285e8829844e','ea5fd5f5f9f0-58a6d4f6-bd78-455d-80bd-03e75cd16547','3abfcb2a-8335-4bcc-b6f9-704a92e392fd','7aeeb3aa-75cc-4e40-8692-ea5fd5f5f9f0',2,2,'如你所愿哈哈哈哈哈',NULL,'http://fusion.primihub-demo.svc.cluster.local:8080/',0,'2022-06-29 12:37:44.000','2022-06-29 12:38:03.000'),(46,'9ff17ef0-cf2b-42f8-95ee-7e2008420370','ea5fd5f5f9f0-58a6d4f6-bd78-455d-80bd-03e75cd16547','eb734dd0-773e-411b-ba29-794e41ba0e63','7aeeb3aa-75cc-4e40-8692-ea5fd5f5f9f0',2,1,'哈哈哈哈再补一刀',NULL,'http://fusion.primihub-demo.svc.cluster.local:8080/',0,'2022-06-29 12:37:44.000','2022-06-29 12:38:22.000'),(47,'52c40011-cb1b-430c-b161-3c54b487a1c1','794e41ba0e63-bfcf4274-5391-47cf-b4ff-b253ef9707b7','eb734dd0-773e-411b-ba29-794e41ba0e63','eb734dd0-773e-411b-ba29-794e41ba0e63',1,1,'项目发起者自动同意',NULL,'http://fusion.primihub-demo.svc.cluster.local:8080/',0,'2022-06-29 12:39:05.000','2022-06-29 12:39:05.000'),(48,'d8a8c5cc-f0e3-4bda-a17f-4622675a1635','794e41ba0e63-bfcf4274-5391-47cf-b4ff-b253ef9707b7','7aeeb3aa-75cc-4e40-8692-ea5fd5f5f9f0','eb734dd0-773e-411b-ba29-794e41ba0e63',2,2,'666',NULL,'http://fusion.primihub-demo.svc.cluster.local:8080/',0,'2022-06-29 12:39:05.000','2022-06-29 12:39:29.000'),(49,'47928b5e-55b5-4f63-9201-04cb4d23c958','794e41ba0e63-bfcf4274-5391-47cf-b4ff-b253ef9707b7','3abfcb2a-8335-4bcc-b6f9-704a92e392fd','eb734dd0-773e-411b-ba29-794e41ba0e63',2,2,'555',NULL,'http://fusion.primihub-demo.svc.cluster.local:8080/',0,'2022-06-29 12:39:05.000','2022-06-29 12:39:16.000'),(50,'5a43b0c3-ca1b-417f-8a3a-636703754f84','ea5fd5f5f9f0-808bda81-6ae1-42dd-b69e-06ef9737234f','7aeeb3aa-75cc-4e40-8692-ea5fd5f5f9f0','7aeeb3aa-75cc-4e40-8692-ea5fd5f5f9f0',1,1,'项目发起者自动同意',NULL,'http://fusion.primihub-demo.svc.cluster.local:8080/',0,'2022-06-29 12:44:43.000','2022-06-29 12:44:43.000'),(51,'35505afb-2ec4-4ad8-a15f-81f591188e7d','ea5fd5f5f9f0-808bda81-6ae1-42dd-b69e-06ef9737234f','3abfcb2a-8335-4bcc-b6f9-704a92e392fd','7aeeb3aa-75cc-4e40-8692-ea5fd5f5f9f0',2,1,'',NULL,'http://fusion.primihub-demo.svc.cluster.local:8080/',0,'2022-06-29 12:44:43.000','2022-06-29 12:45:10.000'),(52,'44320293-7a06-4c23-b0bd-eccb9f3bfff9','704a92e392fd-cbb14c64-c3c4-4c6a-ae35-946736fa0c77','3abfcb2a-8335-4bcc-b6f9-704a92e392fd','3abfcb2a-8335-4bcc-b6f9-704a92e392fd',1,1,'项目发起者自动同意',NULL,'http://fusion.primihub-demo.svc.cluster.local:8080/',0,'2022-06-29 12:49:24.000','2022-06-29 12:49:24.000'),(53,'a770c2ec-de7f-4049-b4a3-e1d634b4eb69','704a92e392fd-cbb14c64-c3c4-4c6a-ae35-946736fa0c77','7aeeb3aa-75cc-4e40-8692-ea5fd5f5f9f0','3abfcb2a-8335-4bcc-b6f9-704a92e392fd',2,0,NULL,NULL,'http://fusion.primihub-demo.svc.cluster.local:8080/',0,'2022-06-29 12:49:24.000','2022-06-29 12:49:24.000'),(54,'ba1683db-e834-4835-bd59-e90e55c092b7','704a92e392fd-16e6c469-c198-4ae2-a5b2-7f257ed61dc8','3abfcb2a-8335-4bcc-b6f9-704a92e392fd','3abfcb2a-8335-4bcc-b6f9-704a92e392fd',1,1,'项目发起者自动同意',NULL,'http://fusion.primihub-demo.svc.cluster.local:8080/',0,'2022-06-29 12:50:40.000','2022-06-29 12:50:40.000'),(55,'bd57dfee-6627-48c1-ade7-5020e49582d7','704a92e392fd-16e6c469-c198-4ae2-a5b2-7f257ed61dc8','7aeeb3aa-75cc-4e40-8692-ea5fd5f5f9f0','3abfcb2a-8335-4bcc-b6f9-704a92e392fd',2,0,NULL,NULL,'http://fusion.primihub-demo.svc.cluster.local:8080/',0,'2022-06-29 12:50:40.000','2022-06-29 12:50:40.000'),(56,'2664bc91-69bf-45fb-a0b6-3f6a052d9abb','704a92e392fd-06cc8dfc-72bf-432d-90ee-921d3063c771','3abfcb2a-8335-4bcc-b6f9-704a92e392fd','3abfcb2a-8335-4bcc-b6f9-704a92e392fd',1,1,'项目发起者自动同意',NULL,'http://fusion.primihub-demo.svc.cluster.local:8080/',0,'2022-06-29 12:52:09.000','2022-06-29 12:52:09.000'),(57,'acb70df0-4d7a-4ef3-815e-cefd71c079aa','704a92e392fd-06cc8dfc-72bf-432d-90ee-921d3063c771','7aeeb3aa-75cc-4e40-8692-ea5fd5f5f9f0','3abfcb2a-8335-4bcc-b6f9-704a92e392fd',2,1,'666',NULL,'http://fusion.primihub-demo.svc.cluster.local:8080/',0,'2022-06-29 12:52:09.000','2022-06-29 12:53:03.000'),(58,'83f7f699-c462-4fc8-a1fb-48f604e301e0','704a92e392fd-28a03479-9559-43a6-a36b-83cf4f5b6188','eb734dd0-773e-411b-ba29-794e41ba0e63','3abfcb2a-8335-4bcc-b6f9-704a92e392fd',2,0,NULL,NULL,'http://fusion.primihub-demo.svc.cluster.local:8080/',0,'2022-06-29 12:59:44.000','2022-06-29 12:59:44.000'),(59,'6c6808fa-681e-4c5c-a633-fee9d8c6fd04','ea5fd5f5f9f0-73fb86e3-9a76-4ff5-b509-73d75d7947c5','7aeeb3aa-75cc-4e40-8692-ea5fd5f5f9f0','7aeeb3aa-75cc-4e40-8692-ea5fd5f5f9f0',1,1,'项目发起者自动同意',NULL,'http://fusion.primihub-demo.svc.cluster.local:8080/',0,'2022-06-29 13:08:18.000','2022-06-29 13:08:18.000'),(60,'ed968a1a-967b-41fd-9e85-fe3e69f0fff7','ea5fd5f5f9f0-73fb86e3-9a76-4ff5-b509-73d75d7947c5','3abfcb2a-8335-4bcc-b6f9-704a92e392fd','7aeeb3aa-75cc-4e40-8692-ea5fd5f5f9f0',2,1,'999',NULL,'http://fusion.primihub-demo.svc.cluster.local:8080/',0,'2022-06-29 13:08:18.000','2022-06-29 13:08:43.000'),(61,'1b1bf383-e5e3-4099-a443-b1df3b5a3dfb','ea5fd5f5f9f0-73fb86e3-9a76-4ff5-b509-73d75d7947c5','eb734dd0-773e-411b-ba29-794e41ba0e63','7aeeb3aa-75cc-4e40-8692-ea5fd5f5f9f0',2,1,'777',NULL,'http://fusion.primihub-demo.svc.cluster.local:8080/',0,'2022-06-29 13:08:18.000','2022-06-29 13:43:10.000'),(62,'2ab3fe7a-18ef-4429-8602-18eb4553b2d7','794e41ba0e63-f2755fd2-b18d-4edb-a721-2d662b0ae620','eb734dd0-773e-411b-ba29-794e41ba0e63','eb734dd0-773e-411b-ba29-794e41ba0e63',1,1,'项目发起者自动同意',NULL,'http://fusion.primihub-demo.svc.cluster.local:8080/',0,'2022-06-29 14:09:39.000','2022-06-29 14:09:39.000'),(63,'0ee00927-93a4-4eef-92e9-f37c5727d1fa','794e41ba0e63-f2755fd2-b18d-4edb-a721-2d662b0ae620','7aeeb3aa-75cc-4e40-8692-ea5fd5f5f9f0','eb734dd0-773e-411b-ba29-794e41ba0e63',2,1,'555',NULL,'http://fusion.primihub-demo.svc.cluster.local:8080/',0,'2022-06-29 14:09:39.000','2022-06-29 14:09:39.000'),(64,'06f3292a-16a5-41d2-99ef-cb92026d9810','794e41ba0e63-f2755fd2-b18d-4edb-a721-2d662b0ae620','3abfcb2a-8335-4bcc-b6f9-704a92e392fd','eb734dd0-773e-411b-ba29-794e41ba0e63',2,1,'999',NULL,'http://fusion.primihub-demo.svc.cluster.local:8080/',0,'2022-06-29 14:09:39.000','2022-06-29 14:10:05.000'),(65,'c50f371e-6f40-4e9e-a27b-9a3c713980b3','794e41ba0e63-648565ed-3502-4810-954e-f6e277523d29','eb734dd0-773e-411b-ba29-794e41ba0e63','eb734dd0-773e-411b-ba29-794e41ba0e63',1,1,'项目发起者自动同意',NULL,'http://fusion.primihub-demo.svc.cluster.local:8080/',0,'2022-06-29 14:10:42.000','2022-06-29 14:12:39.000'),(66,'d543001a-2f21-45e8-ab2a-9c91e49df862','794e41ba0e63-648565ed-3502-4810-954e-f6e277523d29','7aeeb3aa-75cc-4e40-8692-ea5fd5f5f9f0','eb734dd0-773e-411b-ba29-794e41ba0e63',2,1,'99',NULL,'http://fusion.primihub-demo.svc.cluster.local:8080/',0,'2022-06-29 14:10:42.000','2022-06-29 14:12:39.000'),(67,'78daa7a8-fd3d-407e-91de-e78d59a1c606','794e41ba0e63-648565ed-3502-4810-954e-f6e277523d29','3abfcb2a-8335-4bcc-b6f9-704a92e392fd','eb734dd0-773e-411b-ba29-794e41ba0e63',2,1,'999',NULL,'http://fusion.primihub-demo.svc.cluster.local:8080/',0,'2022-06-29 14:10:42.000','2022-06-29 14:13:05.000'),(68,'f63ab765-d85e-456a-9f14-fd9e71bd8a7e','704a92e392fd-80790211-b252-44b1-b43f-f71ea5a6581e','3abfcb2a-8335-4bcc-b6f9-704a92e392fd','3abfcb2a-8335-4bcc-b6f9-704a92e392fd',1,1,'项目发起者自动同意',NULL,'http://fusion.primihub-demo.svc.cluster.local:8080/',0,'2022-06-29 14:24:58.000','2022-06-29 14:24:58.000'),(69,'6ac4e57e-9170-4e7e-923e-a70174253d82','704a92e392fd-80790211-b252-44b1-b43f-f71ea5a6581e','7aeeb3aa-75cc-4e40-8692-ea5fd5f5f9f0','3abfcb2a-8335-4bcc-b6f9-704a92e392fd',2,0,NULL,NULL,'http://fusion.primihub-demo.svc.cluster.local:8080/',0,'2022-06-29 14:24:58.000','2022-06-29 14:24:58.000'),(70,'e559a4af-34fe-4733-97a2-3304b0498174','704a92e392fd-be48948b-7039-49ac-a3df-9f358477df31','3abfcb2a-8335-4bcc-b6f9-704a92e392fd','3abfcb2a-8335-4bcc-b6f9-704a92e392fd',1,1,'项目发起者自动同意',NULL,'http://fusion.primihub-demo.svc.cluster.local:8080/',0,'2022-06-29 14:25:35.000','2022-06-29 14:25:50.000'),(71,'83f1fb0f-81a7-4fd8-82e6-23e631a48db6','704a92e392fd-be48948b-7039-49ac-a3df-9f358477df31','7aeeb3aa-75cc-4e40-8692-ea5fd5f5f9f0','3abfcb2a-8335-4bcc-b6f9-704a92e392fd',2,1,'7777',NULL,'http://fusion.primihub-demo.svc.cluster.local:8080/',0,'2022-06-29 14:25:35.000','2022-06-29 14:25:50.000'),(72,'8d6ff863-7e5c-42d8-98a6-1be4f3869cc9','ea5fd5f5f9f0-089d86bb-e6e4-4ab3-8ea7-6505ac012a69','7aeeb3aa-75cc-4e40-8692-ea5fd5f5f9f0','7aeeb3aa-75cc-4e40-8692-ea5fd5f5f9f0',1,1,'项目发起者自动同意',NULL,'http://fusion.primihub-demo.svc.cluster.local:8080/',0,'2022-06-30 01:22:17.000','2022-06-30 01:22:17.000'),(73,'0f758902-2580-4774-8680-ed07f57a6fcc','ea5fd5f5f9f0-089d86bb-e6e4-4ab3-8ea7-6505ac012a69','3abfcb2a-8335-4bcc-b6f9-704a92e392fd','7aeeb3aa-75cc-4e40-8692-ea5fd5f5f9f0',2,1,'同意',NULL,'http://fusion.primihub-demo.svc.cluster.local:8080/',0,'2022-06-30 01:22:17.000','2022-06-30 01:22:35.000'),(74,'510cefb1-9aa1-4787-a37b-389f15db7402','ea5fd5f5f9f0-96146ce8-2c6c-47cf-89de-0e740f9b96a1','7aeeb3aa-75cc-4e40-8692-ea5fd5f5f9f0','7aeeb3aa-75cc-4e40-8692-ea5fd5f5f9f0',1,1,'项目发起者自动同意',NULL,'http://fusion.primihub-demo.svc.cluster.local:8080/',0,'2022-06-30 01:28:40.000','2022-06-30 01:29:04.000'),(75,'4cc0a59b-482d-4f95-b38a-cc810942f7ca','ea5fd5f5f9f0-96146ce8-2c6c-47cf-89de-0e740f9b96a1','3abfcb2a-8335-4bcc-b6f9-704a92e392fd','7aeeb3aa-75cc-4e40-8692-ea5fd5f5f9f0',2,1,'88',NULL,'http://fusion.primihub-demo.svc.cluster.local:8080/',0,'2022-06-30 01:28:40.000','2022-06-30 01:29:04.000'),(76,'8b3a13e5-3c18-4bdf-ae9a-c4b7ca2c843e','ea5fd5f5f9f0-4ff51604-101b-49fa-8a0e-b9a17473bfab','7aeeb3aa-75cc-4e40-8692-ea5fd5f5f9f0','7aeeb3aa-75cc-4e40-8692-ea5fd5f5f9f0',1,1,'项目发起者自动同意',NULL,'http://fusion.primihub-demo.svc.cluster.local:8080/',0,'2022-06-30 02:03:22.000','2022-06-30 02:03:22.000'),(77,'f0d1d19b-e4b8-456c-94fc-d0a8df7db26d','ea5fd5f5f9f0-4ff51604-101b-49fa-8a0e-b9a17473bfab','3abfcb2a-8335-4bcc-b6f9-704a92e392fd','7aeeb3aa-75cc-4e40-8692-ea5fd5f5f9f0',2,1,'同意',NULL,'http://fusion.primihub-demo.svc.cluster.local:8080/',0,'2022-06-30 02:03:22.000','2022-06-30 02:03:36.000'),(78,'14d94e74-e852-459e-8187-ee217a44981b','704a92e392fd-53de999a-73e6-4bc9-aed1-c8da8e27ee0e','3abfcb2a-8335-4bcc-b6f9-704a92e392fd','3abfcb2a-8335-4bcc-b6f9-704a92e392fd',1,1,'项目发起者自动同意',NULL,'http://fusion.primihub-demo.svc.cluster.local:8080/',0,'2022-06-30 02:05:44.000','2022-06-30 02:06:06.000'),(79,'e9eb138f-ab5e-49f2-883b-497a49200040','704a92e392fd-53de999a-73e6-4bc9-aed1-c8da8e27ee0e','7aeeb3aa-75cc-4e40-8692-ea5fd5f5f9f0','3abfcb2a-8335-4bcc-b6f9-704a92e392fd',2,1,'55',NULL,'http://fusion.primihub-demo.svc.cluster.local:8080/',0,'2022-06-30 02:05:44.000','2022-06-30 02:06:06.000'),(80,'b2855485-99e5-48dd-a6a4-68eeba3ab7b9','704a92e392fd-7fb76834-87ea-4bbb-8ce8-94a620504e7f','3abfcb2a-8335-4bcc-b6f9-704a92e392fd','3abfcb2a-8335-4bcc-b6f9-704a92e392fd',1,1,'项目发起者自动同意',NULL,'http://fusion.primihub-demo.svc.cluster.local:8080/',0,'2022-06-30 02:09:21.000','2022-06-30 02:09:21.000'),(81,'2359df2c-3a24-4771-a9fb-abeb90e31bba','704a92e392fd-7fb76834-87ea-4bbb-8ce8-94a620504e7f','7aeeb3aa-75cc-4e40-8692-ea5fd5f5f9f0','3abfcb2a-8335-4bcc-b6f9-704a92e392fd',2,0,NULL,NULL,'http://fusion.primihub-demo.svc.cluster.local:8080/',0,'2022-06-30 02:09:21.000','2022-06-30 02:09:21.000'),(82,'e29e4767-d9bf-4c40-b727-2287fc7e8fd8','704a92e392fd-fec6b3c9-1a70-4956-9fb9-352f6b2f91f3','3abfcb2a-8335-4bcc-b6f9-704a92e392fd','3abfcb2a-8335-4bcc-b6f9-704a92e392fd',1,1,'项目发起者自动同意',NULL,'http://fusion.primihub-demo.svc.cluster.local:8080/',0,'2022-06-30 02:09:22.000','2022-06-30 05:21:33.000'),(83,'cb5526e9-fca7-4bcc-a8cd-959c3d454b36','704a92e392fd-fec6b3c9-1a70-4956-9fb9-352f6b2f91f3','7aeeb3aa-75cc-4e40-8692-ea5fd5f5f9f0','3abfcb2a-8335-4bcc-b6f9-704a92e392fd',2,1,'',NULL,'http://fusion.primihub-demo.svc.cluster.local:8080/',0,'2022-06-30 02:09:22.000','2022-06-30 05:21:33.000'),(84,'4a2f2a5a-880c-47d8-b631-444f63e0404e','ea5fd5f5f9f0-12227652-f697-4259-b106-a0f018096295','7aeeb3aa-75cc-4e40-8692-ea5fd5f5f9f0','7aeeb3aa-75cc-4e40-8692-ea5fd5f5f9f0',1,1,'项目发起者自动同意',NULL,'http://fusion.primihub-demo.svc.cluster.local:8080/',0,'2022-06-30 02:10:09.000','2022-06-30 02:10:09.000'),(85,'29114824-7e0f-4c20-a9a0-da4c4b2e827e','ea5fd5f5f9f0-12227652-f697-4259-b106-a0f018096295','3abfcb2a-8335-4bcc-b6f9-704a92e392fd','7aeeb3aa-75cc-4e40-8692-ea5fd5f5f9f0',2,1,'合作',NULL,'http://fusion.primihub-demo.svc.cluster.local:8080/',0,'2022-06-30 02:10:09.000','2022-06-30 02:10:23.000'),(86,'59106cb6-c97f-4c49-93bb-fbf0307cce24','ea5fd5f5f9f0-a625cbdf-64cc-49d5-be4e-fbcba5b4c361','7aeeb3aa-75cc-4e40-8692-ea5fd5f5f9f0','7aeeb3aa-75cc-4e40-8692-ea5fd5f5f9f0',1,1,'项目发起者自动同意',NULL,'http://fusion.primihub-demo.svc.cluster.local:8080/',0,'2022-06-30 02:11:17.000','2022-06-30 12:48:23.000'),(87,'00e2c76c-f781-497f-9f54-234f0495a3a9','ea5fd5f5f9f0-a625cbdf-64cc-49d5-be4e-fbcba5b4c361','3abfcb2a-8335-4bcc-b6f9-704a92e392fd','7aeeb3aa-75cc-4e40-8692-ea5fd5f5f9f0',2,1,'合作项目5',NULL,'http://fusion.primihub-demo.svc.cluster.local:8080/',0,'2022-06-30 02:11:17.000','2022-06-30 12:48:23.000'),(88,'fe12d95e-a74c-4c34-b7e5-4754978eaab7','ea5fd5f5f9f0-49636e11-c4c1-4e48-a876-932756d2e406','7aeeb3aa-75cc-4e40-8692-ea5fd5f5f9f0','7aeeb3aa-75cc-4e40-8692-ea5fd5f5f9f0',1,1,'项目发起者自动同意',NULL,'http://fusion.primihub-demo.svc.cluster.local:8080/',0,'2022-06-30 02:13:24.000','2022-06-30 02:13:24.000'),(89,'ebc319da-d69c-4fd4-86f2-06d570aa45c1','ea5fd5f5f9f0-49636e11-c4c1-4e48-a876-932756d2e406','3abfcb2a-8335-4bcc-b6f9-704a92e392fd','7aeeb3aa-75cc-4e40-8692-ea5fd5f5f9f0',2,1,'yes',NULL,'http://fusion.primihub-demo.svc.cluster.local:8080/',0,'2022-06-30 02:13:24.000','2022-06-30 02:13:51.000'),(90,'406169fb-d28f-401c-aaad-6d3fef4866a2','704a92e392fd-374621d3-3466-446c-9ed4-469bef38ec56','3abfcb2a-8335-4bcc-b6f9-704a92e392fd','3abfcb2a-8335-4bcc-b6f9-704a92e392fd',1,1,'项目发起者自动同意',NULL,'http://fusion.primihub-demo.svc.cluster.local:8080/',0,'2022-06-30 05:32:16.000','2022-06-30 05:33:34.000'),(91,'f2346260-481e-4d83-a91f-f0c4904b6ae3','704a92e392fd-374621d3-3466-446c-9ed4-469bef38ec56','7aeeb3aa-75cc-4e40-8692-ea5fd5f5f9f0','3abfcb2a-8335-4bcc-b6f9-704a92e392fd',2,1,'',NULL,'http://fusion.primihub-demo.svc.cluster.local:8080/',0,'2022-06-30 05:32:16.000','2022-06-30 05:33:34.000'),(92,'d333c0ce-23ee-4531-b473-2769258b87cf','794e41ba0e63-e54e0406-a2da-41c3-9290-abf5b7078693','eb734dd0-773e-411b-ba29-794e41ba0e63','eb734dd0-773e-411b-ba29-794e41ba0e63',1,1,'项目发起者自动同意',NULL,'http://fusion.primihub-demo.svc.cluster.local:8080/',0,'2022-06-30 06:26:37.000','2022-06-30 06:29:30.000'),(93,'cb8694bf-78e8-40b3-9d16-1a57619f735c','794e41ba0e63-e54e0406-a2da-41c3-9290-abf5b7078693','7aeeb3aa-75cc-4e40-8692-ea5fd5f5f9f0','eb734dd0-773e-411b-ba29-794e41ba0e63',2,1,'非常愉快的同意了',NULL,'http://fusion.primihub-demo.svc.cluster.local:8080/',0,'2022-06-30 06:26:37.000','2022-06-30 06:29:30.000'),(94,'f3518239-a705-40a8-870c-71e5094659e6','794e41ba0e63-e54e0406-a2da-41c3-9290-abf5b7078693','3abfcb2a-8335-4bcc-b6f9-704a92e392fd','eb734dd0-773e-411b-ba29-794e41ba0e63',2,2,'非常不爽的拒绝了',NULL,'http://fusion.primihub-demo.svc.cluster.local:8080/',0,'2022-06-30 06:26:37.000','2022-06-30 06:29:30.000'),(95,'b851669a-29ba-4502-90b2-76d276e9314c','704a92e392fd-28b4ad3e-7671-442a-bb90-0f439e50832c','3abfcb2a-8335-4bcc-b6f9-704a92e392fd','3abfcb2a-8335-4bcc-b6f9-704a92e392fd',1,1,'项目发起者自动同意',NULL,'http://fusion.primihub-demo.svc.cluster.local:8080/',0,'2022-06-30 07:17:03.000','2022-06-30 07:26:02.000'),(96,'16ab0fc6-f8fd-428c-b219-78f3bee14e9d','704a92e392fd-28b4ad3e-7671-442a-bb90-0f439e50832c','7aeeb3aa-75cc-4e40-8692-ea5fd5f5f9f0','3abfcb2a-8335-4bcc-b6f9-704a92e392fd',2,2,'黑码',NULL,'http://fusion.primihub-demo.svc.cluster.local:8080/',0,'2022-06-30 07:17:03.000','2022-06-30 07:26:02.000'),(97,'25633ba1-fc6b-49dc-8e17-0497f010c59c','704a92e392fd-28b4ad3e-7671-442a-bb90-0f439e50832c','eb734dd0-773e-411b-ba29-794e41ba0e63','3abfcb2a-8335-4bcc-b6f9-704a92e392fd',2,1,'哈哈',NULL,'http://fusion.primihub-demo.svc.cluster.local:8080/',0,'2022-06-30 07:22:31.000','2022-06-30 07:26:02.000'),(98,'7a9db70c-f842-44b3-be3f-6f96e19f7224','704a92e392fd-c955bd25-3c62-4cb7-a32f-f947a2a73851','3abfcb2a-8335-4bcc-b6f9-704a92e392fd','3abfcb2a-8335-4bcc-b6f9-704a92e392fd',1,1,'项目发起者自动同意',NULL,'http://fusion.primihub-demo.svc.cluster.local:8080/',0,'2022-06-30 07:37:05.000','2022-06-30 07:40:25.000'),(99,'98615bd0-0ee1-4baa-984d-39af1b159672','704a92e392fd-c955bd25-3c62-4cb7-a32f-f947a2a73851','7aeeb3aa-75cc-4e40-8692-ea5fd5f5f9f0','3abfcb2a-8335-4bcc-b6f9-704a92e392fd',2,1,'5',NULL,'http://fusion.primihub-demo.svc.cluster.local:8080/',0,'2022-06-30 07:37:05.000','2022-06-30 07:40:25.000'),(100,'e309c834-2f26-4a75-a1ec-cd787213762f','704a92e392fd-c955bd25-3c62-4cb7-a32f-f947a2a73851','eb734dd0-773e-411b-ba29-794e41ba0e63','3abfcb2a-8335-4bcc-b6f9-704a92e392fd',2,1,'同意',NULL,'http://fusion.primihub-demo.svc.cluster.local:8080/',0,'2022-06-30 07:37:05.000','2022-06-30 07:40:25.000'),(101,'ba6a2641-5060-4915-8e8e-e87797230255','704a92e392fd-543ddca1-c72b-47c8-8bf2-c81ededb2165','3abfcb2a-8335-4bcc-b6f9-704a92e392fd','3abfcb2a-8335-4bcc-b6f9-704a92e392fd',1,1,'项目发起者自动同意',NULL,'http://fusion.primihub-demo.svc.cluster.local:8080/',0,'2022-06-30 12:42:50.000','2022-06-30 13:02:15.000'),(102,'22d1e6cd-7354-476f-995d-48ccecb7323b','704a92e392fd-543ddca1-c72b-47c8-8bf2-c81ededb2165','7aeeb3aa-75cc-4e40-8692-ea5fd5f5f9f0','3abfcb2a-8335-4bcc-b6f9-704a92e392fd',2,1,'999',NULL,'http://fusion.primihub-demo.svc.cluster.local:8080/',0,'2022-06-30 12:42:50.000','2022-06-30 13:02:15.000'),(103,'2342be4a-1682-467f-b37f-ed6b60ce90a8','704a92e392fd-9def63d9-c3f0-4a17-9795-62690f7c62b6','3abfcb2a-8335-4bcc-b6f9-704a92e392fd','3abfcb2a-8335-4bcc-b6f9-704a92e392fd',1,1,'项目发起者自动同意',NULL,'http://fusion.primihub-demo.svc.cluster.local:8080/',0,'2022-06-30 12:43:40.000','2022-07-01 11:17:42.000'),(104,'d157e50f-55df-400e-a089-8e106d75fa74','704a92e392fd-9def63d9-c3f0-4a17-9795-62690f7c62b6','7aeeb3aa-75cc-4e40-8692-ea5fd5f5f9f0','3abfcb2a-8335-4bcc-b6f9-704a92e392fd',2,1,'',NULL,'http://fusion.primihub-demo.svc.cluster.local:8080/',0,'2022-06-30 12:43:40.000','2022-07-01 11:17:42.000'),(105,'8bdc2f46-03d9-4c91-a2c7-1055eb2827e0','704a92e392fd-543ddca1-c72b-47c8-8bf2-c81ededb2165','eb734dd0-773e-411b-ba29-794e41ba0e63','3abfcb2a-8335-4bcc-b6f9-704a92e392fd',2,1,'999',NULL,'http://fusion.primihub-demo.svc.cluster.local:8080/',0,'2022-06-30 13:02:02.000','2022-06-30 13:02:15.000'),(106,'e3573351-6a1f-43b6-a409-4faf4397bf0a','704a92e392fd-ad1d7f73-3928-4a84-a8d9-6c3d01af411b','3abfcb2a-8335-4bcc-b6f9-704a92e392fd','3abfcb2a-8335-4bcc-b6f9-704a92e392fd',1,1,'项目发起者自动同意',NULL,'http://fusion.primihub-demo.svc.cluster.local:8080/',0,'2022-07-01 11:43:25.000','2022-07-01 11:47:36.000'),(107,'9a8fa2c7-1501-4d4d-a4de-cfb8c895d835','704a92e392fd-ad1d7f73-3928-4a84-a8d9-6c3d01af411b','7aeeb3aa-75cc-4e40-8692-ea5fd5f5f9f0','3abfcb2a-8335-4bcc-b6f9-704a92e392fd',2,1,'',NULL,'http://fusion.primihub-demo.svc.cluster.local:8080/',0,'2022-07-01 11:43:25.000','2022-07-01 11:47:36.000'),(108,'fe211022-8975-4c79-9127-5713927fdad8','704a92e392fd-ad1d7f73-3928-4a84-a8d9-6c3d01af411b','eb734dd0-773e-411b-ba29-794e41ba0e63','3abfcb2a-8335-4bcc-b6f9-704a92e392fd',2,1,'',NULL,'http://fusion.primihub-demo.svc.cluster.local:8080/',0,'2022-07-01 11:46:41.000','2022-07-01 11:47:36.000'),(109,'eb64b967-5f78-438b-b63f-6aba9889893c','ea5fd5f5f9f0-fec1b17a-d236-4214-b84b-cc75b904b9b8','7aeeb3aa-75cc-4e40-8692-ea5fd5f5f9f0','7aeeb3aa-75cc-4e40-8692-ea5fd5f5f9f0',1,1,'项目发起者自动同意',NULL,'http://fusion.primihub-demo.svc.cluster.local:8080/',0,'2022-07-01 12:05:09.000','2022-07-01 12:27:16.000'),(110,'25b2d84b-904d-4631-a1bd-a90c38a46cd9','ea5fd5f5f9f0-fec1b17a-d236-4214-b84b-cc75b904b9b8','3abfcb2a-8335-4bcc-b6f9-704a92e392fd','7aeeb3aa-75cc-4e40-8692-ea5fd5f5f9f0',2,1,'7',NULL,'http://fusion.primihub-demo.svc.cluster.local:8080/',0,'2022-07-01 12:05:09.000','2022-07-01 12:27:16.000'),(111,'af0ed5a6-ebe6-424b-aa85-37a076a5eeb2','ea5fd5f5f9f0-fec1b17a-d236-4214-b84b-cc75b904b9b8','eb734dd0-773e-411b-ba29-794e41ba0e63','7aeeb3aa-75cc-4e40-8692-ea5fd5f5f9f0',2,1,'777',NULL,'http://fusion.primihub-demo.svc.cluster.local:8080/',0,'2022-07-01 12:24:39.000','2022-07-01 12:27:16.000'),(112,'2ee43084-ab7e-438b-9388-82bbc555b264','704a92e392fd-fb30fe7e-d549-4a37-9729-b9dbf6bf94cf','3abfcb2a-8335-4bcc-b6f9-704a92e392fd','3abfcb2a-8335-4bcc-b6f9-704a92e392fd',1,1,'项目发起者自动同意',NULL,'http://fusion.primihub-demo.svc.cluster.local:8080/',0,'2022-07-01 12:31:57.000','2022-07-01 12:31:57.000'),(113,'1832598e-f7ad-4a8d-aca0-5699559a07c4','704a92e392fd-fb30fe7e-d549-4a37-9729-b9dbf6bf94cf','7aeeb3aa-75cc-4e40-8692-ea5fd5f5f9f0','3abfcb2a-8335-4bcc-b6f9-704a92e392fd',2,0,NULL,NULL,'http://fusion.primihub-demo.svc.cluster.local:8080/',0,'2022-07-01 12:31:57.000','2022-07-01 12:31:57.000'),(114,'8110e770-6852-475b-947e-92c95af4435a','ea5fd5f5f9f0-d77b34a3-01df-4c69-8b23-8fd554699d58','7aeeb3aa-75cc-4e40-8692-ea5fd5f5f9f0','7aeeb3aa-75cc-4e40-8692-ea5fd5f5f9f0',1,1,'项目发起者自动同意',NULL,'http://fusion.primihub-demo.svc.cluster.local:8080/',0,'2022-07-01 12:33:55.000','2022-07-01 12:33:55.000'),(115,'f46dc801-209c-46f9-9648-f33c8410bab5','ea5fd5f5f9f0-d77b34a3-01df-4c69-8b23-8fd554699d58','3abfcb2a-8335-4bcc-b6f9-704a92e392fd','7aeeb3aa-75cc-4e40-8692-ea5fd5f5f9f0',2,0,NULL,NULL,'http://fusion.primihub-demo.svc.cluster.local:8080/',0,'2022-07-01 12:33:55.000','2022-07-01 12:33:55.000'),(116,'547ef486-c168-4ce3-b7c2-063f82b9137e','704a92e392fd-6ed99f5e-591a-4a62-8b87-3b5777334f6d','3abfcb2a-8335-4bcc-b6f9-704a92e392fd','3abfcb2a-8335-4bcc-b6f9-704a92e392fd',1,1,'项目发起者自动同意',NULL,'http://fusion.primihub-demo.svc.cluster.local:8080/',0,'2022-07-01 13:57:18.000','2022-07-01 13:58:54.000'),(117,'e7e039e7-c1d6-41aa-a7e8-edac75f210e0','704a92e392fd-6ed99f5e-591a-4a62-8b87-3b5777334f6d','7aeeb3aa-75cc-4e40-8692-ea5fd5f5f9f0','3abfcb2a-8335-4bcc-b6f9-704a92e392fd',2,1,'444',NULL,'http://fusion.primihub-demo.svc.cluster.local:8080/',0,'2022-07-01 13:57:18.000','2022-07-01 13:58:54.000'),(118,'f23e176d-a6bb-41da-aed2-9eb02d470eae','704a92e392fd-6ed99f5e-591a-4a62-8b87-3b5777334f6d','eb734dd0-773e-411b-ba29-794e41ba0e63','3abfcb2a-8335-4bcc-b6f9-704a92e392fd',2,1,'777',NULL,'http://fusion.primihub-demo.svc.cluster.local:8080/',0,'2022-07-01 13:57:18.000','2022-07-01 13:58:54.000'),(119,'34e1a705-56fc-4ae7-a934-e6305697f584','794e41ba0e63-096071e6-4ad1-432a-a97c-613c1d0b80d0','eb734dd0-773e-411b-ba29-794e41ba0e63','eb734dd0-773e-411b-ba29-794e41ba0e63',1,1,'项目发起者自动同意',NULL,'http://fusion.primihub-demo.svc.cluster.local:8080/',0,'2022-07-01 13:59:11.000','2022-07-01 14:02:55.000'),(120,'7806b82d-3c3c-4a7c-b102-e02ca5396399','794e41ba0e63-096071e6-4ad1-432a-a97c-613c1d0b80d0','3abfcb2a-8335-4bcc-b6f9-704a92e392fd','eb734dd0-773e-411b-ba29-794e41ba0e63',2,1,'111',NULL,'http://fusion.primihub-demo.svc.cluster.local:8080/',0,'2022-07-01 13:59:11.000','2022-07-01 14:04:08.000'),(121,'19538b16-63c6-4567-adb5-56e06624bf2b','794e41ba0e63-096071e6-4ad1-432a-a97c-613c1d0b80d0','7aeeb3aa-75cc-4e40-8692-ea5fd5f5f9f0','eb734dd0-773e-411b-ba29-794e41ba0e63',2,1,'888',NULL,'http://fusion.primihub-demo.svc.cluster.local:8080/',0,'2022-07-01 13:59:11.000','2022-07-01 14:02:55.000'),(122,'b99594e3-12cf-4a60-a928-5dd51ff38a7c','704a92e392fd-4d9c1d71-fb08-46e6-912c-fc1ebd864489','3abfcb2a-8335-4bcc-b6f9-704a92e392fd','3abfcb2a-8335-4bcc-b6f9-704a92e392fd',1,1,'项目发起者自动同意',NULL,'http://fusion.primihub-demo.svc.cluster.local:8080/',0,'2022-07-01 13:59:39.000','2022-07-01 13:59:39.000'),(123,'af60d4f0-a91b-474a-8919-9aed2dad8877','704a92e392fd-4d9c1d71-fb08-46e6-912c-fc1ebd864489','7aeeb3aa-75cc-4e40-8692-ea5fd5f5f9f0','3abfcb2a-8335-4bcc-b6f9-704a92e392fd',2,0,NULL,NULL,'http://fusion.primihub-demo.svc.cluster.local:8080/',0,'2022-07-01 13:59:39.000','2022-07-01 13:59:39.000'),(124,'e5d87afe-7693-40e8-bcaf-59a6d97e7c56','704a92e392fd-4d9c1d71-fb08-46e6-912c-fc1ebd864489','eb734dd0-773e-411b-ba29-794e41ba0e63','3abfcb2a-8335-4bcc-b6f9-704a92e392fd',2,0,NULL,NULL,'http://fusion.primihub-demo.svc.cluster.local:8080/',0,'2022-07-01 13:59:39.000','2022-07-01 13:59:39.000'),(125,'425578b6-78cf-4517-880a-46ed8ece52ab','704a92e392fd-4d9c1d71-fb08-46e6-912c-fc1ebd864489','7aeeb3aa-75cc-4e40-8692-ea5fd5f5f9f0','3abfcb2a-8335-4bcc-b6f9-704a92e392fd',2,0,NULL,NULL,'http://fusion.primihub-demo.svc.cluster.local:8080/',0,'2022-07-01 13:59:39.000','2022-07-01 13:59:39.000'),(126,'a7028206-526d-4c11-ae26-396a30cf2d3b','704a92e392fd-ccf7d35c-f343-4a5e-9b10-4842047c73ae','3abfcb2a-8335-4bcc-b6f9-704a92e392fd','3abfcb2a-8335-4bcc-b6f9-704a92e392fd',1,1,'项目发起者自动同意',NULL,'http://fusion.primihub-demo.svc.cluster.local:8080/',0,'2022-07-04 03:15:38.000','2022-07-04 03:15:38.000'),(127,'19c0043a-8db0-48e5-a92a-95b31a0eaed3','704a92e392fd-ccf7d35c-f343-4a5e-9b10-4842047c73ae','eb734dd0-773e-411b-ba29-794e41ba0e63','3abfcb2a-8335-4bcc-b6f9-704a92e392fd',2,0,NULL,NULL,'http://fusion.primihub-demo.svc.cluster.local:8080/',0,'2022-07-04 03:15:38.000','2022-07-04 03:15:38.000'),(128,'26d8c51d-5c29-49ba-8d0d-fedcd8564bb7','704a92e392fd-f13bdf46-dada-4651-9bbb-65f9fbb3f979','3abfcb2a-8335-4bcc-b6f9-704a92e392fd','3abfcb2a-8335-4bcc-b6f9-704a92e392fd',1,1,'项目发起者自动同意',NULL,'http://fusion.primihub-demo.svc.cluster.local:8080/',0,'2022-07-04 03:23:46.000','2022-07-04 03:23:46.000'),(129,'fed3c33d-e359-486f-8312-f8075ebd0145','704a92e392fd-f13bdf46-dada-4651-9bbb-65f9fbb3f979','7aeeb3aa-75cc-4e40-8692-ea5fd5f5f9f0','3abfcb2a-8335-4bcc-b6f9-704a92e392fd',2,0,NULL,NULL,'http://fusion.primihub-demo.svc.cluster.local:8080/',0,'2022-07-04 03:23:46.000','2022-07-04 03:23:46.000'),(130,'db91160c-6156-4c17-9b40-7e88413cfa21','704a92e392fd-f13bdf46-dada-4651-9bbb-65f9fbb3f979','eb734dd0-773e-411b-ba29-794e41ba0e63','3abfcb2a-8335-4bcc-b6f9-704a92e392fd',2,0,NULL,NULL,'http://fusion.primihub-demo.svc.cluster.local:8080/',0,'2022-07-04 05:45:50.000','2022-07-04 05:45:50.000'),(131,'94207e10-c8ab-4ba9-b82d-58d5e46752be','704a92e392fd-ccf7d35c-f343-4a5e-9b10-4842047c73ae','7aeeb3aa-75cc-4e40-8692-ea5fd5f5f9f0','3abfcb2a-8335-4bcc-b6f9-704a92e392fd',2,0,NULL,NULL,'http://fusion.primihub-demo.svc.cluster.local:8080/',0,'2022-07-04 05:47:51.000','2022-07-04 05:47:51.000'),(132,'28f5148a-652c-4eef-ad23-1f9a90e48017','ea5fd5f5f9f0-e51c98a1-9f1c-404d-a34a-a57b8c0713f4','7aeeb3aa-75cc-4e40-8692-ea5fd5f5f9f0','7aeeb3aa-75cc-4e40-8692-ea5fd5f5f9f0',1,1,'项目发起者自动同意',NULL,'http://fusion.primihub-demo.svc.cluster.local:8080/',0,'2022-07-04 06:34:04.000','2022-07-04 06:43:02.000'),(133,'e2c686d3-6f2f-46dc-8029-f1a481544d09','ea5fd5f5f9f0-e51c98a1-9f1c-404d-a34a-a57b8c0713f4','eb734dd0-773e-411b-ba29-794e41ba0e63','7aeeb3aa-75cc-4e40-8692-ea5fd5f5f9f0',2,0,NULL,NULL,'http://fusion.primihub-demo.svc.cluster.local:8080/',0,'2022-07-04 06:34:04.000','2022-07-04 06:43:02.000'),(134,'2307437c-a2e9-4c63-8633-b958d6b6345e','ea5fd5f5f9f0-e51c98a1-9f1c-404d-a34a-a57b8c0713f4','3abfcb2a-8335-4bcc-b6f9-704a92e392fd','7aeeb3aa-75cc-4e40-8692-ea5fd5f5f9f0',2,0,NULL,NULL,'http://fusion.primihub-demo.svc.cluster.local:8080/',0,'2022-07-04 06:34:04.000','2022-07-04 06:43:02.000'),(135,'ef4cd09f-73b5-47ad-a240-408adad80e70','ea5fd5f5f9f0-74948866-ce37-41ac-bf61-ecc55d8eb6e3','7aeeb3aa-75cc-4e40-8692-ea5fd5f5f9f0','7aeeb3aa-75cc-4e40-8692-ea5fd5f5f9f0',1,1,'项目发起者自动同意',NULL,'http://fusion.primihub-demo.svc.cluster.local:8080/',0,'2022-07-04 06:51:09.000','2022-07-04 08:13:23.000'),(136,'95a0e825-7b7d-41df-a307-6190c79baf0d','ea5fd5f5f9f0-74948866-ce37-41ac-bf61-ecc55d8eb6e3','3abfcb2a-8335-4bcc-b6f9-704a92e392fd','7aeeb3aa-75cc-4e40-8692-ea5fd5f5f9f0',2,1,'同意参与',NULL,'http://fusion.primihub-demo.svc.cluster.local:8080/',0,'2022-07-04 06:51:09.000','2022-07-04 08:13:23.000'),(137,'c41a4f87-27e6-4152-af87-dff7b2cf8730','ea5fd5f5f9f0-74948866-ce37-41ac-bf61-ecc55d8eb6e3','eb734dd0-773e-411b-ba29-794e41ba0e63','7aeeb3aa-75cc-4e40-8692-ea5fd5f5f9f0',2,0,NULL,NULL,'http://fusion.primihub-demo.svc.cluster.local:8080/',0,'2022-07-04 08:13:23.000','2022-07-04 08:13:23.000'),(138,'46ba3404-9355-457d-a0dc-a3b6d3b583e3','ea5fd5f5f9f0-26e823c6-320c-454b-ae13-2f3d201c3990','7aeeb3aa-75cc-4e40-8692-ea5fd5f5f9f0','7aeeb3aa-75cc-4e40-8692-ea5fd5f5f9f0',1,1,'项目发起者自动同意',NULL,'http://fusion.primihub-demo.svc.cluster.local:8080/',0,'2022-07-04 08:28:00.000','2022-07-04 08:58:35.000'),(139,'0a082369-c202-4c11-a6f7-5059ec256e3b','ea5fd5f5f9f0-26e823c6-320c-454b-ae13-2f3d201c3990','3abfcb2a-8335-4bcc-b6f9-704a92e392fd','7aeeb3aa-75cc-4e40-8692-ea5fd5f5f9f0',2,0,NULL,NULL,'http://fusion.primihub-demo.svc.cluster.local:8080/',0,'2022-07-04 08:28:00.000','2022-07-04 08:58:35.000'),(140,'c89febcc-4d6b-4dd6-a45d-c55f935653ce','ea5fd5f5f9f0-26e823c6-320c-454b-ae13-2f3d201c3990','eb734dd0-773e-411b-ba29-794e41ba0e63','7aeeb3aa-75cc-4e40-8692-ea5fd5f5f9f0',2,0,NULL,NULL,'http://fusion.primihub-demo.svc.cluster.local:8080/',0,'2022-07-04 08:37:25.000','2022-07-04 08:58:35.000'),(141,'e8e7dba1-4062-4981-bb41-52fb5847af01','ea5fd5f5f9f0-3dacc58c-ce29-46ab-8cd7-8af4d7b992d9','7aeeb3aa-75cc-4e40-8692-ea5fd5f5f9f0','7aeeb3aa-75cc-4e40-8692-ea5fd5f5f9f0',1,1,'项目发起者自动同意',NULL,'http://fusion.primihub-demo.svc.cluster.local:8080/',0,'2022-07-04 08:39:30.000','2022-07-04 08:58:10.000'),(142,'424a87d8-9bd4-4abc-a039-12896c8b1e93','ea5fd5f5f9f0-3dacc58c-ce29-46ab-8cd7-8af4d7b992d9','3abfcb2a-8335-4bcc-b6f9-704a92e392fd','7aeeb3aa-75cc-4e40-8692-ea5fd5f5f9f0',2,0,NULL,NULL,'http://fusion.primihub-demo.svc.cluster.local:8080/',0,'2022-07-04 08:39:30.000','2022-07-04 08:58:10.000'),(143,'0cea5afb-5cc5-4713-ae58-d6db96589a46','ea5fd5f5f9f0-3dacc58c-ce29-46ab-8cd7-8af4d7b992d9','eb734dd0-773e-411b-ba29-794e41ba0e63','7aeeb3aa-75cc-4e40-8692-ea5fd5f5f9f0',2,0,NULL,NULL,'http://fusion.primihub-demo.svc.cluster.local:8080/',0,'2022-07-04 08:40:41.000','2022-07-04 08:58:10.000'),(144,'59a683c0-66e6-475b-a462-16429aec5920','ea5fd5f5f9f0-01359f16-87e1-4d07-a271-9566ef037116','7aeeb3aa-75cc-4e40-8692-ea5fd5f5f9f0','7aeeb3aa-75cc-4e40-8692-ea5fd5f5f9f0',1,1,'项目发起者自动同意',NULL,'http://fusion.primihub-demo.svc.cluster.local:8080/',0,'2022-07-04 09:54:07.000','2022-07-04 10:03:39.000'),(145,'0639a580-392f-463e-a0e7-498a66f4ddf8','ea5fd5f5f9f0-01359f16-87e1-4d07-a271-9566ef037116','3abfcb2a-8335-4bcc-b6f9-704a92e392fd','7aeeb3aa-75cc-4e40-8692-ea5fd5f5f9f0',2,0,NULL,NULL,'http://fusion.primihub-demo.svc.cluster.local:8080/',0,'2022-07-04 09:54:07.000','2022-07-04 10:03:39.000'),(146,'b772f8ad-53de-4fa0-863c-454d028816aa','ea5fd5f5f9f0-01359f16-87e1-4d07-a271-9566ef037116','eb734dd0-773e-411b-ba29-794e41ba0e63','7aeeb3aa-75cc-4e40-8692-ea5fd5f5f9f0',2,0,NULL,NULL,'http://fusion.primihub-demo.svc.cluster.local:8080/',0,'2022-07-04 09:59:27.000','2022-07-04 10:03:39.000'),(147,'8def03b3-1447-44ec-b66b-167373711ab4','ea5fd5f5f9f0-34e375ea-7bc1-42c3-a523-ab8f93f504c9','7aeeb3aa-75cc-4e40-8692-ea5fd5f5f9f0','7aeeb3aa-75cc-4e40-8692-ea5fd5f5f9f0',1,1,'项目发起者自动同意',NULL,'http://fusion.primihub-demo.svc.cluster.local:8080/',0,'2022-07-04 10:29:39.000','2022-07-04 10:29:39.000'),(148,'8a34e79f-fe07-40a3-8bb6-d75099f3dc42','ea5fd5f5f9f0-34e375ea-7bc1-42c3-a523-ab8f93f504c9','3abfcb2a-8335-4bcc-b6f9-704a92e392fd','7aeeb3aa-75cc-4e40-8692-ea5fd5f5f9f0',2,0,NULL,NULL,'http://fusion.primihub-demo.svc.cluster.local:8080/',0,'2022-07-04 10:29:39.000','2022-07-04 10:29:39.000'),(149,'21ac2358-c690-4afd-b926-c2c315a303a2','ea5fd5f5f9f0-34e375ea-7bc1-42c3-a523-ab8f93f504c9','eb734dd0-773e-411b-ba29-794e41ba0e63','7aeeb3aa-75cc-4e40-8692-ea5fd5f5f9f0',2,0,NULL,NULL,'http://fusion.primihub-demo.svc.cluster.local:8080/',0,'2022-07-04 10:29:39.000','2022-07-04 10:29:39.000'),(150,'2727837d-4274-4f4f-bf95-f0fa9a74901f','ea5fd5f5f9f0-34e375ea-7bc1-42c3-a523-ab8f93f504c9','eb734dd0-773e-411b-ba29-794e41ba0e63','7aeeb3aa-75cc-4e40-8692-ea5fd5f5f9f0',2,0,NULL,NULL,'http://fusion.primihub-demo.svc.cluster.local:8080/',0,'2022-07-04 10:29:39.000','2022-07-04 10:29:39.000'),(151,'75beb99c-a2fa-49b7-800c-22f90b332cc3','ea5fd5f5f9f0-34e375ea-7bc1-42c3-a523-ab8f93f504c9','3abfcb2a-8335-4bcc-b6f9-704a92e392fd','7aeeb3aa-75cc-4e40-8692-ea5fd5f5f9f0',2,0,NULL,NULL,'http://fusion.primihub-demo.svc.cluster.local:8080/',0,'2022-07-04 10:29:39.000','2022-07-04 10:29:39.000'),(152,'bcf0b134-169d-42d6-be45-5841430efb91','ea5fd5f5f9f0-34e375ea-7bc1-42c3-a523-ab8f93f504c9','3abfcb2a-8335-4bcc-b6f9-704a92e392fd','7aeeb3aa-75cc-4e40-8692-ea5fd5f5f9f0',2,0,NULL,NULL,'http://fusion.primihub-demo.svc.cluster.local:8080/',0,'2022-07-04 10:29:39.000','2022-07-04 10:29:39.000'),(153,'9d07ee8c-9374-472f-b71b-badaafaedd23','ea5fd5f5f9f0-34e375ea-7bc1-42c3-a523-ab8f93f504c9','eb734dd0-773e-411b-ba29-794e41ba0e63','7aeeb3aa-75cc-4e40-8692-ea5fd5f5f9f0',2,0,NULL,NULL,'http://fusion.primihub-demo.svc.cluster.local:8080/',0,'2022-07-04 10:29:39.000','2022-07-04 10:29:39.000'),(154,'c517a34e-ab0d-48b7-b4ab-fe11ed8c8452','ea5fd5f5f9f0-34e375ea-7bc1-42c3-a523-ab8f93f504c9','eb734dd0-773e-411b-ba29-794e41ba0e63','7aeeb3aa-75cc-4e40-8692-ea5fd5f5f9f0',2,0,NULL,NULL,'http://fusion.primihub-demo.svc.cluster.local:8080/',0,'2022-07-04 10:29:39.000','2022-07-04 10:29:39.000'),(155,'ec3879de-dffe-48b2-98c1-1316380d3a9e','ea5fd5f5f9f0-34e375ea-7bc1-42c3-a523-ab8f93f504c9','3abfcb2a-8335-4bcc-b6f9-704a92e392fd','7aeeb3aa-75cc-4e40-8692-ea5fd5f5f9f0',2,0,NULL,NULL,'http://fusion.primihub-demo.svc.cluster.local:8080/',0,'2022-07-04 10:29:39.000','2022-07-04 10:29:39.000'),(156,'1a6b0a1e-3f8d-4f4c-93d0-50c753f28f41','ea5fd5f5f9f0-34e375ea-7bc1-42c3-a523-ab8f93f504c9','eb734dd0-773e-411b-ba29-794e41ba0e63','7aeeb3aa-75cc-4e40-8692-ea5fd5f5f9f0',2,0,NULL,NULL,'http://fusion.primihub-demo.svc.cluster.local:8080/',0,'2022-07-04 10:29:39.000','2022-07-04 10:29:39.000'),(157,'a8375ebe-f780-404b-9958-03b4ecd3bc3f','ea5fd5f5f9f0-34e375ea-7bc1-42c3-a523-ab8f93f504c9','3abfcb2a-8335-4bcc-b6f9-704a92e392fd','7aeeb3aa-75cc-4e40-8692-ea5fd5f5f9f0',2,0,NULL,NULL,'http://fusion.primihub-demo.svc.cluster.local:8080/',0,'2022-07-04 10:29:39.000','2022-07-04 10:29:39.000'),(158,'c5ddc64d-17dd-4f1c-a636-76002564f93e','ea5fd5f5f9f0-e8d7779d-5099-4582-b707-a429e10a4786','3abfcb2a-8335-4bcc-b6f9-704a92e392fd','7aeeb3aa-75cc-4e40-8692-ea5fd5f5f9f0',2,1,'',NULL,'http://fusion.primihub-demo.svc.cluster.local:8080/',0,'2022-07-04 11:08:21.000','2022-07-04 11:40:57.000'),(159,'00687e90-d039-46fc-83a8-3156bee2b7ef','ea5fd5f5f9f0-e8d7779d-5099-4582-b707-a429e10a4786','7aeeb3aa-75cc-4e40-8692-ea5fd5f5f9f0','7aeeb3aa-75cc-4e40-8692-ea5fd5f5f9f0',1,1,'项目发起者自动同意',NULL,'http://fusion.primihub-demo.svc.cluster.local:8080/',0,'2022-07-04 11:08:21.000','2022-07-04 11:40:57.000'),(160,'a3aa65c6-690e-4f22-8ac1-c812121bc15b','ea5fd5f5f9f0-e8d7779d-5099-4582-b707-a429e10a4786','eb734dd0-773e-411b-ba29-794e41ba0e63','7aeeb3aa-75cc-4e40-8692-ea5fd5f5f9f0',2,1,'',NULL,'http://fusion.primihub-demo.svc.cluster.local:8080/',0,'2022-07-04 11:08:36.000','2022-07-04 11:40:57.000'),(161,'76c6fab9-cc79-43c2-8628-b8539f82f919','ea5fd5f5f9f0-b51d2477-ca2c-4c17-b721-7d2cc7272705','eb734dd0-773e-411b-ba29-794e41ba0e63','7aeeb3aa-75cc-4e40-8692-ea5fd5f5f9f0',2,0,NULL,NULL,'http://fusion.primihub-demo.svc.cluster.local:8080/',0,'2022-07-05 02:15:11.000','2022-07-05 02:15:48.000'),(162,'684a0295-c28e-4ae9-869f-76233018d840','ea5fd5f5f9f0-b51d2477-ca2c-4c17-b721-7d2cc7272705','3abfcb2a-8335-4bcc-b6f9-704a92e392fd','7aeeb3aa-75cc-4e40-8692-ea5fd5f5f9f0',2,0,NULL,NULL,'http://fusion.primihub-demo.svc.cluster.local:8080/',0,'2022-07-05 02:15:11.000','2022-07-05 02:15:48.000'),(163,'cfadfed2-26e2-4a5a-88d2-2f6ba9ff7ac0','ea5fd5f5f9f0-b51d2477-ca2c-4c17-b721-7d2cc7272705','7aeeb3aa-75cc-4e40-8692-ea5fd5f5f9f0','7aeeb3aa-75cc-4e40-8692-ea5fd5f5f9f0',1,1,'项目发起者自动同意',NULL,'http://fusion.primihub-demo.svc.cluster.local:8080/',0,'2022-07-05 02:15:11.000','2022-07-05 02:15:48.000'),(164,'c7a94282-4d49-456e-8466-f9aff3964a23','ea5fd5f5f9f0-422c5bbc-4b06-49ae-b5ae-f474902f05bc','3abfcb2a-8335-4bcc-b6f9-704a92e392fd','7aeeb3aa-75cc-4e40-8692-ea5fd5f5f9f0',2,0,NULL,NULL,'http://fusion.primihub-demo.svc.cluster.local:8080/',0,'2022-07-05 02:16:08.000','2022-07-05 02:18:01.000'),(165,'d0b5d4a2-5b1a-41c0-97cc-cb56dcc062cf','ea5fd5f5f9f0-422c5bbc-4b06-49ae-b5ae-f474902f05bc','7aeeb3aa-75cc-4e40-8692-ea5fd5f5f9f0','7aeeb3aa-75cc-4e40-8692-ea5fd5f5f9f0',1,1,'项目发起者自动同意',NULL,'http://fusion.primihub-demo.svc.cluster.local:8080/',0,'2022-07-05 02:16:08.000','2022-07-05 02:18:01.000'),(166,'da4d964e-33c9-4d09-bead-6addbbb52855','ea5fd5f5f9f0-422c5bbc-4b06-49ae-b5ae-f474902f05bc','eb734dd0-773e-411b-ba29-794e41ba0e63','7aeeb3aa-75cc-4e40-8692-ea5fd5f5f9f0',2,1,'',NULL,'http://fusion.primihub-demo.svc.cluster.local:8080/',0,'2022-07-05 02:16:50.000','2022-07-05 02:18:01.000'),(167,'09663595-faf4-44c8-baf2-932afb798fce','ea5fd5f5f9f0-ff20f24e-18fc-4410-9e0f-fab767ef777d','7aeeb3aa-75cc-4e40-8692-ea5fd5f5f9f0','7aeeb3aa-75cc-4e40-8692-ea5fd5f5f9f0',1,1,'项目发起者自动同意',NULL,'http://fusion.primihub-demo.svc.cluster.local:8080/',0,'2022-07-05 09:58:48.000','2022-07-08 11:15:09.000'),(168,'597518f9-c197-4fd2-928b-63957281af80','ea5fd5f5f9f0-ff20f24e-18fc-4410-9e0f-fab767ef777d','3abfcb2a-8335-4bcc-b6f9-704a92e392fd','7aeeb3aa-75cc-4e40-8692-ea5fd5f5f9f0',2,1,'666',NULL,'http://fusion.primihub-demo.svc.cluster.local:8080/',0,'2022-07-05 09:58:48.000','2022-07-08 11:15:09.000'),(169,'87c9a09f-9a27-46a7-9152-c31a9e5883f2','704a92e392fd-e26669f3-efe5-4619-bca6-5cf75f6eba4e','3abfcb2a-8335-4bcc-b6f9-704a92e392fd','3abfcb2a-8335-4bcc-b6f9-704a92e392fd',1,1,'项目发起者自动同意',NULL,'http://fusion.primihub-demo.svc.cluster.local:8080/',0,'2022-07-05 10:45:02.000','2022-07-11 02:09:46.000'),(170,'1fbb1203-6268-48cd-80f8-b1f663d8a082','704a92e392fd-e26669f3-efe5-4619-bca6-5cf75f6eba4e','7aeeb3aa-75cc-4e40-8692-ea5fd5f5f9f0','3abfcb2a-8335-4bcc-b6f9-704a92e392fd',2,1,'',NULL,'http://fusion.primihub-demo.svc.cluster.local:8080/',0,'2022-07-05 10:45:02.000','2022-07-11 02:09:46.000'),(171,'a3a56a95-173d-4267-ad5f-077edb1ee422','704a92e392fd-e26669f3-efe5-4619-bca6-5cf75f6eba4e','eb734dd0-773e-411b-ba29-794e41ba0e63','3abfcb2a-8335-4bcc-b6f9-704a92e392fd',2,1,'',NULL,'http://fusion.primihub-demo.svc.cluster.local:8080/',0,'2022-07-05 10:46:11.000','2022-07-11 02:09:46.000'),(172,'13275e2d-2eec-4abe-91b5-f621becfec3d','704a92e392fd-b9565e21-a156-48b3-b9bb-6ee036bce019','3abfcb2a-8335-4bcc-b6f9-704a92e392fd','3abfcb2a-8335-4bcc-b6f9-704a92e392fd',1,1,'项目发起者自动同意',NULL,'http://fusion.primihub-demo.svc.cluster.local:8080/',0,'2022-07-07 10:05:33.000','2022-07-07 10:05:33.000'),(173,'95f7c463-ef74-4cfc-90fc-d228c0de3a95','704a92e392fd-b9565e21-a156-48b3-b9bb-6ee036bce019','7aeeb3aa-75cc-4e40-8692-ea5fd5f5f9f0','3abfcb2a-8335-4bcc-b6f9-704a92e392fd',2,1,'34535',NULL,'http://fusion.primihub-demo.svc.cluster.local:8080/',0,'2022-07-07 10:05:33.000','2022-07-07 12:35:12.000'),(174,'da69f459-e68c-446b-ba39-f4f8abd0770e','ea5fd5f5f9f0-0fec2196-c65e-48d3-bb4a-595ac859186b','3abfcb2a-8335-4bcc-b6f9-704a92e392fd','7aeeb3aa-75cc-4e40-8692-ea5fd5f5f9f0',2,1,'',NULL,'http://fusion.primihub-demo.svc.cluster.local:8080/',0,'2022-07-08 14:16:28.000','2022-07-08 14:18:25.000'),(175,'81113841-0b8c-4c8a-a92c-20845c0f6ce0','ea5fd5f5f9f0-0fec2196-c65e-48d3-bb4a-595ac859186b','7aeeb3aa-75cc-4e40-8692-ea5fd5f5f9f0','7aeeb3aa-75cc-4e40-8692-ea5fd5f5f9f0',1,1,'项目发起者自动同意',NULL,'http://fusion.primihub-demo.svc.cluster.local:8080/',0,'2022-07-08 14:16:28.000','2022-07-08 14:16:28.000'),(176,'1988ad01-f6c3-4f96-83ec-2926d5262e9a','704a92e392fd-6eb348bf-5229-43c1-b57a-0048365b9dff','7aeeb3aa-75cc-4e40-8692-ea5fd5f5f9f0','3abfcb2a-8335-4bcc-b6f9-704a92e392fd',2,0,NULL,NULL,'http://fusion.primihub-demo.svc.cluster.local:8080/',0,'2022-07-08 17:03:07.000','2022-07-08 17:03:07.000'),(177,'d435b5ef-8978-486c-b47f-09cdb50d5267','704a92e392fd-6eb348bf-5229-43c1-b57a-0048365b9dff','eb734dd0-773e-411b-ba29-794e41ba0e63','3abfcb2a-8335-4bcc-b6f9-704a92e392fd',2,0,NULL,NULL,'http://fusion.primihub-demo.svc.cluster.local:8080/',0,'2022-07-08 17:03:07.000','2022-07-08 17:03:07.000'),(178,'919f8f3e-3eed-42cd-a7a6-8e3ff26beba3','704a92e392fd-6eb348bf-5229-43c1-b57a-0048365b9dff','3abfcb2a-8335-4bcc-b6f9-704a92e392fd','3abfcb2a-8335-4bcc-b6f9-704a92e392fd',1,1,'项目发起者自动同意',NULL,'http://fusion.primihub-demo.svc.cluster.local:8080/',0,'2022-07-08 17:03:07.000','2022-07-08 17:03:07.000'),(179,'3b21cd0c-7c5e-4dff-827b-b664d951a2f2','ea5fd5f5f9f0-d58d9cc6-7891-4107-8477-ed25817ac2e9','3abfcb2a-8335-4bcc-b6f9-704a92e392fd','7aeeb3aa-75cc-4e40-8692-ea5fd5f5f9f0',2,1,'同意',NULL,'http://fusion.primihub-demo.svc.cluster.local:8080/',0,'2022-07-09 06:13:04.000','2022-07-09 16:09:45.000'),(180,'9e27500e-2e7c-4f98-88a8-8b8e99081b59','ea5fd5f5f9f0-d58d9cc6-7891-4107-8477-ed25817ac2e9','7aeeb3aa-75cc-4e40-8692-ea5fd5f5f9f0','7aeeb3aa-75cc-4e40-8692-ea5fd5f5f9f0',1,1,'项目发起者自动同意',NULL,'http://fusion.primihub-demo.svc.cluster.local:8080/',0,'2022-07-09 06:13:04.000','2022-07-09 16:09:45.000'),(181,'0419bddf-f81b-4d1a-8952-eabb4310916e','ea5fd5f5f9f0-ab22a4ee-7a6c-47e0-81ea-5fafe7ddf215','3abfcb2a-8335-4bcc-b6f9-704a92e392fd','7aeeb3aa-75cc-4e40-8692-ea5fd5f5f9f0',2,1,'',NULL,'http://fusion.primihub-demo.svc.cluster.local:8080/',0,'2022-07-09 08:07:29.000','2022-07-11 08:22:52.000'),(182,'9ae6e361-b452-4ff9-a55e-824578fa7fd8','ea5fd5f5f9f0-ab22a4ee-7a6c-47e0-81ea-5fafe7ddf215','7aeeb3aa-75cc-4e40-8692-ea5fd5f5f9f0','7aeeb3aa-75cc-4e40-8692-ea5fd5f5f9f0',1,1,'项目发起者自动同意',NULL,'http://fusion.primihub-demo.svc.cluster.local:8080/',0,'2022-07-09 08:07:29.000','2022-07-11 08:22:52.000'),(183,'5e6cf17f-c708-49d6-8f64-c0d81bfdb4a1','704a92e392fd-083e9e3b-4d03-4ff0-860b-fa786e345680','7aeeb3aa-75cc-4e40-8692-ea5fd5f5f9f0','3abfcb2a-8335-4bcc-b6f9-704a92e392fd',2,1,'',NULL,'http://fusion.primihub-demo.svc.cluster.local:8080/',0,'2022-07-09 08:11:13.000','2022-07-09 08:13:53.000'),(184,'bfb8cdb7-a92d-4063-a502-e9b51e804c78','704a92e392fd-083e9e3b-4d03-4ff0-860b-fa786e345680','3abfcb2a-8335-4bcc-b6f9-704a92e392fd','3abfcb2a-8335-4bcc-b6f9-704a92e392fd',1,1,'项目发起者自动同意',NULL,'http://fusion.primihub-demo.svc.cluster.local:8080/',0,'2022-07-09 08:11:13.000','2022-07-09 08:11:13.000'),(185,'d63d4238-d166-4787-b0a0-1c2122b7e2d9','704a92e392fd-7dde01ea-5ee7-41f4-8728-93f8e86c2416','7aeeb3aa-75cc-4e40-8692-ea5fd5f5f9f0','3abfcb2a-8335-4bcc-b6f9-704a92e392fd',2,1,'',NULL,'http://fusion.primihub-demo.svc.cluster.local:8080/',0,'2022-07-09 12:43:09.000','2022-07-09 16:23:05.000'),(186,'5d3a2832-40bd-4f60-8988-b2e3f4628c28','704a92e392fd-7dde01ea-5ee7-41f4-8728-93f8e86c2416','3abfcb2a-8335-4bcc-b6f9-704a92e392fd','3abfcb2a-8335-4bcc-b6f9-704a92e392fd',1,1,'项目发起者自动同意',NULL,'http://fusion.primihub-demo.svc.cluster.local:8080/',0,'2022-07-09 12:43:09.000','2022-07-09 16:23:05.000'),(187,'ec224274-53c4-4f56-8d57-447ffd7ebf6d','704a92e392fd-18113e36-4874-449c-a521-870a81ad33a7','7aeeb3aa-75cc-4e40-8692-ea5fd5f5f9f0','3abfcb2a-8335-4bcc-b6f9-704a92e392fd',2,1,'',NULL,'http://fusion.primihub-demo.svc.cluster.local:8080/',0,'2022-07-10 14:10:02.000','2022-07-10 14:11:16.000'),(188,'8c1c1f3a-3a1e-4396-9a10-c3c811a648cf','704a92e392fd-18113e36-4874-449c-a521-870a81ad33a7','3abfcb2a-8335-4bcc-b6f9-704a92e392fd','3abfcb2a-8335-4bcc-b6f9-704a92e392fd',1,1,'项目发起者自动同意',NULL,'http://fusion.primihub-demo.svc.cluster.local:8080/',0,'2022-07-10 14:10:02.000','2022-07-10 14:11:16.000'),(189,'cb8c70f9-ea6d-48cb-8216-cef1b69e6ac8','704a92e392fd-d4903bb7-d131-4967-8663-a15fab8f8caa','7aeeb3aa-75cc-4e40-8692-ea5fd5f5f9f0','3abfcb2a-8335-4bcc-b6f9-704a92e392fd',2,0,NULL,NULL,'http://fusion.primihub-demo.svc.cluster.local:8080/',0,'2022-07-11 07:45:49.000','2022-07-11 07:45:49.000'),(190,'246c51dd-45a6-4c98-86b1-468077e13702','704a92e392fd-d4903bb7-d131-4967-8663-a15fab8f8caa','3abfcb2a-8335-4bcc-b6f9-704a92e392fd','3abfcb2a-8335-4bcc-b6f9-704a92e392fd',1,1,'项目发起者自动同意',NULL,'http://fusion.primihub-demo.svc.cluster.local:8080/',0,'2022-07-11 07:45:49.000','2022-07-11 07:45:49.000'),(191,'d774ce2c-ddbb-4029-8148-30d3cf495e1d','794e41ba0e63-c0cea96b-108b-471e-b5cd-5ff3b784a916','7aeeb3aa-75cc-4e40-8692-ea5fd5f5f9f0','eb734dd0-773e-411b-ba29-794e41ba0e63',2,1,'',NULL,'http://fusion.primihub-demo.svc.cluster.local:8080/',0,'2022-07-11 12:02:17.000','2022-07-15 10:12:41.000'),(192,'7a8de359-048e-4131-9c14-de85d412885f','794e41ba0e63-c0cea96b-108b-471e-b5cd-5ff3b784a916','eb734dd0-773e-411b-ba29-794e41ba0e63','eb734dd0-773e-411b-ba29-794e41ba0e63',1,1,'项目发起者自动同意',NULL,'http://fusion.primihub-demo.svc.cluster.local:8080/',0,'2022-07-11 12:02:17.000','2022-07-15 10:12:41.000'),(193,'796c5a3c-f9fd-441c-9e57-d46189eab284','794e41ba0e63-c0cea96b-108b-471e-b5cd-5ff3b784a916','3abfcb2a-8335-4bcc-b6f9-704a92e392fd','eb734dd0-773e-411b-ba29-794e41ba0e63',2,1,'',NULL,'http://fusion.primihub-demo.svc.cluster.local:8080/',0,'2022-07-11 12:02:17.000','2022-07-15 10:12:41.000'),(194,'6ba285c5-4b85-48f3-b66c-c47a6a42e735','794e41ba0e63-97ef0324-a273-49cf-b7a8-b0788d556cd1','7aeeb3aa-75cc-4e40-8692-ea5fd5f5f9f0','eb734dd0-773e-411b-ba29-794e41ba0e63',2,0,NULL,NULL,'http://fusion.primihub-demo.svc.cluster.local:8080/',0,'2022-07-11 12:07:01.000','2022-07-11 12:09:47.000'),(195,'73f1567e-236d-416f-bba6-bfa107c3731a','794e41ba0e63-97ef0324-a273-49cf-b7a8-b0788d556cd1','3abfcb2a-8335-4bcc-b6f9-704a92e392fd','eb734dd0-773e-411b-ba29-794e41ba0e63',2,0,NULL,NULL,'http://fusion.primihub-demo.svc.cluster.local:8080/',0,'2022-07-11 12:07:01.000','2022-07-11 12:09:47.000'),(196,'eac0563c-01ac-4f28-b7cf-a7fb256f9147','794e41ba0e63-97ef0324-a273-49cf-b7a8-b0788d556cd1','eb734dd0-773e-411b-ba29-794e41ba0e63','eb734dd0-773e-411b-ba29-794e41ba0e63',1,1,'项目发起者自动同意',NULL,'http://fusion.primihub-demo.svc.cluster.local:8080/',0,'2022-07-11 12:07:01.000','2022-07-11 12:09:47.000'),(197,'ae85e854-705d-4293-9283-4aa3ec9d46da','ea5fd5f5f9f0-cd657924-2e44-4321-a8e4-968ef33050cc','3abfcb2a-8335-4bcc-b6f9-704a92e392fd','7aeeb3aa-75cc-4e40-8692-ea5fd5f5f9f0',2,1,'',NULL,'http://fusion.primihub-demo.svc.cluster.local:8080/',0,'2022-07-12 02:43:22.000','2022-07-12 03:01:47.000'),(198,'222a4266-11fa-4ced-86e8-30a22b9225f0','ea5fd5f5f9f0-cd657924-2e44-4321-a8e4-968ef33050cc','eb734dd0-773e-411b-ba29-794e41ba0e63','7aeeb3aa-75cc-4e40-8692-ea5fd5f5f9f0',2,1,'',NULL,'http://fusion.primihub-demo.svc.cluster.local:8080/',0,'2022-07-12 02:43:22.000','2022-07-12 03:01:47.000'),(199,'39358f32-5e68-4b48-a193-5630a29a756c','ea5fd5f5f9f0-cd657924-2e44-4321-a8e4-968ef33050cc','7aeeb3aa-75cc-4e40-8692-ea5fd5f5f9f0','7aeeb3aa-75cc-4e40-8692-ea5fd5f5f9f0',1,1,'项目发起者自动同意',NULL,'http://fusion.primihub-demo.svc.cluster.local:8080/',0,'2022-07-12 02:43:22.000','2022-07-12 03:01:47.000'),(200,'9ae96db7-9db7-4ae1-8d8c-e32245eef5fc','ea5fd5f5f9f0-1c59bbf5-62f0-4ce2-b01d-44b432440ee4','3abfcb2a-8335-4bcc-b6f9-704a92e392fd','7aeeb3aa-75cc-4e40-8692-ea5fd5f5f9f0',2,0,NULL,NULL,'http://fusion.primihub-demo.svc.cluster.local:8080/',0,'2022-07-12 03:34:57.000','2022-07-12 07:39:26.000'),(201,'ac1e07b5-11de-4e72-8a27-4ffe818531b6','ea5fd5f5f9f0-1c59bbf5-62f0-4ce2-b01d-44b432440ee4','7aeeb3aa-75cc-4e40-8692-ea5fd5f5f9f0','7aeeb3aa-75cc-4e40-8692-ea5fd5f5f9f0',1,1,'项目发起者自动同意',NULL,'http://fusion.primihub-demo.svc.cluster.local:8080/',0,'2022-07-12 03:34:57.000','2022-07-12 07:39:26.000'),(202,'d185732e-f1ee-4297-8502-963dd188bd60','ea5fd5f5f9f0-1c59bbf5-62f0-4ce2-b01d-44b432440ee4','eb734dd0-773e-411b-ba29-794e41ba0e63','7aeeb3aa-75cc-4e40-8692-ea5fd5f5f9f0',2,0,NULL,NULL,'http://fusion.primihub-demo.svc.cluster.local:8080/',0,'2022-07-12 07:35:15.000','2022-07-12 07:39:26.000'),(203,'cace1abe-d619-492a-b106-b95ff8695d50','ea5fd5f5f9f0-0e0277d9-2d84-4b67-bec1-145ffa807cd7','3abfcb2a-8335-4bcc-b6f9-704a92e392fd','7aeeb3aa-75cc-4e40-8692-ea5fd5f5f9f0',2,0,NULL,NULL,'http://fusion.primihub-demo.svc.cluster.local:8080/',0,'2022-07-12 07:40:49.000','2022-07-12 08:15:17.000'),(204,'968e30b4-a7b0-4758-b8f5-ce2aec5a7687','ea5fd5f5f9f0-0e0277d9-2d84-4b67-bec1-145ffa807cd7','7aeeb3aa-75cc-4e40-8692-ea5fd5f5f9f0','7aeeb3aa-75cc-4e40-8692-ea5fd5f5f9f0',1,1,'项目发起者自动同意',NULL,'http://fusion.primihub-demo.svc.cluster.local:8080/',0,'2022-07-12 07:40:49.000','2022-07-12 08:15:17.000'),(205,'d242c31a-0d38-4a9c-831d-d7de9ee36916','ea5fd5f5f9f0-0e0277d9-2d84-4b67-bec1-145ffa807cd7','eb734dd0-773e-411b-ba29-794e41ba0e63','7aeeb3aa-75cc-4e40-8692-ea5fd5f5f9f0',2,0,NULL,NULL,'http://fusion.primihub-demo.svc.cluster.local:8080/',0,'2022-07-12 08:15:17.000','2022-07-12 08:15:17.000'),(206,'5444fc26-9b9d-43d5-b532-1ed6e4118766','704a92e392fd-b6c716eb-555e-4c2c-828b-2bccb17dd230','7aeeb3aa-75cc-4e40-8692-ea5fd5f5f9f0','3abfcb2a-8335-4bcc-b6f9-704a92e392fd',2,1,'',NULL,'http://fusion.primihub-demo.svc.cluster.local:8080/',0,'2022-07-12 09:01:25.000','2022-07-15 08:37:54.000'),(207,'f9591fb5-7b3f-4d8e-98f5-dccadaa88bf9','704a92e392fd-b6c716eb-555e-4c2c-828b-2bccb17dd230','3abfcb2a-8335-4bcc-b6f9-704a92e392fd','3abfcb2a-8335-4bcc-b6f9-704a92e392fd',1,1,'项目发起者自动同意',NULL,'http://fusion.primihub-demo.svc.cluster.local:8080/',0,'2022-07-12 09:01:25.000','2022-07-12 09:01:25.000'),(208,'f020f3c2-f2e7-491b-94d7-427ee61add97','ea5fd5f5f9f0-acdb0c7d-5ce5-4559-9168-6e45bf10e665','3abfcb2a-8335-4bcc-b6f9-704a92e392fd','7aeeb3aa-75cc-4e40-8692-ea5fd5f5f9f0',2,1,'',NULL,'http://fusion.primihub-demo.svc.cluster.local:8080/',0,'2022-07-12 10:55:18.000','2022-07-15 10:02:12.000'),(209,'4baec916-359e-4962-85c2-0c53584f35b8','ea5fd5f5f9f0-acdb0c7d-5ce5-4559-9168-6e45bf10e665','eb734dd0-773e-411b-ba29-794e41ba0e63','7aeeb3aa-75cc-4e40-8692-ea5fd5f5f9f0',2,0,NULL,NULL,'http://fusion.primihub-demo.svc.cluster.local:8080/',0,'2022-07-12 10:55:18.000','2022-07-12 10:55:18.000'),(210,'e88f3c61-1796-4abe-9e14-868e38493025','ea5fd5f5f9f0-acdb0c7d-5ce5-4559-9168-6e45bf10e665','7aeeb3aa-75cc-4e40-8692-ea5fd5f5f9f0','7aeeb3aa-75cc-4e40-8692-ea5fd5f5f9f0',1,1,'项目发起者自动同意',NULL,'http://fusion.primihub-demo.svc.cluster.local:8080/',0,'2022-07-12 10:55:18.000','2022-07-12 10:55:18.000'),(211,'40259ba2-86e5-4294-a739-f1b7e9fd720a','704a92e392fd-23c978b5-e99d-4273-9f78-cbf02ff3d7d2','7aeeb3aa-75cc-4e40-8692-ea5fd5f5f9f0','3abfcb2a-8335-4bcc-b6f9-704a92e392fd',2,1,'',NULL,'http://fusion.primihub-demo.svc.cluster.local:8080/',0,'2022-07-13 02:02:48.000','2022-07-15 07:11:43.000'),(212,'e965bb10-c8ee-4538-9d76-f95d5d1194e5','704a92e392fd-23c978b5-e99d-4273-9f78-cbf02ff3d7d2','3abfcb2a-8335-4bcc-b6f9-704a92e392fd','3abfcb2a-8335-4bcc-b6f9-704a92e392fd',1,1,'项目发起者自动同意',NULL,'http://fusion.primihub-demo.svc.cluster.local:8080/',0,'2022-07-13 02:02:48.000','2022-07-13 02:02:48.000'),(213,'7808fae1-591c-4f48-9fc5-dce454be1f1b','ea5fd5f5f9f0-a6b28dd7-d9df-4df2-ad7f-1b6e41cc13e9','3abfcb2a-8335-4bcc-b6f9-704a92e392fd','7aeeb3aa-75cc-4e40-8692-ea5fd5f5f9f0',2,1,'',NULL,'http://fusion.primihub-demo.svc.cluster.local:8080/',0,'2022-07-13 02:38:15.000','2022-07-13 03:46:35.000'),(214,'3c4682e7-963e-436b-acd9-4bc777221f20','ea5fd5f5f9f0-a6b28dd7-d9df-4df2-ad7f-1b6e41cc13e9','7aeeb3aa-75cc-4e40-8692-ea5fd5f5f9f0','7aeeb3aa-75cc-4e40-8692-ea5fd5f5f9f0',1,1,'项目发起者自动同意',NULL,'http://fusion.primihub-demo.svc.cluster.local:8080/',0,'2022-07-13 02:38:15.000','2022-07-13 03:46:04.000'),(215,'27a56541-9db1-44e1-9f7c-ef04232ff385','ea5fd5f5f9f0-b40d1512-a33d-4bb1-a0c8-6307729ec277','3abfcb2a-8335-4bcc-b6f9-704a92e392fd','7aeeb3aa-75cc-4e40-8692-ea5fd5f5f9f0',2,0,NULL,NULL,'http://fusion.primihub-demo.svc.cluster.local:8080/',0,'2022-07-14 10:48:45.000','2022-07-14 10:48:45.000'),(216,'2f687daa-d0d9-4d8a-b83f-ab7b15db34b5','ea5fd5f5f9f0-b40d1512-a33d-4bb1-a0c8-6307729ec277','7aeeb3aa-75cc-4e40-8692-ea5fd5f5f9f0','7aeeb3aa-75cc-4e40-8692-ea5fd5f5f9f0',1,1,'项目发起者自动同意',NULL,'http://fusion.primihub-demo.svc.cluster.local:8080/',0,'2022-07-14 10:48:45.000','2022-07-14 10:48:45.000'),(217,'9d9b1ea9-4b5a-4604-8c20-5ba282798d53','ea5fd5f5f9f0-b03a29c2-3d09-4dcf-9c61-6f08021ef412','3abfcb2a-8335-4bcc-b6f9-704a92e392fd','7aeeb3aa-75cc-4e40-8692-ea5fd5f5f9f0',2,0,NULL,NULL,'http://fusion.primihub-demo.svc.cluster.local:8080/',0,'2022-07-15 06:41:50.000','2022-07-15 06:42:28.000'),(218,'f7752c06-7264-4cb7-bc76-ffa6994b86b7','ea5fd5f5f9f0-b03a29c2-3d09-4dcf-9c61-6f08021ef412','7aeeb3aa-75cc-4e40-8692-ea5fd5f5f9f0','7aeeb3aa-75cc-4e40-8692-ea5fd5f5f9f0',1,1,'项目发起者自动同意',NULL,'http://fusion.primihub-demo.svc.cluster.local:8080/',0,'2022-07-15 06:41:50.000','2022-07-15 06:42:28.000'),(219,'15f8b5dc-f238-4c0a-97c0-afb14300393c','ea5fd5f5f9f0-b03a29c2-3d09-4dcf-9c61-6f08021ef412','eb734dd0-773e-411b-ba29-794e41ba0e63','7aeeb3aa-75cc-4e40-8692-ea5fd5f5f9f0',2,0,NULL,NULL,'http://fusion.primihub-demo.svc.cluster.local:8080/',0,'2022-07-15 06:42:28.000','2022-07-15 06:42:28.000'),(220,'bf9d31ae-4cdd-4618-8774-601cf99d4563','ea5fd5f5f9f0-0882e86f-02cf-487c-b451-859518d6ff1f','3abfcb2a-8335-4bcc-b6f9-704a92e392fd','7aeeb3aa-75cc-4e40-8692-ea5fd5f5f9f0',2,0,NULL,NULL,'http://fusion.primihub-demo.svc.cluster.local:8080/',0,'2022-07-15 06:56:00.000','2022-07-15 06:56:05.000'),(221,'d325fd84-56b1-4749-996f-b95432480a41','ea5fd5f5f9f0-0882e86f-02cf-487c-b451-859518d6ff1f','7aeeb3aa-75cc-4e40-8692-ea5fd5f5f9f0','7aeeb3aa-75cc-4e40-8692-ea5fd5f5f9f0',1,1,'项目发起者自动同意',NULL,'http://fusion.primihub-demo.svc.cluster.local:8080/',0,'2022-07-15 06:56:00.000','2022-07-15 06:56:05.000'),(222,'cd7d8e5a-53a5-40ee-ad72-58843db2a6a7','ea5fd5f5f9f0-0882e86f-02cf-487c-b451-859518d6ff1f','eb734dd0-773e-411b-ba29-794e41ba0e63','7aeeb3aa-75cc-4e40-8692-ea5fd5f5f9f0',2,0,NULL,NULL,'http://fusion.primihub-demo.svc.cluster.local:8080/',0,'2022-07-15 06:56:05.000','2022-07-15 06:56:05.000'),(223,'ace7ca28-a208-4052-8054-bdf2f3bd60ce','ea5fd5f5f9f0-b83dd0f5-c96a-45cf-b4df-411ff8edbb92','3abfcb2a-8335-4bcc-b6f9-704a92e392fd','7aeeb3aa-75cc-4e40-8692-ea5fd5f5f9f0',2,0,NULL,NULL,'http://fusion.primihub-demo.svc.cluster.local:8080/',0,'2022-07-15 07:25:15.000','2022-07-15 07:25:15.000'),(224,'7600a948-0f90-49a0-af2a-e2ed45102e54','ea5fd5f5f9f0-b83dd0f5-c96a-45cf-b4df-411ff8edbb92','7aeeb3aa-75cc-4e40-8692-ea5fd5f5f9f0','7aeeb3aa-75cc-4e40-8692-ea5fd5f5f9f0',1,1,'项目发起者自动同意',NULL,'http://fusion.primihub-demo.svc.cluster.local:8080/',0,'2022-07-15 07:25:15.000','2022-07-15 07:25:15.000'),(225,'5e2d21b4-0567-40f5-96cd-279187df205d','ea5fd5f5f9f0-1d382244-f5e5-49e3-9c3f-bd780f22d5f4','3abfcb2a-8335-4bcc-b6f9-704a92e392fd','7aeeb3aa-75cc-4e40-8692-ea5fd5f5f9f0',2,0,NULL,NULL,'http://fusion.primihub-demo.svc.cluster.local:8080/',0,'2022-07-15 08:07:08.000','2022-07-15 08:07:08.000'),(226,'cf1da15a-8dab-4b22-aecd-3945629eb2ee','ea5fd5f5f9f0-1d382244-f5e5-49e3-9c3f-bd780f22d5f4','7aeeb3aa-75cc-4e40-8692-ea5fd5f5f9f0','7aeeb3aa-75cc-4e40-8692-ea5fd5f5f9f0',1,1,'项目发起者自动同意',NULL,'http://fusion.primihub-demo.svc.cluster.local:8080/',0,'2022-07-15 08:07:08.000','2022-07-15 08:07:08.000'),(227,'1b2d6137-a436-4520-86bf-f3da3f330eb2','ea5fd5f5f9f0-ec4bd2cb-e13c-4893-b9eb-a0fe7583ea9b','3abfcb2a-8335-4bcc-b6f9-704a92e392fd','7aeeb3aa-75cc-4e40-8692-ea5fd5f5f9f0',2,1,'123456789',NULL,'http://fusion.primihub-demo.svc.cluster.local:8080/',0,'2022-07-15 08:37:31.000','2022-07-17 04:31:23.000'),(228,'045e3bc9-d682-4a01-ad0e-f2a946010190','ea5fd5f5f9f0-ec4bd2cb-e13c-4893-b9eb-a0fe7583ea9b','7aeeb3aa-75cc-4e40-8692-ea5fd5f5f9f0','7aeeb3aa-75cc-4e40-8692-ea5fd5f5f9f0',1,1,'项目发起者自动同意',NULL,'http://fusion.primihub-demo.svc.cluster.local:8080/',0,'2022-07-15 08:37:31.000','2022-07-15 08:37:31.000'),(229,'15528dba-3ab9-4c98-b7b6-b49f2b8dda29','704a92e392fd-e0e41cbc-9cfa-498d-9c73-f4abfe17f430','7aeeb3aa-75cc-4e40-8692-ea5fd5f5f9f0','3abfcb2a-8335-4bcc-b6f9-704a92e392fd',2,1,'gfgdgd',NULL,'http://fusion.primihub-demo.svc.cluster.local:8080/',0,'2022-07-18 06:39:01.000','2022-07-18 06:39:24.000'),(230,'17df584f-9eeb-4079-9433-eb93883e57f0','704a92e392fd-e0e41cbc-9cfa-498d-9c73-f4abfe17f430','3abfcb2a-8335-4bcc-b6f9-704a92e392fd','3abfcb2a-8335-4bcc-b6f9-704a92e392fd',1,1,'项目发起者自动同意',NULL,'http://fusion.primihub-demo.svc.cluster.local:8080/',0,'2022-07-18 06:39:01.000','2022-07-18 06:39:01.000'),(231,'10227fb4-acc9-4227-8892-04dd2f28c040','ea5fd5f5f9f0-61825652-983f-40ec-a379-43f8b8cb7424','7aeeb3aa-75cc-4e40-8692-ea5fd5f5f9f0','7aeeb3aa-75cc-4e40-8692-ea5fd5f5f9f0',1,1,'项目发起者自动同意',NULL,'http://fusion.primihub-demo.svc.cluster.local:8080/',0,'2022-07-19 08:24:35.000','2022-07-19 08:36:19.000'),(232,'ef27713b-2878-4ee2-b5f8-372b6db8b9d2','ea5fd5f5f9f0-61825652-983f-40ec-a379-43f8b8cb7424','3abfcb2a-8335-4bcc-b6f9-704a92e392fd','7aeeb3aa-75cc-4e40-8692-ea5fd5f5f9f0',2,1,'888',NULL,'http://fusion.primihub-demo.svc.cluster.local:8080/',0,'2022-07-19 08:24:35.000','2022-07-19 08:36:19.000'),(233,'1ed1d534-b42a-4d8c-b728-7581b56c984c','ea5fd5f5f9f0-61825652-983f-40ec-a379-43f8b8cb7424','eb734dd0-773e-411b-ba29-794e41ba0e63','7aeeb3aa-75cc-4e40-8692-ea5fd5f5f9f0',2,1,'183',NULL,'http://fusion.primihub-demo.svc.cluster.local:8080/',0,'2022-07-19 08:26:14.000','2022-07-19 08:36:19.000'),(234,'16882313-0c66-4659-9120-0d54d15349fa','794e41ba0e63-a5471022-7cf5-4af8-857c-c3e8bbb215a6','eb734dd0-773e-411b-ba29-794e41ba0e63','eb734dd0-773e-411b-ba29-794e41ba0e63',1,1,'项目发起者自动同意',NULL,'http://fusion.primihub-demo.svc.cluster.local:8080/',0,'2022-07-19 08:52:35.000','2022-07-19 08:52:35.000'),(235,'936da120-cb39-4698-ba97-8db1beca1533','794e41ba0e63-a5471022-7cf5-4af8-857c-c3e8bbb215a6','3abfcb2a-8335-4bcc-b6f9-704a92e392fd','eb734dd0-773e-411b-ba29-794e41ba0e63',2,1,'',NULL,'http://fusion.primihub-demo.svc.cluster.local:8080/',0,'2022-07-19 08:52:35.000','2022-07-19 08:52:44.000');
/*!40000 ALTER TABLE `data_project_organ` ENABLE KEYS */;
UNLOCK TABLES;

--
-- Table structure for table `data_project_resource`
--

DROP TABLE IF EXISTS `data_project_resource`;
/*!40101 SET @saved_cs_client     = @@character_set_client */;
/*!40101 SET character_set_client = utf8 */;
CREATE TABLE `data_project_resource` (
  `id` bigint(20) NOT NULL AUTO_INCREMENT COMMENT 'id',
  `pr_id` varchar(64) DEFAULT NULL COMMENT '项目资源ID  UUID',
  `project_id` varchar(64) DEFAULT NULL COMMENT '项目id',
  `initiate_organ_id` varchar(64) DEFAULT NULL COMMENT '发起方机构ID',
  `organ_id` varchar(64) DEFAULT NULL COMMENT '机构ID',
  `participation_identity` tinyint(1) DEFAULT NULL COMMENT '机构项目中参与身份 1发起者 2协作者',
  `is_del` tinyint(1) DEFAULT '0' COMMENT '是否删除',
  `resource_id` varchar(64) DEFAULT '0' COMMENT '资源ID',
  `audit_status` tinyint(4) DEFAULT NULL COMMENT '审核状态 0审核中 1同意 2拒绝',
  `audit_opinion` varchar(255) DEFAULT NULL COMMENT '审核意见',
  `secretkey_id` varchar(64) DEFAULT NULL COMMENT '秘钥ID',
  `server_address` varchar(255) DEFAULT NULL COMMENT '中心节点地址',
  `create_date` datetime(3) NOT NULL DEFAULT CURRENT_TIMESTAMP(3) COMMENT '创建时间',
  `update_date` datetime(3) NOT NULL DEFAULT CURRENT_TIMESTAMP(3) ON UPDATE CURRENT_TIMESTAMP(3) COMMENT '修改时间',
  PRIMARY KEY (`id`) USING BTREE,
  KEY `project_id_ix` (`project_id`) USING BTREE
) ENGINE=InnoDB AUTO_INCREMENT=385 DEFAULT CHARSET=utf8 ROW_FORMAT=DYNAMIC COMMENT='项目资源关系表';
/*!40101 SET character_set_client = @saved_cs_client */;

--
-- Dumping data for table `data_project_resource`
--

LOCK TABLES `data_project_resource` WRITE;
/*!40000 ALTER TABLE `data_project_resource` DISABLE KEYS */;
INSERT INTO `data_project_resource` VALUES (1,'af0e38d0-f8fa-46cb-8f0d-3280e0534601','704a92e392fd-04cfe692-c0a6-4b25-8763-e49e7eb12c06','3abfcb2a-8335-4bcc-b6f9-704a92e392fd','3abfcb2a-8335-4bcc-b6f9-704a92e392fd',1,0,'704a92e392fd-0e959113-6c18-442b-ac58-f95114c06185',1,'项目发起者自动同意',NULL,'http://fusion.primihub-demo.svc.cluster.local:8080/','2022-06-29 07:03:43.000','2022-06-29 07:03:43.000'),(2,'32411d10-6ccb-44d4-a674-86c2bf253d1a','704a92e392fd-04cfe692-c0a6-4b25-8763-e49e7eb12c06','3abfcb2a-8335-4bcc-b6f9-704a92e392fd','3abfcb2a-8335-4bcc-b6f9-704a92e392fd',1,0,'704a92e392fd-185ba954-4939-4a88-954b-8a85f767a0a1',1,'项目发起者自动同意',NULL,'http://fusion.primihub-demo.svc.cluster.local:8080/','2022-06-29 07:03:43.000','2022-06-29 07:03:43.000'),(3,'53593a41-d824-4fd2-8016-505a788a1b8b','704a92e392fd-04cfe692-c0a6-4b25-8763-e49e7eb12c06','3abfcb2a-8335-4bcc-b6f9-704a92e392fd','7aeeb3aa-75cc-4e40-8692-ea5fd5f5f9f0',2,0,'ea5fd5f5f9f0-1c4a1cdc-48f8-48b3-ae30-a0025002897d',0,NULL,NULL,'http://fusion.primihub-demo.svc.cluster.local:8080/','2022-06-29 07:03:43.000','2022-06-29 07:03:43.000'),(4,'2e69f3ed-76ab-4562-8057-c299976cb05c','704a92e392fd-04cfe692-c0a6-4b25-8763-e49e7eb12c06','3abfcb2a-8335-4bcc-b6f9-704a92e392fd','7aeeb3aa-75cc-4e40-8692-ea5fd5f5f9f0',2,0,'ea5fd5f5f9f0-4a893e19-6962-4619-9340-d5a1296b744c',0,NULL,NULL,'http://fusion.primihub-demo.svc.cluster.local:8080/','2022-06-29 07:03:43.000','2022-06-29 07:03:43.000'),(5,'caf5fb76-1176-4355-944c-476b937b79f6','ea5fd5f5f9f0-b8989850-34e0-4326-be6f-3aab146b94b7','7aeeb3aa-75cc-4e40-8692-ea5fd5f5f9f0','7aeeb3aa-75cc-4e40-8692-ea5fd5f5f9f0',1,0,'ea5fd5f5f9f0-1c4a1cdc-48f8-48b3-ae30-a0025002897d',1,'项目发起者自动同意',NULL,'http://fusion.primihub-demo.svc.cluster.local:8080/','2022-06-29 07:08:19.000','2022-06-29 07:08:19.000'),(6,'90c0cc23-27ed-48ed-bc02-47f29ea14f21','ea5fd5f5f9f0-b8989850-34e0-4326-be6f-3aab146b94b7','7aeeb3aa-75cc-4e40-8692-ea5fd5f5f9f0','3abfcb2a-8335-4bcc-b6f9-704a92e392fd',2,0,'704a92e392fd-9231e799-0a70-49e2-b050-8b4bae4421fa',1,'',NULL,'http://fusion.primihub-demo.svc.cluster.local:8080/','2022-06-29 07:08:19.000','2022-06-29 07:31:56.000'),(7,'6289c0d2-9e8d-4d40-b212-a084f78bb41a','704a92e392fd-d4b72161-6591-4992-a965-1dcfa2680eb4','3abfcb2a-8335-4bcc-b6f9-704a92e392fd','3abfcb2a-8335-4bcc-b6f9-704a92e392fd',1,0,'704a92e392fd-82003b16-2db3-4b3d-a03c-65635907d13b',1,'项目发起者自动同意',NULL,'http://fusion.primihub-demo.svc.cluster.local:8080/','2022-06-29 07:25:56.000','2022-06-29 07:25:56.000'),(8,'8b14bfec-bef1-413e-bef4-c3f3e9b280a1','704a92e392fd-d4b72161-6591-4992-a965-1dcfa2680eb4','3abfcb2a-8335-4bcc-b6f9-704a92e392fd','3abfcb2a-8335-4bcc-b6f9-704a92e392fd',1,0,'704a92e392fd-9231e799-0a70-49e2-b050-8b4bae4421fa',1,'项目发起者自动同意',NULL,'http://fusion.primihub-demo.svc.cluster.local:8080/','2022-06-29 07:25:56.000','2022-06-29 07:25:56.000'),(9,'9270b30d-a4f6-4b46-a443-8c4b351f4fb6','704a92e392fd-d4b72161-6591-4992-a965-1dcfa2680eb4','3abfcb2a-8335-4bcc-b6f9-704a92e392fd','7aeeb3aa-75cc-4e40-8692-ea5fd5f5f9f0',2,0,'ea5fd5f5f9f0-8815021d-8b23-40e9-b5f3-057d1d8e5666',1,'',NULL,'http://fusion.primihub-demo.svc.cluster.local:8080/','2022-06-29 07:25:56.000','2022-06-29 07:27:28.000'),(10,'2e255dc2-dad8-43c8-bebf-aa4bcafd89e1','704a92e392fd-d4b72161-6591-4992-a965-1dcfa2680eb4','3abfcb2a-8335-4bcc-b6f9-704a92e392fd','7aeeb3aa-75cc-4e40-8692-ea5fd5f5f9f0',2,0,'ea5fd5f5f9f0-1c4a1cdc-48f8-48b3-ae30-a0025002897d',1,'',NULL,'http://fusion.primihub-demo.svc.cluster.local:8080/','2022-06-29 07:25:56.000','2022-06-29 07:28:16.000'),(11,'7d4c2def-e2bd-4c6d-9e9d-c72fb2694fe0','704a92e392fd-4ccf43c2-f8b5-4a9a-ac9f-273e231d82bf','3abfcb2a-8335-4bcc-b6f9-704a92e392fd','3abfcb2a-8335-4bcc-b6f9-704a92e392fd',1,0,'704a92e392fd-0e959113-6c18-442b-ac58-f95114c06185',1,'项目发起者自动同意',NULL,'http://fusion.primihub-demo.svc.cluster.local:8080/','2022-06-29 07:32:39.000','2022-07-01 11:17:01.000'),(12,'26121e73-e319-47c7-8811-f5df604a3464','704a92e392fd-4ccf43c2-f8b5-4a9a-ac9f-273e231d82bf','3abfcb2a-8335-4bcc-b6f9-704a92e392fd','7aeeb3aa-75cc-4e40-8692-ea5fd5f5f9f0',2,0,'ea5fd5f5f9f0-177cad58-4ee2-4b3f-87ab-7ac6077c9c21',1,'',NULL,'http://fusion.primihub-demo.svc.cluster.local:8080/','2022-06-29 07:32:39.000','2022-07-01 11:17:01.000'),(13,'8722b202-6278-403b-b9bb-8cbe9068ed79','ea5fd5f5f9f0-cb13dca6-f591-4f2a-a57d-c8768e636cc8','7aeeb3aa-75cc-4e40-8692-ea5fd5f5f9f0','7aeeb3aa-75cc-4e40-8692-ea5fd5f5f9f0',1,0,'ea5fd5f5f9f0-8815021d-8b23-40e9-b5f3-057d1d8e5666',1,'项目发起者自动同意',NULL,'http://fusion.primihub-demo.svc.cluster.local:8080/','2022-06-29 07:33:18.000','2022-06-29 07:33:18.000'),(14,'a251e8e7-2bcb-4b79-af9a-b4c5339bf0b4','ea5fd5f5f9f0-cb13dca6-f591-4f2a-a57d-c8768e636cc8','7aeeb3aa-75cc-4e40-8692-ea5fd5f5f9f0','7aeeb3aa-75cc-4e40-8692-ea5fd5f5f9f0',1,0,'ea5fd5f5f9f0-1c4a1cdc-48f8-48b3-ae30-a0025002897d',1,'项目发起者自动同意',NULL,'http://fusion.primihub-demo.svc.cluster.local:8080/','2022-06-29 07:33:18.000','2022-06-29 07:33:18.000'),(15,'540ea310-1af4-4cc3-b077-512dcbc19a82','ea5fd5f5f9f0-cb13dca6-f591-4f2a-a57d-c8768e636cc8','7aeeb3aa-75cc-4e40-8692-ea5fd5f5f9f0','3abfcb2a-8335-4bcc-b6f9-704a92e392fd',2,0,'704a92e392fd-82003b16-2db3-4b3d-a03c-65635907d13b',1,'',NULL,'http://fusion.primihub-demo.svc.cluster.local:8080/','2022-06-29 07:33:18.000','2022-06-29 07:34:23.000'),(16,'8e552f08-47e2-4e17-bd52-8fd5de224cd6','ea5fd5f5f9f0-cb13dca6-f591-4f2a-a57d-c8768e636cc8','7aeeb3aa-75cc-4e40-8692-ea5fd5f5f9f0','7aeeb3aa-75cc-4e40-8692-ea5fd5f5f9f0',1,0,'ea5fd5f5f9f0-4a893e19-6962-4619-9340-d5a1296b744c',1,'项目发起者自动同意',NULL,'http://fusion.primihub-demo.svc.cluster.local:8080/','2022-06-29 07:34:30.000','2022-06-29 07:34:30.000'),(17,'c3a321c5-b571-419d-9908-9fbef45af3ae','ea5fd5f5f9f0-cb13dca6-f591-4f2a-a57d-c8768e636cc8','7aeeb3aa-75cc-4e40-8692-ea5fd5f5f9f0','3abfcb2a-8335-4bcc-b6f9-704a92e392fd',2,0,'704a92e392fd-87fbe004-2ecb-4953-8dc5-660ad37957b0',1,'',NULL,'http://fusion.primihub-demo.svc.cluster.local:8080/','2022-06-29 08:09:33.000','2022-06-29 08:13:09.000'),(18,'38b17e94-1a85-4d2c-a845-615a9d8a3196','704a92e392fd-f56a77b3-755c-4e4d-af56-dacd77b83d67','3abfcb2a-8335-4bcc-b6f9-704a92e392fd','3abfcb2a-8335-4bcc-b6f9-704a92e392fd',1,0,'704a92e392fd-87fbe004-2ecb-4953-8dc5-660ad37957b0',1,'项目发起者自动同意',NULL,'http://fusion.primihub-demo.svc.cluster.local:8080/','2022-06-29 08:14:17.000','2022-06-29 08:14:17.000'),(19,'ebf8f8b9-a2c5-4b6b-ba58-5a43e66db8ed','704a92e392fd-f56a77b3-755c-4e4d-af56-dacd77b83d67','3abfcb2a-8335-4bcc-b6f9-704a92e392fd','7aeeb3aa-75cc-4e40-8692-ea5fd5f5f9f0',2,0,'ea5fd5f5f9f0-8815021d-8b23-40e9-b5f3-057d1d8e5666',1,'',NULL,'http://fusion.primihub-demo.svc.cluster.local:8080/','2022-06-29 08:14:17.000','2022-06-29 08:15:06.000'),(20,'a3819004-cfdc-49ac-811c-d4e550478bad','704a92e392fd-f56a77b3-755c-4e4d-af56-dacd77b83d67','3abfcb2a-8335-4bcc-b6f9-704a92e392fd','7aeeb3aa-75cc-4e40-8692-ea5fd5f5f9f0',2,0,'ea5fd5f5f9f0-1c4a1cdc-48f8-48b3-ae30-a0025002897d',1,'',NULL,'http://fusion.primihub-demo.svc.cluster.local:8080/','2022-06-29 08:14:17.000','2022-06-29 08:15:09.000'),(21,'83572ddf-1bf1-471b-ac58-caebf4ef3406','ea5fd5f5f9f0-ec4e9a5a-57a6-43a1-b3a7-0fbc0f0fe0e3','7aeeb3aa-75cc-4e40-8692-ea5fd5f5f9f0','7aeeb3aa-75cc-4e40-8692-ea5fd5f5f9f0',1,0,'ea5fd5f5f9f0-8815021d-8b23-40e9-b5f3-057d1d8e5666',1,'项目发起者自动同意',NULL,'http://fusion.primihub-demo.svc.cluster.local:8080/','2022-06-29 08:16:38.000','2022-06-29 08:16:38.000'),(22,'d7cfdd16-e9c1-42e8-8eca-8eadcfed3f7e','ea5fd5f5f9f0-ec4e9a5a-57a6-43a1-b3a7-0fbc0f0fe0e3','7aeeb3aa-75cc-4e40-8692-ea5fd5f5f9f0','3abfcb2a-8335-4bcc-b6f9-704a92e392fd',2,0,'704a92e392fd-87fbe004-2ecb-4953-8dc5-660ad37957b0',0,NULL,NULL,'http://fusion.primihub-demo.svc.cluster.local:8080/','2022-06-29 08:16:38.000','2022-06-29 08:16:38.000'),(23,'bd0430a9-2bf7-437c-88d3-8a584d6ada05','ea5fd5f5f9f0-ec4e9a5a-57a6-43a1-b3a7-0fbc0f0fe0e3','7aeeb3aa-75cc-4e40-8692-ea5fd5f5f9f0','3abfcb2a-8335-4bcc-b6f9-704a92e392fd',2,0,'704a92e392fd-82003b16-2db3-4b3d-a03c-65635907d13b',0,NULL,NULL,'http://fusion.primihub-demo.svc.cluster.local:8080/','2022-06-29 08:16:38.000','2022-06-29 08:16:38.000'),(24,'bb1effa2-f229-44ee-8c68-a6ea24aa4e12','ea5fd5f5f9f0-ec4e9a5a-57a6-43a1-b3a7-0fbc0f0fe0e3','7aeeb3aa-75cc-4e40-8692-ea5fd5f5f9f0','3abfcb2a-8335-4bcc-b6f9-704a92e392fd',2,0,'704a92e392fd-9231e799-0a70-49e2-b050-8b4bae4421fa',0,NULL,NULL,'http://fusion.primihub-demo.svc.cluster.local:8080/','2022-06-29 08:16:38.000','2022-06-29 08:16:38.000'),(25,'48f6ed79-0a50-4bf0-a96f-fc058f27b2ef','ea5fd5f5f9f0-ec4e9a5a-57a6-43a1-b3a7-0fbc0f0fe0e3','7aeeb3aa-75cc-4e40-8692-ea5fd5f5f9f0','3abfcb2a-8335-4bcc-b6f9-704a92e392fd',2,0,'704a92e392fd-0e959113-6c18-442b-ac58-f95114c06185',0,NULL,NULL,'http://fusion.primihub-demo.svc.cluster.local:8080/','2022-06-29 08:16:38.000','2022-06-29 08:16:38.000'),(26,'6317a517-5650-4a72-815f-4c4d973daf30','ea5fd5f5f9f0-ec4e9a5a-57a6-43a1-b3a7-0fbc0f0fe0e3','7aeeb3aa-75cc-4e40-8692-ea5fd5f5f9f0','3abfcb2a-8335-4bcc-b6f9-704a92e392fd',2,0,'704a92e392fd-185ba954-4939-4a88-954b-8a85f767a0a1',0,NULL,NULL,'http://fusion.primihub-demo.svc.cluster.local:8080/','2022-06-29 08:16:38.000','2022-06-29 08:16:38.000'),(27,'a7d25bca-0b23-43b7-88a7-b9eed4b9e3fd','ea5fd5f5f9f0-ec4e9a5a-57a6-43a1-b3a7-0fbc0f0fe0e3','7aeeb3aa-75cc-4e40-8692-ea5fd5f5f9f0','3abfcb2a-8335-4bcc-b6f9-704a92e392fd',2,0,'704a92e392fd-b1a2301e-0f00-4b7f-8bdf-bf8c15c42317',0,NULL,NULL,'http://fusion.primihub-demo.svc.cluster.local:8080/','2022-06-29 08:16:38.000','2022-06-29 08:16:38.000'),(28,'0846ecba-7b8f-4d43-897f-f7ae141ed696','ea5fd5f5f9f0-ec4e9a5a-57a6-43a1-b3a7-0fbc0f0fe0e3','7aeeb3aa-75cc-4e40-8692-ea5fd5f5f9f0','3abfcb2a-8335-4bcc-b6f9-704a92e392fd',2,0,'704a92e392fd-c345895a-86ea-4012-bdec-5d8d621f9574',0,NULL,NULL,'http://fusion.primihub-demo.svc.cluster.local:8080/','2022-06-29 08:16:38.000','2022-06-29 08:16:38.000'),(29,'1ebbf391-4a3f-4d54-9ae6-eaf32baae969','704a92e392fd-f9e704c5-6960-4395-bb17-53f201f4a237','3abfcb2a-8335-4bcc-b6f9-704a92e392fd','3abfcb2a-8335-4bcc-b6f9-704a92e392fd',1,0,'704a92e392fd-87fbe004-2ecb-4953-8dc5-660ad37957b0',1,'项目发起者自动同意',NULL,'http://fusion.primihub-demo.svc.cluster.local:8080/','2022-06-29 08:19:03.000','2022-06-29 08:19:03.000'),(30,'970f65bd-5322-4fe9-94be-2478e3d25ba0','704a92e392fd-ae4a05d7-22ec-4c15-8aab-ed84c0810cd0','3abfcb2a-8335-4bcc-b6f9-704a92e392fd','3abfcb2a-8335-4bcc-b6f9-704a92e392fd',1,0,'704a92e392fd-377a071e-c7ef-4426-b887-4b60d100e15c',1,'项目发起者自动同意',NULL,'http://fusion.primihub-demo.svc.cluster.local:8080/','2022-06-29 08:21:03.000','2022-06-29 08:21:03.000'),(31,'e1931a4b-6075-4933-bad7-57a74dd3cfdd','704a92e392fd-ae4a05d7-22ec-4c15-8aab-ed84c0810cd0','3abfcb2a-8335-4bcc-b6f9-704a92e392fd','7aeeb3aa-75cc-4e40-8692-ea5fd5f5f9f0',2,0,'ea5fd5f5f9f0-60be2ae2-3776-4716-a829-c37290074f7d',1,'',NULL,'http://fusion.primihub-demo.svc.cluster.local:8080/','2022-06-29 08:21:03.000','2022-06-29 08:21:35.000'),(32,'cc4c8535-ffc1-438e-b3fb-fe8585b7121e','704a92e392fd-f9e704c5-6960-4395-bb17-53f201f4a237','3abfcb2a-8335-4bcc-b6f9-704a92e392fd','7aeeb3aa-75cc-4e40-8692-ea5fd5f5f9f0',2,0,'ea5fd5f5f9f0-60be2ae2-3776-4716-a829-c37290074f7d',1,'',NULL,'http://fusion.primihub-demo.svc.cluster.local:8080/','2022-06-29 08:29:20.000','2022-06-29 08:29:31.000'),(34,'474edd7d-8337-4723-8a0b-60e9410475d2','ea5fd5f5f9f0-15e9b7dd-40df-46b4-9253-1f2e8857a6e5','7aeeb3aa-75cc-4e40-8692-ea5fd5f5f9f0','3abfcb2a-8335-4bcc-b6f9-704a92e392fd',2,0,'704a92e392fd-377a071e-c7ef-4426-b887-4b60d100e15c',1,'',NULL,'http://fusion.primihub-demo.svc.cluster.local:8080/','2022-06-29 08:45:18.000','2022-06-29 08:45:42.000'),(35,'821d56ad-a270-4493-9627-b77921d94bdb','ea5fd5f5f9f0-9b777669-b728-48f7-b694-b0b5cad5a710','7aeeb3aa-75cc-4e40-8692-ea5fd5f5f9f0','7aeeb3aa-75cc-4e40-8692-ea5fd5f5f9f0',1,0,'ea5fd5f5f9f0-60be2ae2-3776-4716-a829-c37290074f7d',1,'项目发起者自动同意',NULL,'http://fusion.primihub-demo.svc.cluster.local:8080/','2022-06-29 09:33:54.000','2022-06-29 09:33:54.000'),(36,'82d33afe-9054-4f4a-9eab-ab60207973c9','ea5fd5f5f9f0-9b777669-b728-48f7-b694-b0b5cad5a710','7aeeb3aa-75cc-4e40-8692-ea5fd5f5f9f0','7aeeb3aa-75cc-4e40-8692-ea5fd5f5f9f0',1,0,'ea5fd5f5f9f0-1c4a1cdc-48f8-48b3-ae30-a0025002897d',1,'项目发起者自动同意',NULL,'http://fusion.primihub-demo.svc.cluster.local:8080/','2022-06-29 09:33:54.000','2022-06-29 09:33:54.000'),(37,'51c52a4e-94d6-41bc-b91c-d89463ce5fe5','ea5fd5f5f9f0-9b777669-b728-48f7-b694-b0b5cad5a710','7aeeb3aa-75cc-4e40-8692-ea5fd5f5f9f0','3abfcb2a-8335-4bcc-b6f9-704a92e392fd',2,0,'704a92e392fd-377a071e-c7ef-4426-b887-4b60d100e15c',0,NULL,NULL,'http://fusion.primihub-demo.svc.cluster.local:8080/','2022-06-29 09:33:54.000','2022-06-29 09:33:54.000'),(38,'728049b8-ed74-43ea-ac58-d0c7c50a64a2','ea5fd5f5f9f0-44e53d5a-6d1e-4191-9070-e24b831d4ba9','7aeeb3aa-75cc-4e40-8692-ea5fd5f5f9f0','7aeeb3aa-75cc-4e40-8692-ea5fd5f5f9f0',1,0,'ea5fd5f5f9f0-60be2ae2-3776-4716-a829-c37290074f7d',1,'项目发起者自动同意',NULL,'http://fusion.primihub-demo.svc.cluster.local:8080/','2022-06-29 11:04:49.000','2022-06-29 11:04:49.000'),(39,'67486950-edd2-481f-99b0-12539b987ff3','ea5fd5f5f9f0-44e53d5a-6d1e-4191-9070-e24b831d4ba9','7aeeb3aa-75cc-4e40-8692-ea5fd5f5f9f0','3abfcb2a-8335-4bcc-b6f9-704a92e392fd',2,0,'704a92e392fd-377a071e-c7ef-4426-b887-4b60d100e15c',1,'',NULL,'http://fusion.primihub-demo.svc.cluster.local:8080/','2022-06-29 11:04:49.000','2022-06-29 11:05:50.000'),(40,'5a666f35-e766-4645-a30c-101e6b8fd40a','ea5fd5f5f9f0-d72d9682-8d6a-440a-b98e-8bae1192a40e','7aeeb3aa-75cc-4e40-8692-ea5fd5f5f9f0','7aeeb3aa-75cc-4e40-8692-ea5fd5f5f9f0',1,0,'ea5fd5f5f9f0-8815021d-8b23-40e9-b5f3-057d1d8e5666',1,'项目发起者自动同意',NULL,'http://fusion.primihub-demo.svc.cluster.local:8080/','2022-06-29 11:13:53.000','2022-06-29 11:13:53.000'),(46,'b67634fc-dded-4e00-9a4a-7b888ac09d16','ea5fd5f5f9f0-d72d9682-8d6a-440a-b98e-8bae1192a40e','7aeeb3aa-75cc-4e40-8692-ea5fd5f5f9f0','3abfcb2a-8335-4bcc-b6f9-704a92e392fd',2,0,'704a92e392fd-87fbe004-2ecb-4953-8dc5-660ad37957b0',1,'',NULL,'http://fusion.primihub-demo.svc.cluster.local:8080/','2022-06-29 11:28:43.000','2022-06-30 02:04:35.000'),(47,'58a4f9a1-2c8f-4654-a0d1-3f85ef4d4e6b','ea5fd5f5f9f0-d72d9682-8d6a-440a-b98e-8bae1192a40e','7aeeb3aa-75cc-4e40-8692-ea5fd5f5f9f0','3abfcb2a-8335-4bcc-b6f9-704a92e392fd',2,0,'704a92e392fd-377a071e-c7ef-4426-b887-4b60d100e15c',0,NULL,NULL,'http://fusion.primihub-demo.svc.cluster.local:8080/','2022-06-29 11:31:18.000','2022-06-29 11:31:18.000'),(48,'55379eb0-022a-4696-b24a-714a94b60e4f','ea5fd5f5f9f0-d72d9682-8d6a-440a-b98e-8bae1192a40e','7aeeb3aa-75cc-4e40-8692-ea5fd5f5f9f0','3abfcb2a-8335-4bcc-b6f9-704a92e392fd',2,0,'704a92e392fd-82003b16-2db3-4b3d-a03c-65635907d13b',0,NULL,NULL,'http://fusion.primihub-demo.svc.cluster.local:8080/','2022-06-29 11:33:25.000','2022-06-29 11:33:25.000'),(49,'25b9ae66-bbd2-4dc4-93dc-e3019e3b3da4','ea5fd5f5f9f0-d72d9682-8d6a-440a-b98e-8bae1192a40e','7aeeb3aa-75cc-4e40-8692-ea5fd5f5f9f0','7aeeb3aa-75cc-4e40-8692-ea5fd5f5f9f0',1,0,'ea5fd5f5f9f0-60be2ae2-3776-4716-a829-c37290074f7d',1,'项目发起者自动同意',NULL,'http://fusion.primihub-demo.svc.cluster.local:8080/','2022-06-29 11:33:49.000','2022-06-29 11:33:49.000'),(50,'0360905a-f4fe-4c6f-bd40-9b92d9745b46','704a92e392fd-6ba69b33-bf0c-42bc-b89b-f49eae61b9b6','3abfcb2a-8335-4bcc-b6f9-704a92e392fd','3abfcb2a-8335-4bcc-b6f9-704a92e392fd',1,0,'704a92e392fd-377a071e-c7ef-4426-b887-4b60d100e15c',1,'项目发起者自动同意',NULL,'http://fusion.primihub-demo.svc.cluster.local:8080/','2022-06-29 11:35:15.000','2022-06-29 11:35:15.000'),(51,'464ee201-7031-406f-a46c-338ec14ae592','704a92e392fd-6ba69b33-bf0c-42bc-b89b-f49eae61b9b6','3abfcb2a-8335-4bcc-b6f9-704a92e392fd','7aeeb3aa-75cc-4e40-8692-ea5fd5f5f9f0',2,0,'ea5fd5f5f9f0-60be2ae2-3776-4716-a829-c37290074f7d',1,'',NULL,'http://fusion.primihub-demo.svc.cluster.local:8080/','2022-06-29 11:35:15.000','2022-06-29 11:49:27.000'),(52,'215821ee-8529-4736-9b33-67f48a7cdbb9','ea5fd5f5f9f0-d72d9682-8d6a-440a-b98e-8bae1192a40e','7aeeb3aa-75cc-4e40-8692-ea5fd5f5f9f0','3abfcb2a-8335-4bcc-b6f9-704a92e392fd',2,0,'704a92e392fd-9231e799-0a70-49e2-b050-8b4bae4421fa',0,NULL,NULL,'http://fusion.primihub-demo.svc.cluster.local:8080/','2022-06-29 11:51:27.000','2022-06-29 11:51:27.000'),(53,'68f6b2d2-15bd-4374-bd2b-0da9b5d9d561','ea5fd5f5f9f0-15e9b7dd-40df-46b4-9253-1f2e8857a6e5','7aeeb3aa-75cc-4e40-8692-ea5fd5f5f9f0','7aeeb3aa-75cc-4e40-8692-ea5fd5f5f9f0',1,0,'ea5fd5f5f9f0-8815021d-8b23-40e9-b5f3-057d1d8e5666',1,'项目发起者自动同意',NULL,'http://fusion.primihub-demo.svc.cluster.local:8080/','2022-06-29 12:36:02.000','2022-06-29 12:36:02.000'),(55,'121cda7e-a6cb-4695-9660-e409b8d8e32a','ea5fd5f5f9f0-58a6d4f6-bd78-455d-80bd-03e75cd16547','7aeeb3aa-75cc-4e40-8692-ea5fd5f5f9f0','7aeeb3aa-75cc-4e40-8692-ea5fd5f5f9f0',1,0,'ea5fd5f5f9f0-60be2ae2-3776-4716-a829-c37290074f7d',1,'项目发起者自动同意',NULL,'http://fusion.primihub-demo.svc.cluster.local:8080/','2022-06-29 12:37:44.000','2022-06-29 12:37:44.000'),(56,'a5bb5104-affd-468c-bc91-8bfd02baf1e9','ea5fd5f5f9f0-58a6d4f6-bd78-455d-80bd-03e75cd16547','7aeeb3aa-75cc-4e40-8692-ea5fd5f5f9f0','3abfcb2a-8335-4bcc-b6f9-704a92e392fd',2,0,'704a92e392fd-87fbe004-2ecb-4953-8dc5-660ad37957b0',0,NULL,NULL,'http://fusion.primihub-demo.svc.cluster.local:8080/','2022-06-29 12:37:44.000','2022-06-29 12:37:44.000'),(59,'de836086-fe31-45c7-a9db-23e66f89b9cb','ea5fd5f5f9f0-15e9b7dd-40df-46b4-9253-1f2e8857a6e5','7aeeb3aa-75cc-4e40-8692-ea5fd5f5f9f0','7aeeb3aa-75cc-4e40-8692-ea5fd5f5f9f0',1,0,'ea5fd5f5f9f0-1c4a1cdc-48f8-48b3-ae30-a0025002897d',1,'项目发起者自动同意',NULL,'http://fusion.primihub-demo.svc.cluster.local:8080/','2022-06-29 12:41:06.000','2022-06-29 12:41:06.000'),(60,'f485bb46-723b-4b4d-a975-71e925f565cc','ea5fd5f5f9f0-808bda81-6ae1-42dd-b69e-06ef9737234f','7aeeb3aa-75cc-4e40-8692-ea5fd5f5f9f0','7aeeb3aa-75cc-4e40-8692-ea5fd5f5f9f0',1,0,'ea5fd5f5f9f0-60be2ae2-3776-4716-a829-c37290074f7d',1,'项目发起者自动同意',NULL,'http://fusion.primihub-demo.svc.cluster.local:8080/','2022-06-29 12:44:43.000','2022-06-29 12:44:43.000'),(61,'260c6578-e412-48cf-bf20-cb4a623dc779','ea5fd5f5f9f0-808bda81-6ae1-42dd-b69e-06ef9737234f','7aeeb3aa-75cc-4e40-8692-ea5fd5f5f9f0','3abfcb2a-8335-4bcc-b6f9-704a92e392fd',2,0,'704a92e392fd-87fbe004-2ecb-4953-8dc5-660ad37957b0',1,'',NULL,'http://fusion.primihub-demo.svc.cluster.local:8080/','2022-06-29 12:44:43.000','2022-06-29 12:47:09.000'),(62,'f76e1644-7812-401c-acb1-e55ef9688ea7','ea5fd5f5f9f0-808bda81-6ae1-42dd-b69e-06ef9737234f','7aeeb3aa-75cc-4e40-8692-ea5fd5f5f9f0','7aeeb3aa-75cc-4e40-8692-ea5fd5f5f9f0',1,0,'ea5fd5f5f9f0-8815021d-8b23-40e9-b5f3-057d1d8e5666',1,'项目发起者自动同意',NULL,'http://fusion.primihub-demo.svc.cluster.local:8080/','2022-06-29 12:44:53.000','2022-06-29 12:44:53.000'),(67,'3bcb9765-180a-4653-9dbd-92df886a8595','704a92e392fd-cbb14c64-c3c4-4c6a-ae35-946736fa0c77','3abfcb2a-8335-4bcc-b6f9-704a92e392fd','3abfcb2a-8335-4bcc-b6f9-704a92e392fd',1,0,'704a92e392fd-377a071e-c7ef-4426-b887-4b60d100e15c',1,'项目发起者自动同意',NULL,'http://fusion.primihub-demo.svc.cluster.local:8080/','2022-06-29 12:49:40.000','2022-06-29 12:49:40.000'),(68,'1394ab25-92e6-493c-a40d-7c617a3fa27f','704a92e392fd-cbb14c64-c3c4-4c6a-ae35-946736fa0c77','3abfcb2a-8335-4bcc-b6f9-704a92e392fd','3abfcb2a-8335-4bcc-b6f9-704a92e392fd',1,0,'704a92e392fd-87fbe004-2ecb-4953-8dc5-660ad37957b0',1,'项目发起者自动同意',NULL,'http://fusion.primihub-demo.svc.cluster.local:8080/','2022-06-29 12:49:40.000','2022-06-29 12:49:40.000'),(69,'ed28ee38-728e-4325-ba97-2a7e8bbf4d02','704a92e392fd-28a03479-9559-43a6-a36b-83cf4f5b6188','3abfcb2a-8335-4bcc-b6f9-704a92e392fd','3abfcb2a-8335-4bcc-b6f9-704a92e392fd',1,0,'704a92e392fd-87fbe004-2ecb-4953-8dc5-660ad37957b0',1,'项目发起者自动同意',NULL,'http://fusion.primihub-demo.svc.cluster.local:8080/','2022-06-29 12:50:45.000','2022-06-29 12:50:45.000'),(70,'80c003ca-413e-4989-b834-8f66040ccd86','704a92e392fd-28a03479-9559-43a6-a36b-83cf4f5b6188','3abfcb2a-8335-4bcc-b6f9-704a92e392fd','3abfcb2a-8335-4bcc-b6f9-704a92e392fd',1,0,'704a92e392fd-377a071e-c7ef-4426-b887-4b60d100e15c',1,'项目发起者自动同意',NULL,'http://fusion.primihub-demo.svc.cluster.local:8080/','2022-06-29 12:50:45.000','2022-06-29 12:50:45.000'),(71,'5c11fe6b-ae95-4387-8d31-0a213f86ce32','704a92e392fd-16e6c469-c198-4ae2-a5b2-7f257ed61dc8','3abfcb2a-8335-4bcc-b6f9-704a92e392fd','3abfcb2a-8335-4bcc-b6f9-704a92e392fd',1,0,'704a92e392fd-377a071e-c7ef-4426-b887-4b60d100e15c',1,'项目发起者自动同意',NULL,'http://fusion.primihub-demo.svc.cluster.local:8080/','2022-06-29 12:50:46.000','2022-06-29 12:50:46.000'),(72,'2f5ccae3-ac46-4650-ad5c-6466ed164268','704a92e392fd-28a03479-9559-43a6-a36b-83cf4f5b6188','3abfcb2a-8335-4bcc-b6f9-704a92e392fd','7aeeb3aa-75cc-4e40-8692-ea5fd5f5f9f0',2,0,'ea5fd5f5f9f0-8815021d-8b23-40e9-b5f3-057d1d8e5666',0,NULL,NULL,'http://fusion.primihub-demo.svc.cluster.local:8080/','2022-06-29 12:50:51.000','2022-06-29 12:50:51.000'),(74,'cdb6a562-b2bd-4953-857d-7a46d2578bd0','704a92e392fd-16e6c469-c198-4ae2-a5b2-7f257ed61dc8','3abfcb2a-8335-4bcc-b6f9-704a92e392fd','3abfcb2a-8335-4bcc-b6f9-704a92e392fd',1,0,'704a92e392fd-87fbe004-2ecb-4953-8dc5-660ad37957b0',1,'项目发起者自动同意',NULL,'http://fusion.primihub-demo.svc.cluster.local:8080/','2022-06-29 12:50:58.000','2022-06-29 12:50:58.000'),(76,'0a76978c-33d7-4461-bb30-cac6be2a965e','704a92e392fd-06cc8dfc-72bf-432d-90ee-921d3063c771','3abfcb2a-8335-4bcc-b6f9-704a92e392fd','3abfcb2a-8335-4bcc-b6f9-704a92e392fd',1,0,'704a92e392fd-377a071e-c7ef-4426-b887-4b60d100e15c',1,'项目发起者自动同意',NULL,'http://fusion.primihub-demo.svc.cluster.local:8080/','2022-06-29 12:52:09.000','2022-06-29 12:52:09.000'),(78,'69b86ebb-be1b-474b-94ae-e5d3c36841df','704a92e392fd-06cc8dfc-72bf-432d-90ee-921d3063c771','3abfcb2a-8335-4bcc-b6f9-704a92e392fd','7aeeb3aa-75cc-4e40-8692-ea5fd5f5f9f0',2,0,'ea5fd5f5f9f0-8815021d-8b23-40e9-b5f3-057d1d8e5666',1,'',NULL,'http://fusion.primihub-demo.svc.cluster.local:8080/','2022-06-29 12:52:09.000','2022-06-29 13:03:23.000'),(79,'6b851f3f-7ffd-48b8-b41c-f284950ad17d','704a92e392fd-06cc8dfc-72bf-432d-90ee-921d3063c771','3abfcb2a-8335-4bcc-b6f9-704a92e392fd','3abfcb2a-8335-4bcc-b6f9-704a92e392fd',1,0,'704a92e392fd-87fbe004-2ecb-4953-8dc5-660ad37957b0',1,'项目发起者自动同意',NULL,'http://fusion.primihub-demo.svc.cluster.local:8080/','2022-06-29 12:52:17.000','2022-06-29 12:52:17.000'),(81,'c065ccb9-f20f-441d-b5a3-92d2772d8112','704a92e392fd-06cc8dfc-72bf-432d-90ee-921d3063c771','3abfcb2a-8335-4bcc-b6f9-704a92e392fd','3abfcb2a-8335-4bcc-b6f9-704a92e392fd',1,0,'704a92e392fd-82003b16-2db3-4b3d-a03c-65635907d13b',1,'项目发起者自动同意',NULL,'http://fusion.primihub-demo.svc.cluster.local:8080/','2022-06-29 12:53:23.000','2022-06-29 12:53:23.000'),(82,'03a3377d-e1cb-4085-b499-886c4362b5bf','704a92e392fd-06cc8dfc-72bf-432d-90ee-921d3063c771','3abfcb2a-8335-4bcc-b6f9-704a92e392fd','3abfcb2a-8335-4bcc-b6f9-704a92e392fd',1,0,'704a92e392fd-9231e799-0a70-49e2-b050-8b4bae4421fa',1,'项目发起者自动同意',NULL,'http://fusion.primihub-demo.svc.cluster.local:8080/','2022-06-29 12:53:35.000','2022-06-29 12:53:35.000'),(84,'c3343325-457b-4327-8a88-c493ee3705da','704a92e392fd-06cc8dfc-72bf-432d-90ee-921d3063c771','3abfcb2a-8335-4bcc-b6f9-704a92e392fd','7aeeb3aa-75cc-4e40-8692-ea5fd5f5f9f0',2,0,'ea5fd5f5f9f0-1c4a1cdc-48f8-48b3-ae30-a0025002897d',1,'',NULL,'http://fusion.primihub-demo.svc.cluster.local:8080/','2022-06-29 13:02:31.000','2022-06-29 13:03:28.000'),(85,'d3162a1b-04e0-4046-a4fc-e40b8f0ca342','704a92e392fd-06cc8dfc-72bf-432d-90ee-921d3063c771','3abfcb2a-8335-4bcc-b6f9-704a92e392fd','7aeeb3aa-75cc-4e40-8692-ea5fd5f5f9f0',2,0,'ea5fd5f5f9f0-4a893e19-6962-4619-9340-d5a1296b744c',1,'',NULL,'http://fusion.primihub-demo.svc.cluster.local:8080/','2022-06-29 13:02:54.000','2022-06-29 13:03:31.000'),(86,'8f43e157-e3d8-41e2-915e-b3a6dca55ae2','704a92e392fd-06cc8dfc-72bf-432d-90ee-921d3063c771','3abfcb2a-8335-4bcc-b6f9-704a92e392fd','7aeeb3aa-75cc-4e40-8692-ea5fd5f5f9f0',2,0,'ea5fd5f5f9f0-05752362-d60b-4229-be56-845fc04eea40',2,'',NULL,'http://fusion.primihub-demo.svc.cluster.local:8080/','2022-06-29 13:02:54.000','2022-06-29 13:03:35.000'),(87,'1d6d83d6-c1fd-4024-a9c6-3ffda89ded97','704a92e392fd-06cc8dfc-72bf-432d-90ee-921d3063c771','3abfcb2a-8335-4bcc-b6f9-704a92e392fd','7aeeb3aa-75cc-4e40-8692-ea5fd5f5f9f0',2,0,'ea5fd5f5f9f0-60be2ae2-3776-4716-a829-c37290074f7d',1,'',NULL,'http://fusion.primihub-demo.svc.cluster.local:8080/','2022-06-29 13:05:08.000','2022-06-29 13:05:32.000'),(89,'b02798cb-5fc2-461d-83f5-0e4e4018bb42','704a92e392fd-28a03479-9559-43a6-a36b-83cf4f5b6188','3abfcb2a-8335-4bcc-b6f9-704a92e392fd','3abfcb2a-8335-4bcc-b6f9-704a92e392fd',1,0,'704a92e392fd-82003b16-2db3-4b3d-a03c-65635907d13b',1,'项目发起者自动同意',NULL,'http://fusion.primihub-demo.svc.cluster.local:8080/','2022-06-29 13:06:26.000','2022-06-29 13:06:26.000'),(92,'6ae08ddf-ac88-4f7c-b38e-99771dee0d93','ea5fd5f5f9f0-73fb86e3-9a76-4ff5-b509-73d75d7947c5','7aeeb3aa-75cc-4e40-8692-ea5fd5f5f9f0','7aeeb3aa-75cc-4e40-8692-ea5fd5f5f9f0',1,0,'ea5fd5f5f9f0-8815021d-8b23-40e9-b5f3-057d1d8e5666',1,'项目发起者自动同意',NULL,'http://fusion.primihub-demo.svc.cluster.local:8080/','2022-06-29 13:08:18.000','2022-06-29 13:08:18.000'),(93,'5fc55e01-385f-41ce-910f-4753f7024554','ea5fd5f5f9f0-73fb86e3-9a76-4ff5-b509-73d75d7947c5','7aeeb3aa-75cc-4e40-8692-ea5fd5f5f9f0','7aeeb3aa-75cc-4e40-8692-ea5fd5f5f9f0',1,0,'ea5fd5f5f9f0-177cad58-4ee2-4b3f-87ab-7ac6077c9c21',1,'项目发起者自动同意',NULL,'http://fusion.primihub-demo.svc.cluster.local:8080/','2022-06-29 13:08:18.000','2022-06-29 13:08:18.000'),(94,'a3face94-8251-43d7-879a-ae571a92d812','ea5fd5f5f9f0-73fb86e3-9a76-4ff5-b509-73d75d7947c5','7aeeb3aa-75cc-4e40-8692-ea5fd5f5f9f0','7aeeb3aa-75cc-4e40-8692-ea5fd5f5f9f0',1,0,'ea5fd5f5f9f0-7a983261-e46a-4435-87f5-855272f52720',1,'项目发起者自动同意',NULL,'http://fusion.primihub-demo.svc.cluster.local:8080/','2022-06-29 13:08:18.000','2022-06-29 13:08:18.000'),(95,'c37d3fb9-b547-4273-ae72-0978a9303214','ea5fd5f5f9f0-73fb86e3-9a76-4ff5-b509-73d75d7947c5','7aeeb3aa-75cc-4e40-8692-ea5fd5f5f9f0','7aeeb3aa-75cc-4e40-8692-ea5fd5f5f9f0',1,0,'ea5fd5f5f9f0-7ca16f02-b07e-41da-94cc-926a50ce4a26',1,'项目发起者自动同意',NULL,'http://fusion.primihub-demo.svc.cluster.local:8080/','2022-06-29 13:08:18.000','2022-06-29 13:08:18.000'),(96,'0790e634-7c31-401d-9247-6434033ede1d','ea5fd5f5f9f0-73fb86e3-9a76-4ff5-b509-73d75d7947c5','7aeeb3aa-75cc-4e40-8692-ea5fd5f5f9f0','7aeeb3aa-75cc-4e40-8692-ea5fd5f5f9f0',1,0,'ea5fd5f5f9f0-efdb6b65-841d-4a75-8159-d0f526e00b28',1,'项目发起者自动同意',NULL,'http://fusion.primihub-demo.svc.cluster.local:8080/','2022-06-29 13:08:18.000','2022-06-29 13:08:18.000'),(97,'98a2f9d1-4d5b-4dff-aabc-8ce215798397','ea5fd5f5f9f0-73fb86e3-9a76-4ff5-b509-73d75d7947c5','7aeeb3aa-75cc-4e40-8692-ea5fd5f5f9f0','7aeeb3aa-75cc-4e40-8692-ea5fd5f5f9f0',1,0,'ea5fd5f5f9f0-368cf3e8-46b4-49b3-81d4-9ac3e366af16',1,'项目发起者自动同意',NULL,'http://fusion.primihub-demo.svc.cluster.local:8080/','2022-06-29 13:08:18.000','2022-06-29 13:08:18.000'),(98,'75194ba1-1f81-40e2-ae5f-5db32aa1839f','ea5fd5f5f9f0-73fb86e3-9a76-4ff5-b509-73d75d7947c5','7aeeb3aa-75cc-4e40-8692-ea5fd5f5f9f0','3abfcb2a-8335-4bcc-b6f9-704a92e392fd',2,0,'704a92e392fd-185ba954-4939-4a88-954b-8a85f767a0a1',0,NULL,NULL,'http://fusion.primihub-demo.svc.cluster.local:8080/','2022-06-29 13:08:18.000','2022-06-29 13:08:18.000'),(99,'a0a4ced0-adfa-406c-aa08-493e00192181','ea5fd5f5f9f0-73fb86e3-9a76-4ff5-b509-73d75d7947c5','7aeeb3aa-75cc-4e40-8692-ea5fd5f5f9f0','3abfcb2a-8335-4bcc-b6f9-704a92e392fd',2,0,'704a92e392fd-b1a2301e-0f00-4b7f-8bdf-bf8c15c42317',0,NULL,NULL,'http://fusion.primihub-demo.svc.cluster.local:8080/','2022-06-29 13:08:18.000','2022-06-29 13:08:18.000'),(100,'e2db4131-fc76-460e-94d8-7487e1e844c0','ea5fd5f5f9f0-73fb86e3-9a76-4ff5-b509-73d75d7947c5','7aeeb3aa-75cc-4e40-8692-ea5fd5f5f9f0','3abfcb2a-8335-4bcc-b6f9-704a92e392fd',2,0,'704a92e392fd-c345895a-86ea-4012-bdec-5d8d621f9574',0,NULL,NULL,'http://fusion.primihub-demo.svc.cluster.local:8080/','2022-06-29 13:08:18.000','2022-06-29 13:08:18.000'),(101,'e2748a5b-40c7-4941-a462-4e3c96fada0b','ea5fd5f5f9f0-73fb86e3-9a76-4ff5-b509-73d75d7947c5','7aeeb3aa-75cc-4e40-8692-ea5fd5f5f9f0','3abfcb2a-8335-4bcc-b6f9-704a92e392fd',2,0,'704a92e392fd-377a071e-c7ef-4426-b887-4b60d100e15c',0,NULL,NULL,'http://fusion.primihub-demo.svc.cluster.local:8080/','2022-06-29 13:08:18.000','2022-06-29 13:08:18.000'),(102,'aeaa2065-e25f-43e1-a72b-7c71d8f31b40','ea5fd5f5f9f0-73fb86e3-9a76-4ff5-b509-73d75d7947c5','7aeeb3aa-75cc-4e40-8692-ea5fd5f5f9f0','3abfcb2a-8335-4bcc-b6f9-704a92e392fd',2,0,'704a92e392fd-87fbe004-2ecb-4953-8dc5-660ad37957b0',0,NULL,NULL,'http://fusion.primihub-demo.svc.cluster.local:8080/','2022-06-29 13:08:18.000','2022-06-29 13:08:18.000'),(103,'ead25770-0ce5-4580-868d-1aaed546f679','ea5fd5f5f9f0-73fb86e3-9a76-4ff5-b509-73d75d7947c5','7aeeb3aa-75cc-4e40-8692-ea5fd5f5f9f0','3abfcb2a-8335-4bcc-b6f9-704a92e392fd',2,0,'704a92e392fd-82003b16-2db3-4b3d-a03c-65635907d13b',0,NULL,NULL,'http://fusion.primihub-demo.svc.cluster.local:8080/','2022-06-29 13:08:18.000','2022-06-29 13:08:18.000'),(104,'22bc043b-5242-4b82-8a01-2382befb8509','ea5fd5f5f9f0-73fb86e3-9a76-4ff5-b509-73d75d7947c5','7aeeb3aa-75cc-4e40-8692-ea5fd5f5f9f0','3abfcb2a-8335-4bcc-b6f9-704a92e392fd',2,0,'704a92e392fd-9231e799-0a70-49e2-b050-8b4bae4421fa',0,NULL,NULL,'http://fusion.primihub-demo.svc.cluster.local:8080/','2022-06-29 13:08:18.000','2022-06-29 13:08:18.000'),(105,'c77b4e4d-d304-4550-a460-55c924c48d0d','ea5fd5f5f9f0-73fb86e3-9a76-4ff5-b509-73d75d7947c5','7aeeb3aa-75cc-4e40-8692-ea5fd5f5f9f0','3abfcb2a-8335-4bcc-b6f9-704a92e392fd',2,0,'704a92e392fd-0e959113-6c18-442b-ac58-f95114c06185',0,NULL,NULL,'http://fusion.primihub-demo.svc.cluster.local:8080/','2022-06-29 13:08:18.000','2022-06-29 13:08:18.000'),(113,'d9683cba-a5f4-4ce4-9ee5-577b10e336f9','704a92e392fd-28a03479-9559-43a6-a36b-83cf4f5b6188','3abfcb2a-8335-4bcc-b6f9-704a92e392fd','7aeeb3aa-75cc-4e40-8692-ea5fd5f5f9f0',2,0,'ea5fd5f5f9f0-60be2ae2-3776-4716-a829-c37290074f7d',0,NULL,NULL,'http://fusion.primihub-demo.svc.cluster.local:8080/','2022-06-29 13:54:25.000','2022-06-29 13:54:25.000'),(116,'765ca381-4c3d-47a2-aaa4-13c1d2d28e65','704a92e392fd-28a03479-9559-43a6-a36b-83cf4f5b6188','3abfcb2a-8335-4bcc-b6f9-704a92e392fd','3abfcb2a-8335-4bcc-b6f9-704a92e392fd',1,0,'704a92e392fd-9231e799-0a70-49e2-b050-8b4bae4421fa',1,'项目发起者自动同意',NULL,'http://fusion.primihub-demo.svc.cluster.local:8080/','2022-06-29 13:56:57.000','2022-06-29 13:56:57.000'),(122,'91fd7ad3-9d94-48e4-80b9-4ea8aee89d99','704a92e392fd-28a03479-9559-43a6-a36b-83cf4f5b6188','3abfcb2a-8335-4bcc-b6f9-704a92e392fd','7aeeb3aa-75cc-4e40-8692-ea5fd5f5f9f0',2,0,'ea5fd5f5f9f0-1c4a1cdc-48f8-48b3-ae30-a0025002897d',0,NULL,NULL,'http://fusion.primihub-demo.svc.cluster.local:8080/','2022-06-29 14:01:46.000','2022-06-29 14:01:46.000'),(123,'265cf06a-bdf3-4f12-8fc3-abd5dacb41b0','704a92e392fd-be48948b-7039-49ac-a3df-9f358477df31','3abfcb2a-8335-4bcc-b6f9-704a92e392fd','7aeeb3aa-75cc-4e40-8692-ea5fd5f5f9f0',2,0,'ea5fd5f5f9f0-60be2ae2-3776-4716-a829-c37290074f7d',0,NULL,NULL,'http://fusion.primihub-demo.svc.cluster.local:8080/','2022-06-29 14:25:35.000','2022-06-29 14:25:50.000'),(124,'2aa2d8be-dce1-434e-82a8-219b1efe8f64','ea5fd5f5f9f0-089d86bb-e6e4-4ab3-8ea7-6505ac012a69','7aeeb3aa-75cc-4e40-8692-ea5fd5f5f9f0','7aeeb3aa-75cc-4e40-8692-ea5fd5f5f9f0',1,0,'ea5fd5f5f9f0-60be2ae2-3776-4716-a829-c37290074f7d',1,'项目发起者自动同意',NULL,'http://fusion.primihub-demo.svc.cluster.local:8080/','2022-06-30 01:22:17.000','2022-06-30 01:22:17.000'),(125,'fa49a78e-480d-437a-9786-4dd38be2196d','ea5fd5f5f9f0-089d86bb-e6e4-4ab3-8ea7-6505ac012a69','7aeeb3aa-75cc-4e40-8692-ea5fd5f5f9f0','7aeeb3aa-75cc-4e40-8692-ea5fd5f5f9f0',1,0,'ea5fd5f5f9f0-8815021d-8b23-40e9-b5f3-057d1d8e5666',1,'项目发起者自动同意',NULL,'http://fusion.primihub-demo.svc.cluster.local:8080/','2022-06-30 01:22:17.000','2022-06-30 01:22:17.000'),(126,'88452c17-b930-4019-b433-83bdfdd1233f','ea5fd5f5f9f0-089d86bb-e6e4-4ab3-8ea7-6505ac012a69','7aeeb3aa-75cc-4e40-8692-ea5fd5f5f9f0','3abfcb2a-8335-4bcc-b6f9-704a92e392fd',2,0,'704a92e392fd-87fbe004-2ecb-4953-8dc5-660ad37957b0',0,NULL,NULL,'http://fusion.primihub-demo.svc.cluster.local:8080/','2022-06-30 01:22:17.000','2022-06-30 01:22:17.000'),(127,'f6ef7e9d-3868-4d9b-97c9-b16ea4cfe8e6','ea5fd5f5f9f0-089d86bb-e6e4-4ab3-8ea7-6505ac012a69','7aeeb3aa-75cc-4e40-8692-ea5fd5f5f9f0','3abfcb2a-8335-4bcc-b6f9-704a92e392fd',2,0,'704a92e392fd-82003b16-2db3-4b3d-a03c-65635907d13b',0,NULL,NULL,'http://fusion.primihub-demo.svc.cluster.local:8080/','2022-06-30 01:22:17.000','2022-06-30 01:22:17.000'),(128,'678da26d-ed7a-4fd6-909c-92e1dc6c81f7','ea5fd5f5f9f0-96146ce8-2c6c-47cf-89de-0e740f9b96a1','7aeeb3aa-75cc-4e40-8692-ea5fd5f5f9f0','3abfcb2a-8335-4bcc-b6f9-704a92e392fd',2,0,'704a92e392fd-377a071e-c7ef-4426-b887-4b60d100e15c',0,NULL,NULL,'http://fusion.primihub-demo.svc.cluster.local:8080/','2022-06-30 01:29:04.000','2022-06-30 01:29:04.000'),(129,'2ec47e4a-adfe-487c-876b-f30ce88558c8','ea5fd5f5f9f0-4ff51604-101b-49fa-8a0e-b9a17473bfab','7aeeb3aa-75cc-4e40-8692-ea5fd5f5f9f0','7aeeb3aa-75cc-4e40-8692-ea5fd5f5f9f0',1,0,'ea5fd5f5f9f0-1c4a1cdc-48f8-48b3-ae30-a0025002897d',1,'项目发起者自动同意',NULL,'http://fusion.primihub-demo.svc.cluster.local:8080/','2022-06-30 02:03:22.000','2022-06-30 02:03:22.000'),(130,'29e96dbf-8a8e-44bd-8ddc-4e12f1edbb0c','ea5fd5f5f9f0-4ff51604-101b-49fa-8a0e-b9a17473bfab','7aeeb3aa-75cc-4e40-8692-ea5fd5f5f9f0','7aeeb3aa-75cc-4e40-8692-ea5fd5f5f9f0',1,0,'ea5fd5f5f9f0-4a893e19-6962-4619-9340-d5a1296b744c',1,'项目发起者自动同意',NULL,'http://fusion.primihub-demo.svc.cluster.local:8080/','2022-06-30 02:03:22.000','2022-06-30 02:03:22.000'),(131,'12ac77cc-d0da-4c19-850f-79ef7084cbd1','ea5fd5f5f9f0-4ff51604-101b-49fa-8a0e-b9a17473bfab','7aeeb3aa-75cc-4e40-8692-ea5fd5f5f9f0','7aeeb3aa-75cc-4e40-8692-ea5fd5f5f9f0',1,0,'ea5fd5f5f9f0-05752362-d60b-4229-be56-845fc04eea40',1,'项目发起者自动同意',NULL,'http://fusion.primihub-demo.svc.cluster.local:8080/','2022-06-30 02:03:22.000','2022-06-30 02:03:22.000'),(132,'e786894b-1e15-4223-ac89-05cd68f6da63','ea5fd5f5f9f0-4ff51604-101b-49fa-8a0e-b9a17473bfab','7aeeb3aa-75cc-4e40-8692-ea5fd5f5f9f0','3abfcb2a-8335-4bcc-b6f9-704a92e392fd',2,0,'704a92e392fd-377a071e-c7ef-4426-b887-4b60d100e15c',0,NULL,NULL,'http://fusion.primihub-demo.svc.cluster.local:8080/','2022-06-30 02:03:22.000','2022-06-30 02:03:22.000'),(133,'08bbb53e-3781-4faf-9181-638a7b32dcd6','704a92e392fd-53de999a-73e6-4bc9-aed1-c8da8e27ee0e','3abfcb2a-8335-4bcc-b6f9-704a92e392fd','3abfcb2a-8335-4bcc-b6f9-704a92e392fd',1,0,'704a92e392fd-377a071e-c7ef-4426-b887-4b60d100e15c',1,'项目发起者自动同意',NULL,'http://fusion.primihub-demo.svc.cluster.local:8080/','2022-06-30 02:05:44.000','2022-06-30 02:06:06.000'),(134,'dcbd70e1-5284-455d-a6fc-b20811019d47','704a92e392fd-53de999a-73e6-4bc9-aed1-c8da8e27ee0e','3abfcb2a-8335-4bcc-b6f9-704a92e392fd','7aeeb3aa-75cc-4e40-8692-ea5fd5f5f9f0',2,0,'ea5fd5f5f9f0-60be2ae2-3776-4716-a829-c37290074f7d',0,NULL,NULL,'http://fusion.primihub-demo.svc.cluster.local:8080/','2022-06-30 02:05:44.000','2022-06-30 02:06:06.000'),(135,'76be3b51-c03f-4b00-9a47-80face4a452a','704a92e392fd-7fb76834-87ea-4bbb-8ce8-94a620504e7f','3abfcb2a-8335-4bcc-b6f9-704a92e392fd','3abfcb2a-8335-4bcc-b6f9-704a92e392fd',1,0,'704a92e392fd-377a071e-c7ef-4426-b887-4b60d100e15c',1,'项目发起者自动同意',NULL,'http://fusion.primihub-demo.svc.cluster.local:8080/','2022-06-30 02:09:21.000','2022-06-30 02:09:21.000'),(136,'2de0014c-81b5-4612-9951-f4d28462dee3','704a92e392fd-fec6b3c9-1a70-4956-9fb9-352f6b2f91f3','3abfcb2a-8335-4bcc-b6f9-704a92e392fd','3abfcb2a-8335-4bcc-b6f9-704a92e392fd',1,0,'704a92e392fd-377a071e-c7ef-4426-b887-4b60d100e15c',1,'项目发起者自动同意',NULL,'http://fusion.primihub-demo.svc.cluster.local:8080/','2022-06-30 02:09:22.000','2022-06-30 05:21:33.000'),(137,'a2f660b7-abee-41cb-a8b9-b6899cab644f','ea5fd5f5f9f0-12227652-f697-4259-b106-a0f018096295','7aeeb3aa-75cc-4e40-8692-ea5fd5f5f9f0','7aeeb3aa-75cc-4e40-8692-ea5fd5f5f9f0',1,0,'ea5fd5f5f9f0-60be2ae2-3776-4716-a829-c37290074f7d',1,'项目发起者自动同意',NULL,'http://fusion.primihub-demo.svc.cluster.local:8080/','2022-06-30 02:10:09.000','2022-06-30 02:10:09.000'),(138,'e2f7a7f4-2879-4bc7-90e3-752fcdd368ee','ea5fd5f5f9f0-12227652-f697-4259-b106-a0f018096295','7aeeb3aa-75cc-4e40-8692-ea5fd5f5f9f0','7aeeb3aa-75cc-4e40-8692-ea5fd5f5f9f0',1,0,'ea5fd5f5f9f0-8815021d-8b23-40e9-b5f3-057d1d8e5666',1,'项目发起者自动同意',NULL,'http://fusion.primihub-demo.svc.cluster.local:8080/','2022-06-30 02:10:09.000','2022-06-30 02:10:09.000'),(139,'702b30df-bddf-450a-8ae8-d171fabf016d','ea5fd5f5f9f0-12227652-f697-4259-b106-a0f018096295','7aeeb3aa-75cc-4e40-8692-ea5fd5f5f9f0','7aeeb3aa-75cc-4e40-8692-ea5fd5f5f9f0',1,0,'ea5fd5f5f9f0-1c4a1cdc-48f8-48b3-ae30-a0025002897d',1,'项目发起者自动同意',NULL,'http://fusion.primihub-demo.svc.cluster.local:8080/','2022-06-30 02:10:09.000','2022-06-30 02:10:09.000'),(140,'a8d92cec-ef0d-456a-b7a9-aada244328e6','ea5fd5f5f9f0-12227652-f697-4259-b106-a0f018096295','7aeeb3aa-75cc-4e40-8692-ea5fd5f5f9f0','7aeeb3aa-75cc-4e40-8692-ea5fd5f5f9f0',1,0,'ea5fd5f5f9f0-4a893e19-6962-4619-9340-d5a1296b744c',1,'项目发起者自动同意',NULL,'http://fusion.primihub-demo.svc.cluster.local:8080/','2022-06-30 02:10:09.000','2022-06-30 02:10:09.000'),(141,'bc0fbbd6-b981-46b4-a964-948e800676d3','ea5fd5f5f9f0-12227652-f697-4259-b106-a0f018096295','7aeeb3aa-75cc-4e40-8692-ea5fd5f5f9f0','7aeeb3aa-75cc-4e40-8692-ea5fd5f5f9f0',1,0,'ea5fd5f5f9f0-05752362-d60b-4229-be56-845fc04eea40',1,'项目发起者自动同意',NULL,'http://fusion.primihub-demo.svc.cluster.local:8080/','2022-06-30 02:10:09.000','2022-06-30 02:10:09.000'),(142,'a3fba90c-a57f-430b-9a64-24721dc78442','ea5fd5f5f9f0-12227652-f697-4259-b106-a0f018096295','7aeeb3aa-75cc-4e40-8692-ea5fd5f5f9f0','3abfcb2a-8335-4bcc-b6f9-704a92e392fd',2,0,'704a92e392fd-377a071e-c7ef-4426-b887-4b60d100e15c',0,NULL,NULL,'http://fusion.primihub-demo.svc.cluster.local:8080/','2022-06-30 02:10:09.000','2022-06-30 02:10:09.000'),(143,'29905e34-5c91-4d57-9bc6-bfddcd3ef3ce','ea5fd5f5f9f0-12227652-f697-4259-b106-a0f018096295','7aeeb3aa-75cc-4e40-8692-ea5fd5f5f9f0','3abfcb2a-8335-4bcc-b6f9-704a92e392fd',2,0,'704a92e392fd-87fbe004-2ecb-4953-8dc5-660ad37957b0',0,NULL,NULL,'http://fusion.primihub-demo.svc.cluster.local:8080/','2022-06-30 02:10:09.000','2022-06-30 02:10:09.000'),(144,'d04a9d36-0411-4dc4-9eae-34d68f2a8327','ea5fd5f5f9f0-12227652-f697-4259-b106-a0f018096295','7aeeb3aa-75cc-4e40-8692-ea5fd5f5f9f0','3abfcb2a-8335-4bcc-b6f9-704a92e392fd',2,0,'704a92e392fd-82003b16-2db3-4b3d-a03c-65635907d13b',0,NULL,NULL,'http://fusion.primihub-demo.svc.cluster.local:8080/','2022-06-30 02:10:09.000','2022-06-30 02:10:09.000'),(145,'e07d0789-7c24-4294-8249-38d48c4c5ffa','ea5fd5f5f9f0-12227652-f697-4259-b106-a0f018096295','7aeeb3aa-75cc-4e40-8692-ea5fd5f5f9f0','3abfcb2a-8335-4bcc-b6f9-704a92e392fd',2,0,'704a92e392fd-9231e799-0a70-49e2-b050-8b4bae4421fa',0,NULL,NULL,'http://fusion.primihub-demo.svc.cluster.local:8080/','2022-06-30 02:10:09.000','2022-06-30 02:10:09.000'),(146,'d270b41a-21bb-4565-b2f1-f10104fca56c','ea5fd5f5f9f0-12227652-f697-4259-b106-a0f018096295','7aeeb3aa-75cc-4e40-8692-ea5fd5f5f9f0','3abfcb2a-8335-4bcc-b6f9-704a92e392fd',2,0,'704a92e392fd-0e959113-6c18-442b-ac58-f95114c06185',0,NULL,NULL,'http://fusion.primihub-demo.svc.cluster.local:8080/','2022-06-30 02:10:09.000','2022-06-30 02:10:09.000'),(147,'3f4eb61e-5b60-4585-9cc8-6a1eda2c5fbe','ea5fd5f5f9f0-a625cbdf-64cc-49d5-be4e-fbcba5b4c361','7aeeb3aa-75cc-4e40-8692-ea5fd5f5f9f0','7aeeb3aa-75cc-4e40-8692-ea5fd5f5f9f0',1,0,'ea5fd5f5f9f0-60be2ae2-3776-4716-a829-c37290074f7d',1,'项目发起者自动同意',NULL,'http://fusion.primihub-demo.svc.cluster.local:8080/','2022-06-30 02:11:17.000','2022-06-30 12:48:23.000'),(148,'52187970-57db-48ea-b1bf-1168dbe4971d','ea5fd5f5f9f0-a625cbdf-64cc-49d5-be4e-fbcba5b4c361','7aeeb3aa-75cc-4e40-8692-ea5fd5f5f9f0','3abfcb2a-8335-4bcc-b6f9-704a92e392fd',2,0,'704a92e392fd-377a071e-c7ef-4426-b887-4b60d100e15c',0,NULL,NULL,'http://fusion.primihub-demo.svc.cluster.local:8080/','2022-06-30 02:11:17.000','2022-06-30 12:48:23.000'),(149,'d9404e1b-7a24-4a26-9c75-191b3e1300f1','ea5fd5f5f9f0-49636e11-c4c1-4e48-a876-932756d2e406','7aeeb3aa-75cc-4e40-8692-ea5fd5f5f9f0','7aeeb3aa-75cc-4e40-8692-ea5fd5f5f9f0',1,0,'ea5fd5f5f9f0-60be2ae2-3776-4716-a829-c37290074f7d',1,'项目发起者自动同意',NULL,'http://fusion.primihub-demo.svc.cluster.local:8080/','2022-06-30 02:13:24.000','2022-06-30 02:13:24.000'),(150,'6e2ea0d6-65a2-4f34-9a8f-4f791d5b834e','ea5fd5f5f9f0-49636e11-c4c1-4e48-a876-932756d2e406','7aeeb3aa-75cc-4e40-8692-ea5fd5f5f9f0','7aeeb3aa-75cc-4e40-8692-ea5fd5f5f9f0',1,0,'ea5fd5f5f9f0-8815021d-8b23-40e9-b5f3-057d1d8e5666',1,'项目发起者自动同意',NULL,'http://fusion.primihub-demo.svc.cluster.local:8080/','2022-06-30 02:13:24.000','2022-06-30 02:13:24.000'),(151,'37e7b431-5f16-444c-8647-3952283850fd','ea5fd5f5f9f0-49636e11-c4c1-4e48-a876-932756d2e406','7aeeb3aa-75cc-4e40-8692-ea5fd5f5f9f0','7aeeb3aa-75cc-4e40-8692-ea5fd5f5f9f0',1,0,'ea5fd5f5f9f0-1c4a1cdc-48f8-48b3-ae30-a0025002897d',1,'项目发起者自动同意',NULL,'http://fusion.primihub-demo.svc.cluster.local:8080/','2022-06-30 02:13:24.000','2022-06-30 02:13:24.000'),(152,'3ef943e8-2fd2-45e2-846f-1cea512c8f2e','ea5fd5f5f9f0-49636e11-c4c1-4e48-a876-932756d2e406','7aeeb3aa-75cc-4e40-8692-ea5fd5f5f9f0','7aeeb3aa-75cc-4e40-8692-ea5fd5f5f9f0',1,0,'ea5fd5f5f9f0-4a893e19-6962-4619-9340-d5a1296b744c',1,'项目发起者自动同意',NULL,'http://fusion.primihub-demo.svc.cluster.local:8080/','2022-06-30 02:13:24.000','2022-06-30 02:13:24.000'),(153,'e5503feb-42c2-44ad-94bb-63c0f9f9de02','ea5fd5f5f9f0-49636e11-c4c1-4e48-a876-932756d2e406','7aeeb3aa-75cc-4e40-8692-ea5fd5f5f9f0','3abfcb2a-8335-4bcc-b6f9-704a92e392fd',2,0,'704a92e392fd-377a071e-c7ef-4426-b887-4b60d100e15c',1,'',NULL,'http://fusion.primihub-demo.svc.cluster.local:8080/','2022-06-30 02:13:24.000','2022-06-30 02:13:58.000'),(154,'904996ae-51b4-4479-b9e8-ca7c960378e9','ea5fd5f5f9f0-49636e11-c4c1-4e48-a876-932756d2e406','7aeeb3aa-75cc-4e40-8692-ea5fd5f5f9f0','3abfcb2a-8335-4bcc-b6f9-704a92e392fd',2,0,'704a92e392fd-87fbe004-2ecb-4953-8dc5-660ad37957b0',1,'',NULL,'http://fusion.primihub-demo.svc.cluster.local:8080/','2022-06-30 02:13:24.000','2022-06-30 02:14:07.000'),(155,'bf0d49e0-691b-4b18-a959-6889fc985b84','ea5fd5f5f9f0-49636e11-c4c1-4e48-a876-932756d2e406','7aeeb3aa-75cc-4e40-8692-ea5fd5f5f9f0','3abfcb2a-8335-4bcc-b6f9-704a92e392fd',2,0,'704a92e392fd-82003b16-2db3-4b3d-a03c-65635907d13b',1,'',NULL,'http://fusion.primihub-demo.svc.cluster.local:8080/','2022-06-30 02:13:24.000','2022-07-01 11:30:42.000'),(156,'ba7a23d1-3e33-4849-842d-ec6ae9044a2e','ea5fd5f5f9f0-49636e11-c4c1-4e48-a876-932756d2e406','7aeeb3aa-75cc-4e40-8692-ea5fd5f5f9f0','3abfcb2a-8335-4bcc-b6f9-704a92e392fd',2,0,'704a92e392fd-9231e799-0a70-49e2-b050-8b4bae4421fa',2,'111',NULL,'http://fusion.primihub-demo.svc.cluster.local:8080/','2022-06-30 02:13:24.000','2022-07-01 11:30:47.000'),(157,'a63c7557-e51d-46d0-bc0e-fb176f7f01dc','704a92e392fd-374621d3-3466-446c-9ed4-469bef38ec56','3abfcb2a-8335-4bcc-b6f9-704a92e392fd','3abfcb2a-8335-4bcc-b6f9-704a92e392fd',1,0,'704a92e392fd-87fbe004-2ecb-4953-8dc5-660ad37957b0',1,'项目发起者自动同意',NULL,'http://fusion.primihub-demo.svc.cluster.local:8080/','2022-06-30 05:32:16.000','2022-06-30 05:33:34.000'),(158,'b0fa4b26-75aa-4dbc-9f23-66d8accd9ea2','704a92e392fd-374621d3-3466-446c-9ed4-469bef38ec56','3abfcb2a-8335-4bcc-b6f9-704a92e392fd','3abfcb2a-8335-4bcc-b6f9-704a92e392fd',1,0,'704a92e392fd-377a071e-c7ef-4426-b887-4b60d100e15c',1,'项目发起者自动同意',NULL,'http://fusion.primihub-demo.svc.cluster.local:8080/','2022-06-30 05:32:16.000','2022-06-30 05:33:34.000'),(159,'256d9e69-3217-4088-9e12-90435cddbae9','704a92e392fd-374621d3-3466-446c-9ed4-469bef38ec56','3abfcb2a-8335-4bcc-b6f9-704a92e392fd','7aeeb3aa-75cc-4e40-8692-ea5fd5f5f9f0',2,0,'ea5fd5f5f9f0-8815021d-8b23-40e9-b5f3-057d1d8e5666',1,'',NULL,'http://fusion.primihub-demo.svc.cluster.local:8080/','2022-06-30 05:32:16.000','2022-06-30 05:33:34.000'),(160,'caaf78db-469d-475d-8277-5dc7c2300d3e','704a92e392fd-374621d3-3466-446c-9ed4-469bef38ec56','3abfcb2a-8335-4bcc-b6f9-704a92e392fd','7aeeb3aa-75cc-4e40-8692-ea5fd5f5f9f0',2,0,'ea5fd5f5f9f0-60be2ae2-3776-4716-a829-c37290074f7d',2,'1',NULL,'http://fusion.primihub-demo.svc.cluster.local:8080/','2022-06-30 05:32:16.000','2022-06-30 05:33:34.000'),(161,'1d27f1fe-d72c-4684-bfab-60e40a460411','794e41ba0e63-e54e0406-a2da-41c3-9290-abf5b7078693','eb734dd0-773e-411b-ba29-794e41ba0e63','eb734dd0-773e-411b-ba29-794e41ba0e63',1,0,'794e41ba0e63-acb7bf93-ef24-4f6e-a14a-0d415248565e',1,'项目发起者自动同意',NULL,'http://fusion.primihub-demo.svc.cluster.local:8080/','2022-06-30 06:26:37.000','2022-06-30 06:29:30.000'),(162,'14b6f5be-3ba6-4495-82d0-22781b5d3fa7','794e41ba0e63-e54e0406-a2da-41c3-9290-abf5b7078693','eb734dd0-773e-411b-ba29-794e41ba0e63','7aeeb3aa-75cc-4e40-8692-ea5fd5f5f9f0',2,0,'ea5fd5f5f9f0-60be2ae2-3776-4716-a829-c37290074f7d',1,'',NULL,'http://fusion.primihub-demo.svc.cluster.local:8080/','2022-06-30 06:26:37.000','2022-06-30 06:29:25.000'),(163,'7ef97cbc-847b-4b60-8e10-b5c1d248dd0f','794e41ba0e63-e54e0406-a2da-41c3-9290-abf5b7078693','eb734dd0-773e-411b-ba29-794e41ba0e63','7aeeb3aa-75cc-4e40-8692-ea5fd5f5f9f0',2,0,'ea5fd5f5f9f0-8815021d-8b23-40e9-b5f3-057d1d8e5666',0,NULL,NULL,'http://fusion.primihub-demo.svc.cluster.local:8080/','2022-06-30 06:29:16.000','2022-06-30 06:29:16.000'),(164,'f0220bda-a4c1-476d-917d-345706839786','794e41ba0e63-e54e0406-a2da-41c3-9290-abf5b7078693','eb734dd0-773e-411b-ba29-794e41ba0e63','7aeeb3aa-75cc-4e40-8692-ea5fd5f5f9f0',2,0,'ea5fd5f5f9f0-1c4a1cdc-48f8-48b3-ae30-a0025002897d',0,NULL,NULL,'http://fusion.primihub-demo.svc.cluster.local:8080/','2022-06-30 06:29:16.000','2022-06-30 06:29:30.000'),(166,'76b32cc1-823b-4afe-969c-d4552356e7c9','704a92e392fd-28b4ad3e-7671-442a-bb90-0f439e50832c','3abfcb2a-8335-4bcc-b6f9-704a92e392fd','7aeeb3aa-75cc-4e40-8692-ea5fd5f5f9f0',2,0,'ea5fd5f5f9f0-59748b95-cd3f-44c3-9203-c6b48e24805a',0,NULL,NULL,'http://fusion.primihub-demo.svc.cluster.local:8080/','2022-06-30 07:17:03.000','2022-06-30 07:26:02.000'),(167,'aaaead2b-b3e5-4706-8033-3454f1600da3','704a92e392fd-28b4ad3e-7671-442a-bb90-0f439e50832c','3abfcb2a-8335-4bcc-b6f9-704a92e392fd','3abfcb2a-8335-4bcc-b6f9-704a92e392fd',1,0,'704a92e392fd-d7b79c55-503a-4113-8ebd-e7dc7d19bdd3',1,'项目发起者自动同意',NULL,'http://fusion.primihub-demo.svc.cluster.local:8080/','2022-06-30 07:17:59.000','2022-06-30 07:26:02.000'),(168,'ac87e7b0-848d-4cc1-a882-44856e258f85','704a92e392fd-28b4ad3e-7671-442a-bb90-0f439e50832c','3abfcb2a-8335-4bcc-b6f9-704a92e392fd','3abfcb2a-8335-4bcc-b6f9-704a92e392fd',1,0,'704a92e392fd-095c0355-61a5-40b7-8c74-189528688279',1,'项目发起者自动同意',NULL,'http://fusion.primihub-demo.svc.cluster.local:8080/','2022-06-30 07:17:59.000','2022-06-30 07:26:02.000'),(169,'f362123f-f0ac-4fea-b2ad-051280c375eb','704a92e392fd-28b4ad3e-7671-442a-bb90-0f439e50832c','3abfcb2a-8335-4bcc-b6f9-704a92e392fd','eb734dd0-773e-411b-ba29-794e41ba0e63',2,0,'794e41ba0e63-acb7bf93-ef24-4f6e-a14a-0d415248565e',1,'',NULL,'http://fusion.primihub-demo.svc.cluster.local:8080/','2022-06-30 07:25:32.000','2022-06-30 07:26:02.000'),(170,'943c597f-4ead-4dc4-8343-761f4b0908fc','704a92e392fd-c955bd25-3c62-4cb7-a32f-f947a2a73851','3abfcb2a-8335-4bcc-b6f9-704a92e392fd','3abfcb2a-8335-4bcc-b6f9-704a92e392fd',1,0,'704a92e392fd-d7b79c55-503a-4113-8ebd-e7dc7d19bdd3',1,'项目发起者自动同意',NULL,'http://fusion.primihub-demo.svc.cluster.local:8080/','2022-06-30 07:37:05.000','2022-06-30 07:40:25.000'),(171,'a6ed2a1d-dc10-49e0-a9b2-f6f709b1bb18','704a92e392fd-c955bd25-3c62-4cb7-a32f-f947a2a73851','3abfcb2a-8335-4bcc-b6f9-704a92e392fd','7aeeb3aa-75cc-4e40-8692-ea5fd5f5f9f0',2,0,'ea5fd5f5f9f0-59748b95-cd3f-44c3-9203-c6b48e24805a',1,'',NULL,'http://fusion.primihub-demo.svc.cluster.local:8080/','2022-06-30 07:37:05.000','2022-06-30 07:40:25.000'),(172,'b3095a3e-6dab-43b1-8af2-5c18b2559735','704a92e392fd-c955bd25-3c62-4cb7-a32f-f947a2a73851','3abfcb2a-8335-4bcc-b6f9-704a92e392fd','7aeeb3aa-75cc-4e40-8692-ea5fd5f5f9f0',2,0,'ea5fd5f5f9f0-fe700425-3c39-4de6-b84b-dd35e291dac4',2,'拒绝',NULL,'http://fusion.primihub-demo.svc.cluster.local:8080/','2022-06-30 07:37:05.000','2022-06-30 07:40:25.000'),(174,'6ef2b4c5-a497-461d-861a-357fbd80d0ef','704a92e392fd-c955bd25-3c62-4cb7-a32f-f947a2a73851','3abfcb2a-8335-4bcc-b6f9-704a92e392fd','eb734dd0-773e-411b-ba29-794e41ba0e63',2,0,'794e41ba0e63-acb7bf93-ef24-4f6e-a14a-0d415248565e',1,'',NULL,'http://fusion.primihub-demo.svc.cluster.local:8080/','2022-06-30 07:37:05.000','2022-06-30 07:40:25.000'),(176,'ab50aff6-d7f2-4400-9046-d9bfe4edd349','704a92e392fd-c955bd25-3c62-4cb7-a32f-f947a2a73851','3abfcb2a-8335-4bcc-b6f9-704a92e392fd','7aeeb3aa-75cc-4e40-8692-ea5fd5f5f9f0',2,0,'ea5fd5f5f9f0-60be2ae2-3776-4716-a829-c37290074f7d',0,NULL,NULL,'http://fusion.primihub-demo.svc.cluster.local:8080/','2022-06-30 08:03:29.000','2022-06-30 08:03:29.000'),(177,'a9fdb998-26e3-44cf-9d1e-820c2dd811f8','704a92e392fd-c955bd25-3c62-4cb7-a32f-f947a2a73851','3abfcb2a-8335-4bcc-b6f9-704a92e392fd','7aeeb3aa-75cc-4e40-8692-ea5fd5f5f9f0',2,0,'ea5fd5f5f9f0-8815021d-8b23-40e9-b5f3-057d1d8e5666',0,NULL,NULL,'http://fusion.primihub-demo.svc.cluster.local:8080/','2022-06-30 08:05:08.000','2022-06-30 08:05:08.000'),(178,'2a46f388-cded-47a8-88e2-f989ed59e555','704a92e392fd-543ddca1-c72b-47c8-8bf2-c81ededb2165','3abfcb2a-8335-4bcc-b6f9-704a92e392fd','3abfcb2a-8335-4bcc-b6f9-704a92e392fd',1,0,'704a92e392fd-98ccad28-eccf-4cd1-9fd1-f3b95ac16be1',1,'项目发起者自动同意',NULL,'http://fusion.primihub-demo.svc.cluster.local:8080/','2022-06-30 12:42:50.000','2022-06-30 13:02:15.000'),(179,'5cf99206-5434-4faf-9af9-49e6a6485760','704a92e392fd-543ddca1-c72b-47c8-8bf2-c81ededb2165','3abfcb2a-8335-4bcc-b6f9-704a92e392fd','7aeeb3aa-75cc-4e40-8692-ea5fd5f5f9f0',2,0,'ea5fd5f5f9f0-59748b95-cd3f-44c3-9203-c6b48e24805a',0,NULL,NULL,'http://fusion.primihub-demo.svc.cluster.local:8080/','2022-06-30 12:42:50.000','2022-06-30 13:02:15.000'),(180,'52c96f52-caaa-4937-a85a-410d6d9af7a4','704a92e392fd-9def63d9-c3f0-4a17-9795-62690f7c62b6','3abfcb2a-8335-4bcc-b6f9-704a92e392fd','3abfcb2a-8335-4bcc-b6f9-704a92e392fd',1,0,'704a92e392fd-d7b79c55-503a-4113-8ebd-e7dc7d19bdd3',1,'项目发起者自动同意',NULL,'http://fusion.primihub-demo.svc.cluster.local:8080/','2022-06-30 12:43:40.000','2022-07-01 11:17:42.000'),(182,'96525142-5f50-4126-982b-853f5ccdb411','ea5fd5f5f9f0-a625cbdf-64cc-49d5-be4e-fbcba5b4c361','7aeeb3aa-75cc-4e40-8692-ea5fd5f5f9f0','3abfcb2a-8335-4bcc-b6f9-704a92e392fd',2,0,'704a92e392fd-095c0355-61a5-40b7-8c74-189528688279',0,NULL,NULL,'http://fusion.primihub-demo.svc.cluster.local:8080/','2022-06-30 12:48:23.000','2022-06-30 12:48:23.000'),(183,'e8e89b23-b2bc-4343-8671-07918256b96f','704a92e392fd-9def63d9-c3f0-4a17-9795-62690f7c62b6','3abfcb2a-8335-4bcc-b6f9-704a92e392fd','7aeeb3aa-75cc-4e40-8692-ea5fd5f5f9f0',2,0,'ea5fd5f5f9f0-e6a95ed0-2ce9-4669-9a0f-74b6ed73a7e1',0,NULL,NULL,'http://fusion.primihub-demo.svc.cluster.local:8080/','2022-07-01 11:19:11.000','2022-07-01 11:19:11.000'),(184,'fd04f253-fe10-446e-9ec3-90c5723ee62d','704a92e392fd-9def63d9-c3f0-4a17-9795-62690f7c62b6','3abfcb2a-8335-4bcc-b6f9-704a92e392fd','7aeeb3aa-75cc-4e40-8692-ea5fd5f5f9f0',2,0,'ea5fd5f5f9f0-2866d0a5-9623-4af9-af19-d49bcdc2b783',0,NULL,NULL,'http://fusion.primihub-demo.svc.cluster.local:8080/','2022-07-01 11:19:11.000','2022-07-01 11:19:11.000'),(187,'2064fdfe-c734-456f-8836-7da54c23c105','704a92e392fd-ad1d7f73-3928-4a84-a8d9-6c3d01af411b','3abfcb2a-8335-4bcc-b6f9-704a92e392fd','7aeeb3aa-75cc-4e40-8692-ea5fd5f5f9f0',2,0,'ea5fd5f5f9f0-e1600ee3-11bf-418d-875a-fc602879e2f4',1,'',NULL,'http://fusion.primihub-demo.svc.cluster.local:8080/','2022-07-01 11:43:25.000','2022-07-01 11:47:36.000'),(190,'ba93a1c3-3507-4e1f-b6b0-7f53cd13f706','704a92e392fd-ad1d7f73-3928-4a84-a8d9-6c3d01af411b','3abfcb2a-8335-4bcc-b6f9-704a92e392fd','eb734dd0-773e-411b-ba29-794e41ba0e63',2,0,'794e41ba0e63-c2ca9a07-db64-4e1e-b070-4e798e9234f3',0,NULL,NULL,'http://fusion.primihub-demo.svc.cluster.local:8080/','2022-07-01 11:50:29.000','2022-07-01 11:50:29.000'),(191,'2b842b33-c6d7-4eea-8cce-bafe1a17158d','704a92e392fd-ad1d7f73-3928-4a84-a8d9-6c3d01af411b','3abfcb2a-8335-4bcc-b6f9-704a92e392fd','eb734dd0-773e-411b-ba29-794e41ba0e63',2,0,'794e41ba0e63-fb05ac21-4ff4-4c2b-975f-d908cee338ea',0,NULL,NULL,'http://fusion.primihub-demo.svc.cluster.local:8080/','2022-07-01 11:50:29.000','2022-07-01 11:50:29.000'),(192,'9a1bbf5a-da17-4b74-9e60-2bbeb2e32b83','704a92e392fd-ad1d7f73-3928-4a84-a8d9-6c3d01af411b','3abfcb2a-8335-4bcc-b6f9-704a92e392fd','3abfcb2a-8335-4bcc-b6f9-704a92e392fd',1,0,'704a92e392fd-98ccad28-eccf-4cd1-9fd1-f3b95ac16be1',1,'项目发起者自动同意',NULL,'http://fusion.primihub-demo.svc.cluster.local:8080/','2022-07-01 11:50:54.000','2022-07-01 11:50:54.000'),(193,'0a39a675-2172-4d9a-9efb-c645b4851d6f','704a92e392fd-ad1d7f73-3928-4a84-a8d9-6c3d01af411b','3abfcb2a-8335-4bcc-b6f9-704a92e392fd','3abfcb2a-8335-4bcc-b6f9-704a92e392fd',1,0,'704a92e392fd-095c0355-61a5-40b7-8c74-189528688279',1,'项目发起者自动同意',NULL,'http://fusion.primihub-demo.svc.cluster.local:8080/','2022-07-01 11:50:54.000','2022-07-01 11:50:54.000'),(194,'adc273b4-cc56-40f0-8f37-7faeff86d5ef','704a92e392fd-ad1d7f73-3928-4a84-a8d9-6c3d01af411b','3abfcb2a-8335-4bcc-b6f9-704a92e392fd','3abfcb2a-8335-4bcc-b6f9-704a92e392fd',1,0,'704a92e392fd-d7b79c55-503a-4113-8ebd-e7dc7d19bdd3',1,'项目发起者自动同意',NULL,'http://fusion.primihub-demo.svc.cluster.local:8080/','2022-07-01 11:50:54.000','2022-07-01 11:50:54.000'),(195,'264e8d80-aef4-4bdc-8089-109b08db2b50','ea5fd5f5f9f0-fec1b17a-d236-4214-b84b-cc75b904b9b8','7aeeb3aa-75cc-4e40-8692-ea5fd5f5f9f0','7aeeb3aa-75cc-4e40-8692-ea5fd5f5f9f0',1,0,'ea5fd5f5f9f0-e1600ee3-11bf-418d-875a-fc602879e2f4',1,'项目发起者自动同意',NULL,'http://fusion.primihub-demo.svc.cluster.local:8080/','2022-07-01 12:05:09.000','2022-07-01 12:27:16.000'),(196,'8652c60c-ca98-484b-b703-9755453f22da','ea5fd5f5f9f0-fec1b17a-d236-4214-b84b-cc75b904b9b8','7aeeb3aa-75cc-4e40-8692-ea5fd5f5f9f0','7aeeb3aa-75cc-4e40-8692-ea5fd5f5f9f0',1,0,'ea5fd5f5f9f0-e6a95ed0-2ce9-4669-9a0f-74b6ed73a7e1',1,'项目发起者自动同意',NULL,'http://fusion.primihub-demo.svc.cluster.local:8080/','2022-07-01 12:05:09.000','2022-07-01 12:27:16.000'),(197,'7e1b4774-95f1-4003-a079-6d2142d7e80c','ea5fd5f5f9f0-fec1b17a-d236-4214-b84b-cc75b904b9b8','7aeeb3aa-75cc-4e40-8692-ea5fd5f5f9f0','7aeeb3aa-75cc-4e40-8692-ea5fd5f5f9f0',1,0,'ea5fd5f5f9f0-2866d0a5-9623-4af9-af19-d49bcdc2b783',1,'项目发起者自动同意',NULL,'http://fusion.primihub-demo.svc.cluster.local:8080/','2022-07-01 12:05:09.000','2022-07-01 12:27:16.000'),(198,'03b8f3c1-4424-4c5e-b71b-9748856eb98f','ea5fd5f5f9f0-fec1b17a-d236-4214-b84b-cc75b904b9b8','7aeeb3aa-75cc-4e40-8692-ea5fd5f5f9f0','7aeeb3aa-75cc-4e40-8692-ea5fd5f5f9f0',1,0,'ea5fd5f5f9f0-a33baaf9-bae4-440d-aae9-1bf75134389e',1,'项目发起者自动同意',NULL,'http://fusion.primihub-demo.svc.cluster.local:8080/','2022-07-01 12:05:09.000','2022-07-01 12:27:16.000'),(199,'e02a8355-46ea-45c0-befd-69d95090fda4','ea5fd5f5f9f0-fec1b17a-d236-4214-b84b-cc75b904b9b8','7aeeb3aa-75cc-4e40-8692-ea5fd5f5f9f0','7aeeb3aa-75cc-4e40-8692-ea5fd5f5f9f0',1,0,'ea5fd5f5f9f0-59748b95-cd3f-44c3-9203-c6b48e24805a',1,'项目发起者自动同意',NULL,'http://fusion.primihub-demo.svc.cluster.local:8080/','2022-07-01 12:05:09.000','2022-07-01 12:27:16.000'),(200,'bc4d805e-b7f6-4e29-bcce-4206eae1ebb4','ea5fd5f5f9f0-fec1b17a-d236-4214-b84b-cc75b904b9b8','7aeeb3aa-75cc-4e40-8692-ea5fd5f5f9f0','3abfcb2a-8335-4bcc-b6f9-704a92e392fd',2,0,'704a92e392fd-98ccad28-eccf-4cd1-9fd1-f3b95ac16be1',1,'',NULL,'http://fusion.primihub-demo.svc.cluster.local:8080/','2022-07-01 12:05:09.000','2022-07-01 12:26:03.000'),(201,'0c8876ab-3935-4b6d-8169-9c40c1ea3ac7','ea5fd5f5f9f0-fec1b17a-d236-4214-b84b-cc75b904b9b8','7aeeb3aa-75cc-4e40-8692-ea5fd5f5f9f0','3abfcb2a-8335-4bcc-b6f9-704a92e392fd',2,0,'704a92e392fd-d7b79c55-503a-4113-8ebd-e7dc7d19bdd3',2,'88',NULL,'http://fusion.primihub-demo.svc.cluster.local:8080/','2022-07-01 12:05:09.000','2022-07-01 12:26:27.000'),(202,'924f6a6e-6821-4386-9f41-af9953495c4a','ea5fd5f5f9f0-fec1b17a-d236-4214-b84b-cc75b904b9b8','7aeeb3aa-75cc-4e40-8692-ea5fd5f5f9f0','3abfcb2a-8335-4bcc-b6f9-704a92e392fd',2,0,'704a92e392fd-095c0355-61a5-40b7-8c74-189528688279',0,NULL,NULL,'http://fusion.primihub-demo.svc.cluster.local:8080/','2022-07-01 12:05:09.000','2022-07-01 12:27:16.000'),(203,'2573384b-9e13-48e4-941a-0ee7ca24ab46','ea5fd5f5f9f0-fec1b17a-d236-4214-b84b-cc75b904b9b8','7aeeb3aa-75cc-4e40-8692-ea5fd5f5f9f0','3abfcb2a-8335-4bcc-b6f9-704a92e392fd',2,0,'704a92e392fd-377a071e-c7ef-4426-b887-4b60d100e15c',0,NULL,NULL,'http://fusion.primihub-demo.svc.cluster.local:8080/','2022-07-01 12:05:09.000','2022-07-01 12:27:16.000'),(204,'572cbbfb-e881-4df3-a30b-5e03df414f92','ea5fd5f5f9f0-fec1b17a-d236-4214-b84b-cc75b904b9b8','7aeeb3aa-75cc-4e40-8692-ea5fd5f5f9f0','3abfcb2a-8335-4bcc-b6f9-704a92e392fd',2,0,'704a92e392fd-87fbe004-2ecb-4953-8dc5-660ad37957b0',0,NULL,NULL,'http://fusion.primihub-demo.svc.cluster.local:8080/','2022-07-01 12:05:09.000','2022-07-01 12:27:16.000'),(205,'dbb39986-30ea-4e85-b985-ecbe8a60a475','ea5fd5f5f9f0-fec1b17a-d236-4214-b84b-cc75b904b9b8','7aeeb3aa-75cc-4e40-8692-ea5fd5f5f9f0','eb734dd0-773e-411b-ba29-794e41ba0e63',2,0,'794e41ba0e63-43bde033-b5a5-4551-a8c3-75d957fee4e0',1,'',NULL,'http://fusion.primihub-demo.svc.cluster.local:8080/','2022-07-01 12:25:13.000','2022-07-01 12:27:16.000'),(206,'4804fb34-ba5c-4b68-bf3a-d4e6dbdfe4b1','ea5fd5f5f9f0-fec1b17a-d236-4214-b84b-cc75b904b9b8','7aeeb3aa-75cc-4e40-8692-ea5fd5f5f9f0','eb734dd0-773e-411b-ba29-794e41ba0e63',2,0,'794e41ba0e63-c2ca9a07-db64-4e1e-b070-4e798e9234f3',2,'',NULL,'http://fusion.primihub-demo.svc.cluster.local:8080/','2022-07-01 12:25:13.000','2022-07-01 12:26:30.000'),(207,'58662176-a0aa-457d-976d-7bd42b5ab290','ea5fd5f5f9f0-fec1b17a-d236-4214-b84b-cc75b904b9b8','7aeeb3aa-75cc-4e40-8692-ea5fd5f5f9f0','eb734dd0-773e-411b-ba29-794e41ba0e63',2,0,'794e41ba0e63-04d65c6b-3f90-4df5-96cb-637b9275668b',1,'',NULL,'http://fusion.primihub-demo.svc.cluster.local:8080/','2022-07-01 12:25:29.000','2022-07-01 12:27:16.000'),(208,'ae5f0bfe-5b01-4134-926a-459e5c7c622c','704a92e392fd-fb30fe7e-d549-4a37-9729-b9dbf6bf94cf','3abfcb2a-8335-4bcc-b6f9-704a92e392fd','3abfcb2a-8335-4bcc-b6f9-704a92e392fd',1,0,'704a92e392fd-d7b79c55-503a-4113-8ebd-e7dc7d19bdd3',1,'项目发起者自动同意',NULL,'http://fusion.primihub-demo.svc.cluster.local:8080/','2022-07-01 12:31:57.000','2022-07-01 12:31:57.000'),(209,'1757a7e9-8826-4586-b704-ceef8e017ae1','ea5fd5f5f9f0-d77b34a3-01df-4c69-8b23-8fd554699d58','7aeeb3aa-75cc-4e40-8692-ea5fd5f5f9f0','7aeeb3aa-75cc-4e40-8692-ea5fd5f5f9f0',1,0,'ea5fd5f5f9f0-e1600ee3-11bf-418d-875a-fc602879e2f4',1,'项目发起者自动同意',NULL,'http://fusion.primihub-demo.svc.cluster.local:8080/','2022-07-01 12:33:55.000','2022-07-01 12:33:55.000'),(210,'fbbcfca9-0d53-4a47-af24-7a9d79213022','ea5fd5f5f9f0-d77b34a3-01df-4c69-8b23-8fd554699d58','7aeeb3aa-75cc-4e40-8692-ea5fd5f5f9f0','3abfcb2a-8335-4bcc-b6f9-704a92e392fd',2,0,'704a92e392fd-d7b79c55-503a-4113-8ebd-e7dc7d19bdd3',0,NULL,NULL,'http://fusion.primihub-demo.svc.cluster.local:8080/','2022-07-01 12:33:55.000','2022-07-01 12:33:55.000'),(211,'c8e4923d-da54-4d28-8cdd-364037890a9f','704a92e392fd-6ed99f5e-591a-4a62-8b87-3b5777334f6d','3abfcb2a-8335-4bcc-b6f9-704a92e392fd','3abfcb2a-8335-4bcc-b6f9-704a92e392fd',1,0,'704a92e392fd-98ccad28-eccf-4cd1-9fd1-f3b95ac16be1',1,'项目发起者自动同意',NULL,'http://fusion.primihub-demo.svc.cluster.local:8080/','2022-07-01 13:57:18.000','2022-07-01 13:58:54.000'),(212,'d4cba1b9-1671-4a24-8e50-c5177b6fac61','704a92e392fd-6ed99f5e-591a-4a62-8b87-3b5777334f6d','3abfcb2a-8335-4bcc-b6f9-704a92e392fd','7aeeb3aa-75cc-4e40-8692-ea5fd5f5f9f0',2,0,'ea5fd5f5f9f0-e1600ee3-11bf-418d-875a-fc602879e2f4',1,'',NULL,'http://fusion.primihub-demo.svc.cluster.local:8080/','2022-07-01 13:58:24.000','2022-07-01 13:58:54.000'),(213,'99370f67-447f-459d-8fa6-a4371c599c62','704a92e392fd-6ed99f5e-591a-4a62-8b87-3b5777334f6d','3abfcb2a-8335-4bcc-b6f9-704a92e392fd','eb734dd0-773e-411b-ba29-794e41ba0e63',2,0,'794e41ba0e63-43bde033-b5a5-4551-a8c3-75d957fee4e0',1,'',NULL,'http://fusion.primihub-demo.svc.cluster.local:8080/','2022-07-01 13:58:29.000','2022-07-01 13:58:54.000'),(214,'e9f22a04-4f79-4534-9307-e90ad24a1442','794e41ba0e63-096071e6-4ad1-432a-a97c-613c1d0b80d0','eb734dd0-773e-411b-ba29-794e41ba0e63','eb734dd0-773e-411b-ba29-794e41ba0e63',1,0,'794e41ba0e63-04d65c6b-3f90-4df5-96cb-637b9275668b',1,'项目发起者自动同意',NULL,'http://fusion.primihub-demo.svc.cluster.local:8080/','2022-07-01 13:59:11.000','2022-07-01 14:02:55.000'),(215,'9a05e2da-07f1-489c-bfa0-2a73d599790c','704a92e392fd-4d9c1d71-fb08-46e6-912c-fc1ebd864489','3abfcb2a-8335-4bcc-b6f9-704a92e392fd','3abfcb2a-8335-4bcc-b6f9-704a92e392fd',1,0,'704a92e392fd-98ccad28-eccf-4cd1-9fd1-f3b95ac16be1',1,'项目发起者自动同意',NULL,'http://fusion.primihub-demo.svc.cluster.local:8080/','2022-07-01 13:59:39.000','2022-07-01 13:59:39.000'),(218,'109c65f1-0045-44b0-b2f9-43437460d2d5','704a92e392fd-ccf7d35c-f343-4a5e-9b10-4842047c73ae','3abfcb2a-8335-4bcc-b6f9-704a92e392fd','eb734dd0-773e-411b-ba29-794e41ba0e63',2,0,'794e41ba0e63-43bde033-b5a5-4551-a8c3-75d957fee4e0',0,NULL,NULL,'http://fusion.primihub-demo.svc.cluster.local:8080/','2022-07-04 03:15:38.000','2022-07-04 03:15:38.000'),(220,'b7effb86-6e23-4d94-93e4-e950110442c8','704a92e392fd-ccf7d35c-f343-4a5e-9b10-4842047c73ae','3abfcb2a-8335-4bcc-b6f9-704a92e392fd','3abfcb2a-8335-4bcc-b6f9-704a92e392fd',1,0,'704a92e392fd-35af0d95-9b8c-45ee-baf1-d1e61003fa60',1,'项目发起者自动同意',NULL,'http://fusion.primihub-demo.svc.cluster.local:8080/','2022-07-04 03:17:22.000','2022-07-04 03:17:22.000'),(223,'4cb5f6da-ec08-4249-9bea-effd572d86f3','704a92e392fd-ccf7d35c-f343-4a5e-9b10-4842047c73ae','3abfcb2a-8335-4bcc-b6f9-704a92e392fd','3abfcb2a-8335-4bcc-b6f9-704a92e392fd',1,0,'704a92e392fd-e1bd0dbe-e782-4036-b741-b9cec0d7a91f',1,'项目发起者自动同意',NULL,'http://fusion.primihub-demo.svc.cluster.local:8080/','2022-07-04 03:22:08.000','2022-07-04 03:22:08.000'),(225,'b5489d43-04b6-4427-b23f-779b3f8196b1','704a92e392fd-f13bdf46-dada-4651-9bbb-65f9fbb3f979','3abfcb2a-8335-4bcc-b6f9-704a92e392fd','3abfcb2a-8335-4bcc-b6f9-704a92e392fd',1,0,'704a92e392fd-35af0d95-9b8c-45ee-baf1-d1e61003fa60',1,'项目发起者自动同意',NULL,'http://fusion.primihub-demo.svc.cluster.local:8080/','2022-07-04 03:23:46.000','2022-07-04 03:23:46.000'),(227,'14c093a6-88aa-43a8-af83-ef88ef6ae1f6','704a92e392fd-f13bdf46-dada-4651-9bbb-65f9fbb3f979','3abfcb2a-8335-4bcc-b6f9-704a92e392fd','7aeeb3aa-75cc-4e40-8692-ea5fd5f5f9f0',2,0,'ea5fd5f5f9f0-e1600ee3-11bf-418d-875a-fc602879e2f4',0,NULL,NULL,'http://fusion.primihub-demo.svc.cluster.local:8080/','2022-07-04 03:23:46.000','2022-07-04 03:23:46.000'),(234,'33fd6f7d-8273-4dd7-bcde-b22eb090a18c','704a92e392fd-f13bdf46-dada-4651-9bbb-65f9fbb3f979','3abfcb2a-8335-4bcc-b6f9-704a92e392fd','3abfcb2a-8335-4bcc-b6f9-704a92e392fd',1,0,'704a92e392fd-98ccad28-eccf-4cd1-9fd1-f3b95ac16be1',1,'项目发起者自动同意',NULL,'http://fusion.primihub-demo.svc.cluster.local:8080/','2022-07-04 03:28:56.000','2022-07-04 03:28:56.000'),(241,'6b2d82c6-3814-436b-acfa-9b2216f0d93e','704a92e392fd-f13bdf46-dada-4651-9bbb-65f9fbb3f979','3abfcb2a-8335-4bcc-b6f9-704a92e392fd','3abfcb2a-8335-4bcc-b6f9-704a92e392fd',1,0,'704a92e392fd-e1bd0dbe-e782-4036-b741-b9cec0d7a91f',1,'项目发起者自动同意',NULL,'http://fusion.primihub-demo.svc.cluster.local:8080/','2022-07-04 03:42:53.000','2022-07-04 03:42:53.000'),(242,'6f7fef80-e166-486f-94b2-3dc6894dd050','704a92e392fd-f13bdf46-dada-4651-9bbb-65f9fbb3f979','3abfcb2a-8335-4bcc-b6f9-704a92e392fd','3abfcb2a-8335-4bcc-b6f9-704a92e392fd',1,0,'704a92e392fd-d7b79c55-503a-4113-8ebd-e7dc7d19bdd3',1,'项目发起者自动同意',NULL,'http://fusion.primihub-demo.svc.cluster.local:8080/','2022-07-04 03:42:59.000','2022-07-04 03:42:59.000'),(244,'747e0ae8-6498-43cd-85ce-e7de9f93cc4b','ea5fd5f5f9f0-74948866-ce37-41ac-bf61-ecc55d8eb6e3','7aeeb3aa-75cc-4e40-8692-ea5fd5f5f9f0','7aeeb3aa-75cc-4e40-8692-ea5fd5f5f9f0',1,0,'ea5fd5f5f9f0-e1600ee3-11bf-418d-875a-fc602879e2f4',1,'项目发起者自动同意',NULL,'http://fusion.primihub-demo.svc.cluster.local:8080/','2022-07-04 06:51:09.000','2022-07-04 08:13:23.000'),(245,'d1e4343f-985e-445b-b58c-3cbeeca98741','ea5fd5f5f9f0-74948866-ce37-41ac-bf61-ecc55d8eb6e3','7aeeb3aa-75cc-4e40-8692-ea5fd5f5f9f0','3abfcb2a-8335-4bcc-b6f9-704a92e392fd',2,0,'704a92e392fd-35af0d95-9b8c-45ee-baf1-d1e61003fa60',1,'',NULL,'http://fusion.primihub-demo.svc.cluster.local:8080/','2022-07-04 06:51:09.000','2022-07-04 08:13:23.000'),(246,'b6c60fd5-c8cf-41ed-892c-44b44b39fa7d','ea5fd5f5f9f0-74948866-ce37-41ac-bf61-ecc55d8eb6e3','7aeeb3aa-75cc-4e40-8692-ea5fd5f5f9f0','3abfcb2a-8335-4bcc-b6f9-704a92e392fd',2,0,'704a92e392fd-e1bd0dbe-e782-4036-b741-b9cec0d7a91f',0,NULL,NULL,'http://fusion.primihub-demo.svc.cluster.local:8080/','2022-07-04 07:26:52.000','2022-07-04 08:13:23.000'),(248,'a72f7c9e-d652-4c6e-b8bc-2d2a508cb7ef','ea5fd5f5f9f0-3dacc58c-ce29-46ab-8cd7-8af4d7b992d9','7aeeb3aa-75cc-4e40-8692-ea5fd5f5f9f0','7aeeb3aa-75cc-4e40-8692-ea5fd5f5f9f0',1,0,'ea5fd5f5f9f0-e6a95ed0-2ce9-4669-9a0f-74b6ed73a7e1',1,'项目发起者自动同意',NULL,'http://fusion.primihub-demo.svc.cluster.local:8080/','2022-07-04 08:56:41.000','2022-07-04 08:58:07.000'),(250,'1b05f211-e075-430a-a4b8-3cd9836d3547','ea5fd5f5f9f0-3dacc58c-ce29-46ab-8cd7-8af4d7b992d9','7aeeb3aa-75cc-4e40-8692-ea5fd5f5f9f0','7aeeb3aa-75cc-4e40-8692-ea5fd5f5f9f0',1,0,'ea5fd5f5f9f0-a33baaf9-bae4-440d-aae9-1bf75134389e',1,'项目发起者自动同意',NULL,'http://fusion.primihub-demo.svc.cluster.local:8080/','2022-07-04 08:56:41.000','2022-07-04 08:58:07.000'),(251,'bee4ab56-5e3c-4fd1-8bc3-a2528c78426b','ea5fd5f5f9f0-3dacc58c-ce29-46ab-8cd7-8af4d7b992d9','7aeeb3aa-75cc-4e40-8692-ea5fd5f5f9f0','7aeeb3aa-75cc-4e40-8692-ea5fd5f5f9f0',1,0,'ea5fd5f5f9f0-59748b95-cd3f-44c3-9203-c6b48e24805a',1,'项目发起者自动同意',NULL,'http://fusion.primihub-demo.svc.cluster.local:8080/','2022-07-04 08:56:41.000','2022-07-04 08:58:07.000'),(255,'98a91464-13d0-4993-b9a2-5e3c84a1058c','ea5fd5f5f9f0-3dacc58c-ce29-46ab-8cd7-8af4d7b992d9','7aeeb3aa-75cc-4e40-8692-ea5fd5f5f9f0','7aeeb3aa-75cc-4e40-8692-ea5fd5f5f9f0',1,0,'ea5fd5f5f9f0-2866d0a5-9623-4af9-af19-d49bcdc2b783',1,'项目发起者自动同意',NULL,'http://fusion.primihub-demo.svc.cluster.local:8080/','2022-07-04 08:58:07.000','2022-07-04 08:58:07.000'),(257,'0a60d621-660b-41df-a26d-0a36d34c8d5f','ea5fd5f5f9f0-26e823c6-320c-454b-ae13-2f3d201c3990','7aeeb3aa-75cc-4e40-8692-ea5fd5f5f9f0','7aeeb3aa-75cc-4e40-8692-ea5fd5f5f9f0',1,0,'ea5fd5f5f9f0-e1600ee3-11bf-418d-875a-fc602879e2f4',1,'项目发起者自动同意',NULL,'http://fusion.primihub-demo.svc.cluster.local:8080/','2022-07-04 08:58:31.000','2022-07-04 08:58:31.000'),(258,'f015c260-04b3-40da-bc04-93d865a06d69','ea5fd5f5f9f0-26e823c6-320c-454b-ae13-2f3d201c3990','7aeeb3aa-75cc-4e40-8692-ea5fd5f5f9f0','7aeeb3aa-75cc-4e40-8692-ea5fd5f5f9f0',1,0,'ea5fd5f5f9f0-e6a95ed0-2ce9-4669-9a0f-74b6ed73a7e1',1,'项目发起者自动同意',NULL,'http://fusion.primihub-demo.svc.cluster.local:8080/','2022-07-04 08:58:31.000','2022-07-04 08:58:31.000'),(259,'edaa7fef-e4dd-40a0-964e-29cb37901577','ea5fd5f5f9f0-26e823c6-320c-454b-ae13-2f3d201c3990','7aeeb3aa-75cc-4e40-8692-ea5fd5f5f9f0','7aeeb3aa-75cc-4e40-8692-ea5fd5f5f9f0',1,0,'ea5fd5f5f9f0-2866d0a5-9623-4af9-af19-d49bcdc2b783',1,'项目发起者自动同意',NULL,'http://fusion.primihub-demo.svc.cluster.local:8080/','2022-07-04 08:58:31.000','2022-07-04 08:58:31.000'),(260,'d8a591bc-131e-4369-83d9-18af673faefc','ea5fd5f5f9f0-26e823c6-320c-454b-ae13-2f3d201c3990','7aeeb3aa-75cc-4e40-8692-ea5fd5f5f9f0','7aeeb3aa-75cc-4e40-8692-ea5fd5f5f9f0',1,0,'ea5fd5f5f9f0-a33baaf9-bae4-440d-aae9-1bf75134389e',1,'项目发起者自动同意',NULL,'http://fusion.primihub-demo.svc.cluster.local:8080/','2022-07-04 08:58:31.000','2022-07-04 08:58:31.000'),(264,'8e605446-403f-49ca-ae63-acd378547119','ea5fd5f5f9f0-01359f16-87e1-4d07-a271-9566ef037116','7aeeb3aa-75cc-4e40-8692-ea5fd5f5f9f0','7aeeb3aa-75cc-4e40-8692-ea5fd5f5f9f0',1,0,'ea5fd5f5f9f0-2866d0a5-9623-4af9-af19-d49bcdc2b783',1,'项目发起者自动同意',NULL,'http://fusion.primihub-demo.svc.cluster.local:8080/','2022-07-04 10:00:02.000','2022-07-04 10:03:39.000'),(265,'cbf958a1-93fb-49e7-9a1d-80f4fd3a321c','ea5fd5f5f9f0-01359f16-87e1-4d07-a271-9566ef037116','7aeeb3aa-75cc-4e40-8692-ea5fd5f5f9f0','7aeeb3aa-75cc-4e40-8692-ea5fd5f5f9f0',1,0,'ea5fd5f5f9f0-a33baaf9-bae4-440d-aae9-1bf75134389e',1,'项目发起者自动同意',NULL,'http://fusion.primihub-demo.svc.cluster.local:8080/','2022-07-04 10:00:02.000','2022-07-04 10:03:39.000'),(266,'d4f964e7-48fd-4b65-999d-d92ed905c83a','ea5fd5f5f9f0-01359f16-87e1-4d07-a271-9566ef037116','7aeeb3aa-75cc-4e40-8692-ea5fd5f5f9f0','7aeeb3aa-75cc-4e40-8692-ea5fd5f5f9f0',1,0,'ea5fd5f5f9f0-59748b95-cd3f-44c3-9203-c6b48e24805a',1,'项目发起者自动同意',NULL,'http://fusion.primihub-demo.svc.cluster.local:8080/','2022-07-04 10:00:02.000','2022-07-04 10:03:39.000'),(267,'94e82b85-ae48-43de-973c-230ed4cd166c','ea5fd5f5f9f0-01359f16-87e1-4d07-a271-9566ef037116','7aeeb3aa-75cc-4e40-8692-ea5fd5f5f9f0','7aeeb3aa-75cc-4e40-8692-ea5fd5f5f9f0',1,0,'ea5fd5f5f9f0-e1600ee3-11bf-418d-875a-fc602879e2f4',1,'项目发起者自动同意',NULL,'http://fusion.primihub-demo.svc.cluster.local:8080/','2022-07-04 10:03:18.000','2022-07-04 10:03:39.000'),(268,'b22f9b07-d187-49de-aa63-80fa87274d85','ea5fd5f5f9f0-01359f16-87e1-4d07-a271-9566ef037116','7aeeb3aa-75cc-4e40-8692-ea5fd5f5f9f0','7aeeb3aa-75cc-4e40-8692-ea5fd5f5f9f0',1,0,'ea5fd5f5f9f0-e6a95ed0-2ce9-4669-9a0f-74b6ed73a7e1',1,'项目发起者自动同意',NULL,'http://fusion.primihub-demo.svc.cluster.local:8080/','2022-07-04 10:03:39.000','2022-07-04 10:03:39.000'),(269,'1221be4d-9055-4994-8723-bf9b05622c78','ea5fd5f5f9f0-34e375ea-7bc1-42c3-a523-ab8f93f504c9','7aeeb3aa-75cc-4e40-8692-ea5fd5f5f9f0','7aeeb3aa-75cc-4e40-8692-ea5fd5f5f9f0',1,0,'ea5fd5f5f9f0-e1600ee3-11bf-418d-875a-fc602879e2f4',1,'项目发起者自动同意',NULL,'http://fusion.primihub-demo.svc.cluster.local:8080/','2022-07-04 10:29:39.000','2022-07-04 10:29:39.000'),(270,'f69cd3b0-fe03-4985-8488-86431fc35c30','ea5fd5f5f9f0-34e375ea-7bc1-42c3-a523-ab8f93f504c9','7aeeb3aa-75cc-4e40-8692-ea5fd5f5f9f0','7aeeb3aa-75cc-4e40-8692-ea5fd5f5f9f0',1,0,'ea5fd5f5f9f0-e6a95ed0-2ce9-4669-9a0f-74b6ed73a7e1',1,'项目发起者自动同意',NULL,'http://fusion.primihub-demo.svc.cluster.local:8080/','2022-07-04 10:29:39.000','2022-07-04 10:29:39.000'),(271,'4307221a-dcc9-44b2-81dc-e4de6e8a63b7','ea5fd5f5f9f0-34e375ea-7bc1-42c3-a523-ab8f93f504c9','7aeeb3aa-75cc-4e40-8692-ea5fd5f5f9f0','3abfcb2a-8335-4bcc-b6f9-704a92e392fd',2,0,'704a92e392fd-d7b79c55-503a-4113-8ebd-e7dc7d19bdd3',0,NULL,NULL,'http://fusion.primihub-demo.svc.cluster.local:8080/','2022-07-04 10:29:39.000','2022-07-04 10:29:39.000'),(272,'a9dfb7bc-dfe0-40ae-a5b9-735a8d5012ee','ea5fd5f5f9f0-34e375ea-7bc1-42c3-a523-ab8f93f504c9','7aeeb3aa-75cc-4e40-8692-ea5fd5f5f9f0','eb734dd0-773e-411b-ba29-794e41ba0e63',2,0,'794e41ba0e63-43bde033-b5a5-4551-a8c3-75d957fee4e0',0,NULL,NULL,'http://fusion.primihub-demo.svc.cluster.local:8080/','2022-07-04 10:29:39.000','2022-07-04 10:29:39.000'),(273,'07ed9e16-330d-4ec1-bd88-d2b4d826b1fb','ea5fd5f5f9f0-e8d7779d-5099-4582-b707-a429e10a4786','7aeeb3aa-75cc-4e40-8692-ea5fd5f5f9f0','7aeeb3aa-75cc-4e40-8692-ea5fd5f5f9f0',1,0,'ea5fd5f5f9f0-e1600ee3-11bf-418d-875a-fc602879e2f4',1,'项目发起者自动同意',NULL,'http://fusion.primihub-demo.svc.cluster.local:8080/','2022-07-04 11:11:38.000','2022-07-04 11:13:32.000'),(274,'cb91fda4-ec8b-4b7d-993f-374248ee7961','ea5fd5f5f9f0-e8d7779d-5099-4582-b707-a429e10a4786','7aeeb3aa-75cc-4e40-8692-ea5fd5f5f9f0','7aeeb3aa-75cc-4e40-8692-ea5fd5f5f9f0',1,0,'ea5fd5f5f9f0-e6a95ed0-2ce9-4669-9a0f-74b6ed73a7e1',1,'项目发起者自动同意',NULL,'http://fusion.primihub-demo.svc.cluster.local:8080/','2022-07-04 11:11:49.000','2022-07-04 11:13:32.000'),(279,'1169035d-b675-434f-b7d9-dd99cccb344b','ea5fd5f5f9f0-e8d7779d-5099-4582-b707-a429e10a4786','7aeeb3aa-75cc-4e40-8692-ea5fd5f5f9f0','3abfcb2a-8335-4bcc-b6f9-704a92e392fd',2,0,'704a92e392fd-35af0d95-9b8c-45ee-baf1-d1e61003fa60',0,NULL,NULL,'http://fusion.primihub-demo.svc.cluster.local:8080/','2022-07-04 11:12:41.000','2022-07-04 11:13:32.000'),(280,'e3e50fd4-2d0f-4274-9348-ab2cb5cb4071','ea5fd5f5f9f0-e8d7779d-5099-4582-b707-a429e10a4786','7aeeb3aa-75cc-4e40-8692-ea5fd5f5f9f0','3abfcb2a-8335-4bcc-b6f9-704a92e392fd',2,0,'704a92e392fd-e1bd0dbe-e782-4036-b741-b9cec0d7a91f',0,NULL,NULL,'http://fusion.primihub-demo.svc.cluster.local:8080/','2022-07-04 11:12:41.000','2022-07-04 11:13:32.000'),(281,'44f1e9d8-b7fe-4240-9302-68b12dd20b1c','ea5fd5f5f9f0-e8d7779d-5099-4582-b707-a429e10a4786','7aeeb3aa-75cc-4e40-8692-ea5fd5f5f9f0','3abfcb2a-8335-4bcc-b6f9-704a92e392fd',2,0,'704a92e392fd-98ccad28-eccf-4cd1-9fd1-f3b95ac16be1',0,NULL,NULL,'http://fusion.primihub-demo.svc.cluster.local:8080/','2022-07-04 11:12:41.000','2022-07-04 11:13:32.000'),(283,'b2ba1d7b-8522-408f-b5be-a3f2c32856a6','ea5fd5f5f9f0-e8d7779d-5099-4582-b707-a429e10a4786','7aeeb3aa-75cc-4e40-8692-ea5fd5f5f9f0','3abfcb2a-8335-4bcc-b6f9-704a92e392fd',2,0,'704a92e392fd-095c0355-61a5-40b7-8c74-189528688279',0,NULL,NULL,'http://fusion.primihub-demo.svc.cluster.local:8080/','2022-07-04 11:12:41.000','2022-07-04 11:13:32.000'),(284,'14967ac1-b91e-4857-81cb-9c182c186420','ea5fd5f5f9f0-e8d7779d-5099-4582-b707-a429e10a4786','7aeeb3aa-75cc-4e40-8692-ea5fd5f5f9f0','eb734dd0-773e-411b-ba29-794e41ba0e63',2,0,'794e41ba0e63-43bde033-b5a5-4551-a8c3-75d957fee4e0',1,'',NULL,'http://fusion.primihub-demo.svc.cluster.local:8080/','2022-07-04 11:13:32.000','2022-07-04 11:14:53.000'),(299,'aa722b81-d5a5-425a-9acc-d83c96abf841','ea5fd5f5f9f0-422c5bbc-4b06-49ae-b5ae-f474902f05bc','7aeeb3aa-75cc-4e40-8692-ea5fd5f5f9f0','7aeeb3aa-75cc-4e40-8692-ea5fd5f5f9f0',1,0,'ea5fd5f5f9f0-e1600ee3-11bf-418d-875a-fc602879e2f4',1,'项目发起者自动同意',NULL,'http://fusion.primihub-demo.svc.cluster.local:8080/','2022-07-05 02:16:17.000','2022-07-05 02:17:58.000'),(300,'6272170f-e576-4263-8428-0edbf907f556','ea5fd5f5f9f0-422c5bbc-4b06-49ae-b5ae-f474902f05bc','7aeeb3aa-75cc-4e40-8692-ea5fd5f5f9f0','7aeeb3aa-75cc-4e40-8692-ea5fd5f5f9f0',1,0,'ea5fd5f5f9f0-e6a95ed0-2ce9-4669-9a0f-74b6ed73a7e1',1,'项目发起者自动同意',NULL,'http://fusion.primihub-demo.svc.cluster.local:8080/','2022-07-05 02:16:17.000','2022-07-05 02:17:58.000'),(301,'a8ee0428-7594-444b-8c77-9bc2bb320028','ea5fd5f5f9f0-422c5bbc-4b06-49ae-b5ae-f474902f05bc','7aeeb3aa-75cc-4e40-8692-ea5fd5f5f9f0','7aeeb3aa-75cc-4e40-8692-ea5fd5f5f9f0',1,0,'ea5fd5f5f9f0-2866d0a5-9623-4af9-af19-d49bcdc2b783',1,'项目发起者自动同意',NULL,'http://fusion.primihub-demo.svc.cluster.local:8080/','2022-07-05 02:16:17.000','2022-07-05 02:17:58.000'),(304,'269a3f37-0179-4463-bd1c-b9b3b7818509','ea5fd5f5f9f0-422c5bbc-4b06-49ae-b5ae-f474902f05bc','7aeeb3aa-75cc-4e40-8692-ea5fd5f5f9f0','eb734dd0-773e-411b-ba29-794e41ba0e63',2,0,'794e41ba0e63-43bde033-b5a5-4551-a8c3-75d957fee4e0',0,NULL,NULL,'http://fusion.primihub-demo.svc.cluster.local:8080/','2022-07-05 02:17:50.000','2022-07-05 02:17:58.000'),(306,'42b1edcb-9b31-4584-b638-406ec19a0428','ea5fd5f5f9f0-ff20f24e-18fc-4410-9e0f-fab767ef777d','7aeeb3aa-75cc-4e40-8692-ea5fd5f5f9f0','7aeeb3aa-75cc-4e40-8692-ea5fd5f5f9f0',1,0,'ea5fd5f5f9f0-e6a95ed0-2ce9-4669-9a0f-74b6ed73a7e1',1,'项目发起者自动同意',NULL,'http://fusion.primihub-demo.svc.cluster.local:8080/','2022-07-05 09:58:48.000','2022-07-08 11:15:09.000'),(312,'d7bfe100-075d-470a-b18b-4b37118acb7a','704a92e392fd-e26669f3-efe5-4619-bca6-5cf75f6eba4e','3abfcb2a-8335-4bcc-b6f9-704a92e392fd','7aeeb3aa-75cc-4e40-8692-ea5fd5f5f9f0',2,0,'ea5fd5f5f9f0-e1600ee3-11bf-418d-875a-fc602879e2f4',2,'555',NULL,'http://fusion.primihub-demo.svc.cluster.local:8080/','2022-07-05 10:45:02.000','2022-07-05 10:46:39.000'),(313,'a31b5517-0443-4157-b0da-c41c620c6e45','704a92e392fd-e26669f3-efe5-4619-bca6-5cf75f6eba4e','3abfcb2a-8335-4bcc-b6f9-704a92e392fd','eb734dd0-773e-411b-ba29-794e41ba0e63',2,0,'794e41ba0e63-c2ca9a07-db64-4e1e-b070-4e798e9234f3',2,'',NULL,'http://fusion.primihub-demo.svc.cluster.local:8080/','2022-07-05 10:46:53.000','2022-07-05 10:47:00.000'),(314,'59646605-23a2-4fff-88e3-667f0247f691','704a92e392fd-e26669f3-efe5-4619-bca6-5cf75f6eba4e','3abfcb2a-8335-4bcc-b6f9-704a92e392fd','3abfcb2a-8335-4bcc-b6f9-704a92e392fd',1,0,'704a92e392fd-35af0d95-9b8c-45ee-baf1-d1e61003fa60',1,'项目发起者自动同意',NULL,'http://fusion.primihub-demo.svc.cluster.local:8080/','2022-07-06 02:24:27.000','2022-07-06 02:24:27.000'),(315,'a6a974e1-3bd7-4045-ba12-b6d9295504b8','704a92e392fd-e26669f3-efe5-4619-bca6-5cf75f6eba4e','3abfcb2a-8335-4bcc-b6f9-704a92e392fd','3abfcb2a-8335-4bcc-b6f9-704a92e392fd',1,0,'704a92e392fd-e1bd0dbe-e782-4036-b741-b9cec0d7a91f',1,'项目发起者自动同意',NULL,'http://fusion.primihub-demo.svc.cluster.local:8080/','2022-07-06 02:24:27.000','2022-07-06 02:24:27.000'),(316,'040f8564-42dc-4862-86f3-cbbbe609a4c2','704a92e392fd-e26669f3-efe5-4619-bca6-5cf75f6eba4e','3abfcb2a-8335-4bcc-b6f9-704a92e392fd','3abfcb2a-8335-4bcc-b6f9-704a92e392fd',1,0,'704a92e392fd-d7b79c55-503a-4113-8ebd-e7dc7d19bdd3',1,'项目发起者自动同意',NULL,'http://fusion.primihub-demo.svc.cluster.local:8080/','2022-07-06 02:24:27.000','2022-07-06 02:24:27.000'),(317,'69c47f19-d845-491d-82c8-a6f201138de5','704a92e392fd-e26669f3-efe5-4619-bca6-5cf75f6eba4e','3abfcb2a-8335-4bcc-b6f9-704a92e392fd','3abfcb2a-8335-4bcc-b6f9-704a92e392fd',1,0,'704a92e392fd-98ccad28-eccf-4cd1-9fd1-f3b95ac16be1',1,'项目发起者自动同意',NULL,'http://fusion.primihub-demo.svc.cluster.local:8080/','2022-07-06 02:24:27.000','2022-07-06 02:24:27.000'),(318,'b6454334-fa5f-4db1-be5e-c25433234934','704a92e392fd-e26669f3-efe5-4619-bca6-5cf75f6eba4e','3abfcb2a-8335-4bcc-b6f9-704a92e392fd','3abfcb2a-8335-4bcc-b6f9-704a92e392fd',1,0,'704a92e392fd-095c0355-61a5-40b7-8c74-189528688279',1,'项目发起者自动同意',NULL,'http://fusion.primihub-demo.svc.cluster.local:8080/','2022-07-06 02:24:27.000','2022-07-06 02:24:27.000'),(319,'ece235de-1bc7-4a3f-8c46-80b77ce8f110','704a92e392fd-e26669f3-efe5-4619-bca6-5cf75f6eba4e','3abfcb2a-8335-4bcc-b6f9-704a92e392fd','7aeeb3aa-75cc-4e40-8692-ea5fd5f5f9f0',2,0,'ea5fd5f5f9f0-e6a95ed0-2ce9-4669-9a0f-74b6ed73a7e1',0,NULL,NULL,'http://fusion.primihub-demo.svc.cluster.local:8080/','2022-07-06 02:24:35.000','2022-07-06 02:24:35.000'),(320,'15056ef3-842a-4833-932f-7b6ae2646924','704a92e392fd-e26669f3-efe5-4619-bca6-5cf75f6eba4e','3abfcb2a-8335-4bcc-b6f9-704a92e392fd','7aeeb3aa-75cc-4e40-8692-ea5fd5f5f9f0',2,0,'ea5fd5f5f9f0-2866d0a5-9623-4af9-af19-d49bcdc2b783',0,NULL,NULL,'http://fusion.primihub-demo.svc.cluster.local:8080/','2022-07-06 02:24:35.000','2022-07-06 02:24:35.000'),(321,'524f255b-447d-4171-8a90-92284f64bc61','704a92e392fd-e26669f3-efe5-4619-bca6-5cf75f6eba4e','3abfcb2a-8335-4bcc-b6f9-704a92e392fd','7aeeb3aa-75cc-4e40-8692-ea5fd5f5f9f0',2,0,'ea5fd5f5f9f0-a33baaf9-bae4-440d-aae9-1bf75134389e',0,NULL,NULL,'http://fusion.primihub-demo.svc.cluster.local:8080/','2022-07-06 02:24:35.000','2022-07-06 02:24:35.000'),(322,'204c45dd-0fd2-472c-a18e-86278694ec42','704a92e392fd-e26669f3-efe5-4619-bca6-5cf75f6eba4e','3abfcb2a-8335-4bcc-b6f9-704a92e392fd','7aeeb3aa-75cc-4e40-8692-ea5fd5f5f9f0',2,0,'ea5fd5f5f9f0-59748b95-cd3f-44c3-9203-c6b48e24805a',0,NULL,NULL,'http://fusion.primihub-demo.svc.cluster.local:8080/','2022-07-06 02:24:35.000','2022-07-06 02:24:35.000'),(323,'162508fd-da58-4986-b088-9636bcd2f830','704a92e392fd-e26669f3-efe5-4619-bca6-5cf75f6eba4e','3abfcb2a-8335-4bcc-b6f9-704a92e392fd','eb734dd0-773e-411b-ba29-794e41ba0e63',2,0,'794e41ba0e63-43bde033-b5a5-4551-a8c3-75d957fee4e0',1,'',NULL,'http://fusion.primihub-demo.svc.cluster.local:8080/','2022-07-06 02:24:49.000','2022-07-11 02:09:46.000'),(324,'494d48ce-c050-46c7-b339-3ccb66406ac2','704a92e392fd-e26669f3-efe5-4619-bca6-5cf75f6eba4e','3abfcb2a-8335-4bcc-b6f9-704a92e392fd','eb734dd0-773e-411b-ba29-794e41ba0e63',2,0,'794e41ba0e63-fb05ac21-4ff4-4c2b-975f-d908cee338ea',0,NULL,NULL,'http://fusion.primihub-demo.svc.cluster.local:8080/','2022-07-06 02:24:49.000','2022-07-06 02:24:49.000'),(325,'1f4d19f2-bff0-4721-a01e-cc775ac90626','704a92e392fd-e26669f3-efe5-4619-bca6-5cf75f6eba4e','3abfcb2a-8335-4bcc-b6f9-704a92e392fd','eb734dd0-773e-411b-ba29-794e41ba0e63',2,0,'794e41ba0e63-04d65c6b-3f90-4df5-96cb-637b9275668b',0,NULL,NULL,'http://fusion.primihub-demo.svc.cluster.local:8080/','2022-07-06 02:24:49.000','2022-07-06 02:24:49.000'),(326,'2ef2b268-9811-4f83-896a-cba544b45d05','704a92e392fd-e26669f3-efe5-4619-bca6-5cf75f6eba4e','3abfcb2a-8335-4bcc-b6f9-704a92e392fd','eb734dd0-773e-411b-ba29-794e41ba0e63',2,0,'794e41ba0e63-acb7bf93-ef24-4f6e-a14a-0d415248565e',0,NULL,NULL,'http://fusion.primihub-demo.svc.cluster.local:8080/','2022-07-06 02:24:49.000','2022-07-06 02:24:49.000'),(332,'ce597be6-3c04-4f0d-aa25-7ce8dd27e6ab','ea5fd5f5f9f0-ff20f24e-18fc-4410-9e0f-fab767ef777d','7aeeb3aa-75cc-4e40-8692-ea5fd5f5f9f0','3abfcb2a-8335-4bcc-b6f9-704a92e392fd',2,0,'704a92e392fd-22568f0c-df20-49a9-8022-b343f92c5c92',0,NULL,NULL,'http://fusion.primihub-demo.svc.cluster.local:8080/','2022-07-08 11:14:56.000','2022-07-08 11:15:09.000'),(333,'c50efc82-204b-40e9-968b-4cb04265e243','ea5fd5f5f9f0-ff20f24e-18fc-4410-9e0f-fab767ef777d','7aeeb3aa-75cc-4e40-8692-ea5fd5f5f9f0','7aeeb3aa-75cc-4e40-8692-ea5fd5f5f9f0',1,0,'ea5fd5f5f9f0-143a59a7-bf3c-4bcd-a312-a106e15c66d9',1,'项目发起者自动同意',NULL,'http://fusion.primihub-demo.svc.cluster.local:8080/','2022-07-08 11:15:09.000','2022-07-08 11:15:09.000'),(334,'3e41cfb3-d171-4ff4-af73-04c8854b3f0e','ea5fd5f5f9f0-0fec2196-c65e-48d3-bb4a-595ac859186b','7aeeb3aa-75cc-4e40-8692-ea5fd5f5f9f0','7aeeb3aa-75cc-4e40-8692-ea5fd5f5f9f0',1,0,'ea5fd5f5f9f0-143a59a7-bf3c-4bcd-a312-a106e15c66d9',1,'项目发起者自动同意',NULL,'http://fusion.primihub-demo.svc.cluster.local:8080/','2022-07-08 14:16:28.000','2022-07-08 14:16:28.000'),(335,'b39b17cf-e08f-451e-97f0-40b4ce57b06f','704a92e392fd-b9565e21-a156-48b3-b9bb-6ee036bce019','3abfcb2a-8335-4bcc-b6f9-704a92e392fd','3abfcb2a-8335-4bcc-b6f9-704a92e392fd',1,0,'704a92e392fd-22568f0c-df20-49a9-8022-b343f92c5c92',1,'项目发起者自动同意',NULL,'http://fusion.primihub-demo.svc.cluster.local:8080/','2022-07-08 14:25:11.000','2022-07-08 14:25:11.000'),(336,'7f464188-a9c7-4db0-8f38-5a1951067350','704a92e392fd-b9565e21-a156-48b3-b9bb-6ee036bce019','3abfcb2a-8335-4bcc-b6f9-704a92e392fd','7aeeb3aa-75cc-4e40-8692-ea5fd5f5f9f0',2,0,'ea5fd5f5f9f0-143a59a7-bf3c-4bcd-a312-a106e15c66d9',0,NULL,NULL,'http://fusion.primihub-demo.svc.cluster.local:8080/','2022-07-08 14:25:16.000','2022-07-08 14:25:16.000'),(337,'3ad6528e-3831-4d02-a6f4-b1b8fc2f9d87','704a92e392fd-6eb348bf-5229-43c1-b57a-0048365b9dff','3abfcb2a-8335-4bcc-b6f9-704a92e392fd','eb734dd0-773e-411b-ba29-794e41ba0e63',2,0,'794e41ba0e63-3a83be70-194b-4f78-a5f6-12dcaecce6d6',0,NULL,NULL,'http://fusion.primihub-demo.svc.cluster.local:8080/','2022-07-08 17:03:07.000','2022-07-08 17:03:07.000'),(338,'95dd1971-c213-49a6-a919-20af02976ab5','704a92e392fd-6eb348bf-5229-43c1-b57a-0048365b9dff','3abfcb2a-8335-4bcc-b6f9-704a92e392fd','3abfcb2a-8335-4bcc-b6f9-704a92e392fd',1,0,'704a92e392fd-22568f0c-df20-49a9-8022-b343f92c5c92',1,'项目发起者自动同意',NULL,'http://fusion.primihub-demo.svc.cluster.local:8080/','2022-07-08 17:03:07.000','2022-07-08 17:03:07.000'),(339,'55617bc1-8079-4e30-a581-e0c137d788f0','ea5fd5f5f9f0-d58d9cc6-7891-4107-8477-ed25817ac2e9','7aeeb3aa-75cc-4e40-8692-ea5fd5f5f9f0','3abfcb2a-8335-4bcc-b6f9-704a92e392fd',2,0,'704a92e392fd-b4a95adf-2f79-4225-a6ff-1140a15eb4e8',1,'',NULL,'http://fusion.primihub-demo.svc.cluster.local:8080/','2022-07-09 06:13:04.000','2022-07-09 16:09:36.000'),(340,'ff3abd82-477c-4745-b869-197d2b6d19ac','ea5fd5f5f9f0-d58d9cc6-7891-4107-8477-ed25817ac2e9','7aeeb3aa-75cc-4e40-8692-ea5fd5f5f9f0','7aeeb3aa-75cc-4e40-8692-ea5fd5f5f9f0',1,0,'ea5fd5f5f9f0-fef1ca00-8405-40dd-86e7-d07f674ce3f3',1,'项目发起者自动同意',NULL,'http://fusion.primihub-demo.svc.cluster.local:8080/','2022-07-09 06:13:04.000','2022-07-09 16:09:36.000'),(341,'e0155c03-72e2-4f3e-a5cb-5ec8a787b52e','ea5fd5f5f9f0-ab22a4ee-7a6c-47e0-81ea-5fafe7ddf215','7aeeb3aa-75cc-4e40-8692-ea5fd5f5f9f0','7aeeb3aa-75cc-4e40-8692-ea5fd5f5f9f0',1,0,'ea5fd5f5f9f0-dff6e02b-39c2-464f-b04f-c25e249a4ef2',1,'项目发起者自动同意',NULL,'http://fusion.primihub-demo.svc.cluster.local:8080/','2022-07-09 08:07:29.000','2022-07-11 08:22:52.000'),(342,'ae6fbbee-7900-4239-bf2e-27e59bb0b09e','704a92e392fd-083e9e3b-4d03-4ff0-860b-fa786e345680','3abfcb2a-8335-4bcc-b6f9-704a92e392fd','3abfcb2a-8335-4bcc-b6f9-704a92e392fd',1,0,'704a92e392fd-250cc5f3-ae3e-4fae-8bf2-e3168aba0c5e',1,'项目发起者自动同意',NULL,'http://fusion.primihub-demo.svc.cluster.local:8080/','2022-07-09 08:11:13.000','2022-07-09 08:13:53.000'),(344,'9083648a-fd39-41e7-9700-a87d782eb2a5','704a92e392fd-7dde01ea-5ee7-41f4-8728-93f8e86c2416','3abfcb2a-8335-4bcc-b6f9-704a92e392fd','3abfcb2a-8335-4bcc-b6f9-704a92e392fd',1,0,'704a92e392fd-250cc5f3-ae3e-4fae-8bf2-e3168aba0c5e',1,'项目发起者自动同意',NULL,'http://fusion.primihub-demo.svc.cluster.local:8080/','2022-07-09 16:17:13.000','2022-07-09 16:17:13.000'),(345,'7e44f3ed-91cc-4d78-84c7-920eb828dffc','704a92e392fd-7dde01ea-5ee7-41f4-8728-93f8e86c2416','3abfcb2a-8335-4bcc-b6f9-704a92e392fd','7aeeb3aa-75cc-4e40-8692-ea5fd5f5f9f0',2,0,'ea5fd5f5f9f0-dff6e02b-39c2-464f-b04f-c25e249a4ef2',1,'',NULL,'http://fusion.primihub-demo.svc.cluster.local:8080/','2022-07-09 16:17:19.000','2022-07-09 16:23:05.000'),(346,'e4060d86-aff9-429a-9f4e-04dabadfbf25','704a92e392fd-18113e36-4874-449c-a521-870a81ad33a7','3abfcb2a-8335-4bcc-b6f9-704a92e392fd','7aeeb3aa-75cc-4e40-8692-ea5fd5f5f9f0',2,0,'ea5fd5f5f9f0-fb93d21f-82e8-4737-801f-405283466743',1,'',NULL,'http://fusion.primihub-demo.svc.cluster.local:8080/','2022-07-10 14:10:02.000','2022-07-10 14:11:14.000'),(347,'de49e98c-1ca7-445e-96ed-539d14ea7f96','704a92e392fd-18113e36-4874-449c-a521-870a81ad33a7','3abfcb2a-8335-4bcc-b6f9-704a92e392fd','7aeeb3aa-75cc-4e40-8692-ea5fd5f5f9f0',2,0,'ea5fd5f5f9f0-012515c9-20ea-4377-bff7-9030b9d97dca',1,'',NULL,'http://fusion.primihub-demo.svc.cluster.local:8080/','2022-07-10 14:10:02.000','2022-07-10 14:11:16.000'),(348,'9cdd597c-b4ea-4edb-8669-cc47a6861ad7','704a92e392fd-18113e36-4874-449c-a521-870a81ad33a7','3abfcb2a-8335-4bcc-b6f9-704a92e392fd','3abfcb2a-8335-4bcc-b6f9-704a92e392fd',1,0,'704a92e392fd-a61258f0-0ce2-4ff1-93a8-5008f933ee23',1,'项目发起者自动同意',NULL,'http://fusion.primihub-demo.svc.cluster.local:8080/','2022-07-10 14:10:02.000','2022-07-10 14:10:19.000'),(349,'980f1596-17b1-4c5e-8da2-cecbc5664be2','704a92e392fd-18113e36-4874-449c-a521-870a81ad33a7','3abfcb2a-8335-4bcc-b6f9-704a92e392fd','3abfcb2a-8335-4bcc-b6f9-704a92e392fd',1,0,'704a92e392fd-636ef259-2f55-4a78-91df-666399dd0f09',1,'项目发起者自动同意',NULL,'http://fusion.primihub-demo.svc.cluster.local:8080/','2022-07-10 14:10:02.000','2022-07-10 14:10:19.000'),(350,'e1646818-0147-4117-9a45-d18da63ac42e','ea5fd5f5f9f0-ab22a4ee-7a6c-47e0-81ea-5fafe7ddf215','7aeeb3aa-75cc-4e40-8692-ea5fd5f5f9f0','7aeeb3aa-75cc-4e40-8692-ea5fd5f5f9f0',1,0,'ea5fd5f5f9f0-7616c46d-bb85-4202-9186-d97c0a286eb4',1,'项目发起者自动同意',NULL,'http://fusion.primihub-demo.svc.cluster.local:8080/','2022-07-11 08:22:36.000','2022-07-11 08:22:52.000'),(351,'fbcd6950-98d8-4c63-917e-926d3eedc2b8','ea5fd5f5f9f0-ab22a4ee-7a6c-47e0-81ea-5fafe7ddf215','7aeeb3aa-75cc-4e40-8692-ea5fd5f5f9f0','3abfcb2a-8335-4bcc-b6f9-704a92e392fd',2,0,'704a92e392fd-5b27a73e-1616-4ee3-ad7d-04eedb3f10a8',1,'',NULL,'http://fusion.primihub-demo.svc.cluster.local:8080/','2022-07-11 08:22:52.000','2022-07-15 10:04:41.000'),(352,'77ff7eb4-a918-4a51-baf5-fb151eb174d7','794e41ba0e63-c0cea96b-108b-471e-b5cd-5ff3b784a916','eb734dd0-773e-411b-ba29-794e41ba0e63','7aeeb3aa-75cc-4e40-8692-ea5fd5f5f9f0',2,0,'ea5fd5f5f9f0-fb93d21f-82e8-4737-801f-405283466743',1,'',NULL,'http://fusion.primihub-demo.svc.cluster.local:8080/','2022-07-11 12:02:17.000','2022-07-15 10:12:41.000'),(353,'98138338-3e8c-4a62-8845-ecfe3ab23bbd','794e41ba0e63-c0cea96b-108b-471e-b5cd-5ff3b784a916','eb734dd0-773e-411b-ba29-794e41ba0e63','eb734dd0-773e-411b-ba29-794e41ba0e63',1,0,'794e41ba0e63-3a83be70-194b-4f78-a5f6-12dcaecce6d6',1,'项目发起者自动同意',NULL,'http://fusion.primihub-demo.svc.cluster.local:8080/','2022-07-11 12:02:17.000','2022-07-15 10:12:28.000'),(355,'9cf5e85a-0625-4b01-8fcb-db02cb0ef2cc','794e41ba0e63-c0cea96b-108b-471e-b5cd-5ff3b784a916','eb734dd0-773e-411b-ba29-794e41ba0e63','3abfcb2a-8335-4bcc-b6f9-704a92e392fd',2,0,'704a92e392fd-5b27a73e-1616-4ee3-ad7d-04eedb3f10a8',1,'',NULL,'http://fusion.primihub-demo.svc.cluster.local:8080/','2022-07-11 12:05:36.000','2022-07-15 10:13:11.000'),(356,'8ace53b0-242f-481a-a49c-c5396ef38281','794e41ba0e63-97ef0324-a273-49cf-b7a8-b0788d556cd1','eb734dd0-773e-411b-ba29-794e41ba0e63','7aeeb3aa-75cc-4e40-8692-ea5fd5f5f9f0',2,0,'ea5fd5f5f9f0-fb93d21f-82e8-4737-801f-405283466743',0,NULL,NULL,'http://fusion.primihub-demo.svc.cluster.local:8080/','2022-07-11 12:07:01.000','2022-07-11 12:09:47.000'),(357,'206a9ae1-57cc-47c0-9c39-07f0401f8d01','794e41ba0e63-97ef0324-a273-49cf-b7a8-b0788d556cd1','eb734dd0-773e-411b-ba29-794e41ba0e63','3abfcb2a-8335-4bcc-b6f9-704a92e392fd',2,0,'704a92e392fd-5b27a73e-1616-4ee3-ad7d-04eedb3f10a8',0,NULL,NULL,'http://fusion.primihub-demo.svc.cluster.local:8080/','2022-07-11 12:07:01.000','2022-07-11 12:09:47.000'),(358,'ce6efde3-f2b9-4a52-983f-0962ea00bfc4','794e41ba0e63-97ef0324-a273-49cf-b7a8-b0788d556cd1','eb734dd0-773e-411b-ba29-794e41ba0e63','eb734dd0-773e-411b-ba29-794e41ba0e63',1,0,'794e41ba0e63-74d57b0e-d3d4-40d9-931e-2fa48f8bdeaf',1,'项目发起者自动同意',NULL,'http://fusion.primihub-demo.svc.cluster.local:8080/','2022-07-11 12:07:01.000','2022-07-11 12:09:47.000'),(359,'f1e8f26c-818d-40ee-b3d5-8e9f38380f1d','794e41ba0e63-97ef0324-a273-49cf-b7a8-b0788d556cd1','eb734dd0-773e-411b-ba29-794e41ba0e63','eb734dd0-773e-411b-ba29-794e41ba0e63',1,0,'794e41ba0e63-92d6aaf1-2abe-46d9-8320-db3a7abfae4d',1,'项目发起者自动同意',NULL,'http://fusion.primihub-demo.svc.cluster.local:8080/','2022-07-11 12:09:47.000','2022-07-11 12:09:47.000'),(360,'9032d755-0e39-47a7-8bf9-6b610653da07','ea5fd5f5f9f0-cd657924-2e44-4321-a8e4-968ef33050cc','7aeeb3aa-75cc-4e40-8692-ea5fd5f5f9f0','7aeeb3aa-75cc-4e40-8692-ea5fd5f5f9f0',1,0,'ea5fd5f5f9f0-fb93d21f-82e8-4737-801f-405283466743',1,'项目发起者自动同意',NULL,'http://fusion.primihub-demo.svc.cluster.local:8080/','2022-07-12 02:43:22.000','2022-07-12 03:01:47.000'),(361,'1c5c2643-95a3-4375-be7d-2005eb267902','ea5fd5f5f9f0-cd657924-2e44-4321-a8e4-968ef33050cc','7aeeb3aa-75cc-4e40-8692-ea5fd5f5f9f0','3abfcb2a-8335-4bcc-b6f9-704a92e392fd',2,0,'704a92e392fd-cbc81f36-49a0-46df-a297-008b5d268b90',0,NULL,NULL,'http://fusion.primihub-demo.svc.cluster.local:8080/','2022-07-12 03:01:31.000','2022-07-12 03:01:47.000'),(362,'495d41a0-2bf4-4ac1-8f82-cb653c8491b9','ea5fd5f5f9f0-cd657924-2e44-4321-a8e4-968ef33050cc','7aeeb3aa-75cc-4e40-8692-ea5fd5f5f9f0','eb734dd0-773e-411b-ba29-794e41ba0e63',2,0,'794e41ba0e63-c2ca9a07-db64-4e1e-b070-4e798e9234f3',0,NULL,NULL,'http://fusion.primihub-demo.svc.cluster.local:8080/','2022-07-12 03:01:47.000','2022-07-12 03:01:47.000'),(363,'d46b57bc-f37e-4be3-8543-6a8bb548182a','ea5fd5f5f9f0-1c59bbf5-62f0-4ce2-b01d-44b432440ee4','7aeeb3aa-75cc-4e40-8692-ea5fd5f5f9f0','7aeeb3aa-75cc-4e40-8692-ea5fd5f5f9f0',1,0,'ea5fd5f5f9f0-1183f807-ebd8-4e14-a904-a3855bcce5f7',1,'项目发起者自动同意',NULL,'http://fusion.primihub-demo.svc.cluster.local:8080/','2022-07-12 03:34:57.000','2022-07-12 07:39:26.000'),(364,'e7adc0a4-cb67-427d-9b61-61360c48ddac','ea5fd5f5f9f0-1c59bbf5-62f0-4ce2-b01d-44b432440ee4','7aeeb3aa-75cc-4e40-8692-ea5fd5f5f9f0','7aeeb3aa-75cc-4e40-8692-ea5fd5f5f9f0',1,0,'ea5fd5f5f9f0-fb93d21f-82e8-4737-801f-405283466743',1,'项目发起者自动同意',NULL,'http://fusion.primihub-demo.svc.cluster.local:8080/','2022-07-12 07:36:15.000','2022-07-12 07:39:26.000'),(365,'20e9e7f4-5e70-42ce-b32e-7d391f79defa','ea5fd5f5f9f0-0e0277d9-2d84-4b67-bec1-145ffa807cd7','7aeeb3aa-75cc-4e40-8692-ea5fd5f5f9f0','7aeeb3aa-75cc-4e40-8692-ea5fd5f5f9f0',1,0,'ea5fd5f5f9f0-fb93d21f-82e8-4737-801f-405283466743',1,'项目发起者自动同意',NULL,'http://fusion.primihub-demo.svc.cluster.local:8080/','2022-07-12 07:40:49.000','2022-07-12 08:15:17.000'),(366,'55f44753-895d-405e-8895-fd365d997342','ea5fd5f5f9f0-0e0277d9-2d84-4b67-bec1-145ffa807cd7','7aeeb3aa-75cc-4e40-8692-ea5fd5f5f9f0','7aeeb3aa-75cc-4e40-8692-ea5fd5f5f9f0',1,0,'ea5fd5f5f9f0-90ef6e04-5f02-4bc2-81a8-6c3d6aeb0ba9',1,'项目发起者自动同意',NULL,'http://fusion.primihub-demo.svc.cluster.local:8080/','2022-07-12 07:40:49.000','2022-07-12 08:15:17.000'),(367,'68bdf2b0-0e8e-43d5-99b9-be942f66e389','704a92e392fd-b6c716eb-555e-4c2c-828b-2bccb17dd230','3abfcb2a-8335-4bcc-b6f9-704a92e392fd','3abfcb2a-8335-4bcc-b6f9-704a92e392fd',1,0,'704a92e392fd-5b27a73e-1616-4ee3-ad7d-04eedb3f10a8',1,'项目发起者自动同意',NULL,'http://fusion.primihub-demo.svc.cluster.local:8080/','2022-07-12 09:01:25.000','2022-07-15 08:37:54.000'),(368,'ce08f7e7-77b1-46f3-bb84-073d432ef59f','ea5fd5f5f9f0-acdb0c7d-5ce5-4559-9168-6e45bf10e665','7aeeb3aa-75cc-4e40-8692-ea5fd5f5f9f0','7aeeb3aa-75cc-4e40-8692-ea5fd5f5f9f0',1,0,'ea5fd5f5f9f0-bd49b3d8-2a49-4a2f-9ff0-31fb69d362ee',1,'项目发起者自动同意',NULL,'http://fusion.primihub-demo.svc.cluster.local:8080/','2022-07-12 10:55:18.000','2022-07-12 10:55:18.000'),(369,'dd716e8f-6738-4e0c-9313-a45e2e70a20c','ea5fd5f5f9f0-acdb0c7d-5ce5-4559-9168-6e45bf10e665','7aeeb3aa-75cc-4e40-8692-ea5fd5f5f9f0','7aeeb3aa-75cc-4e40-8692-ea5fd5f5f9f0',1,0,'ea5fd5f5f9f0-8815021d-8b23-40e9-b5f3-057d1d8e5666',1,'项目发起者自动同意',NULL,'http://fusion.primihub-demo.svc.cluster.local:8080/','2022-07-12 10:55:18.000','2022-07-12 10:55:18.000'),(370,'0f9ae938-afe9-4904-b76b-71a58e60c662','ea5fd5f5f9f0-a6b28dd7-d9df-4df2-ad7f-1b6e41cc13e9','7aeeb3aa-75cc-4e40-8692-ea5fd5f5f9f0','7aeeb3aa-75cc-4e40-8692-ea5fd5f5f9f0',1,0,'ea5fd5f5f9f0-fb93d21f-82e8-4737-801f-405283466743',1,'项目发起者自动同意',NULL,'http://fusion.primihub-demo.svc.cluster.local:8080/','2022-07-13 02:38:15.000','2022-07-13 03:46:04.000'),(371,'42e63b32-7979-4bfd-9ef1-08ee14e76a51','ea5fd5f5f9f0-b40d1512-a33d-4bb1-a0c8-6307729ec277','7aeeb3aa-75cc-4e40-8692-ea5fd5f5f9f0','7aeeb3aa-75cc-4e40-8692-ea5fd5f5f9f0',1,0,'ea5fd5f5f9f0-d771ed2c-480d-45ab-b9b6-a08f95c77a8d',1,'项目发起者自动同意',NULL,'http://fusion.primihub-demo.svc.cluster.local:8080/','2022-07-14 10:48:45.000','2022-07-14 10:48:45.000'),(372,'49de3116-d9cb-404b-971a-d7c13a7784fa','ea5fd5f5f9f0-b03a29c2-3d09-4dcf-9c61-6f08021ef412','7aeeb3aa-75cc-4e40-8692-ea5fd5f5f9f0','3abfcb2a-8335-4bcc-b6f9-704a92e392fd',2,0,'704a92e392fd-e574b4b3-a186-42e9-8cc0-feb48942a466',0,NULL,NULL,'http://fusion.primihub-demo.svc.cluster.local:8080/','2022-07-15 06:41:50.000','2022-07-15 06:42:28.000'),(373,'9fc1f19d-eb88-4c06-93b2-62e21711266c','ea5fd5f5f9f0-b03a29c2-3d09-4dcf-9c61-6f08021ef412','7aeeb3aa-75cc-4e40-8692-ea5fd5f5f9f0','7aeeb3aa-75cc-4e40-8692-ea5fd5f5f9f0',1,0,'ea5fd5f5f9f0-d771ed2c-480d-45ab-b9b6-a08f95c77a8d',1,'项目发起者自动同意',NULL,'http://fusion.primihub-demo.svc.cluster.local:8080/','2022-07-15 06:41:50.000','2022-07-15 06:42:28.000'),(374,'a1362695-ca96-439f-8c1e-3525ed425680','ea5fd5f5f9f0-b83dd0f5-c96a-45cf-b4df-411ff8edbb92','7aeeb3aa-75cc-4e40-8692-ea5fd5f5f9f0','7aeeb3aa-75cc-4e40-8692-ea5fd5f5f9f0',1,0,'ea5fd5f5f9f0-dff6e02b-39c2-464f-b04f-c25e249a4ef2',1,'项目发起者自动同意',NULL,'http://fusion.primihub-demo.svc.cluster.local:8080/','2022-07-15 07:25:15.000','2022-07-15 07:25:15.000'),(375,'455ac235-9d68-4dba-88e3-cb5f9d0b7466','ea5fd5f5f9f0-1d382244-f5e5-49e3-9c3f-bd780f22d5f4','7aeeb3aa-75cc-4e40-8692-ea5fd5f5f9f0','3abfcb2a-8335-4bcc-b6f9-704a92e392fd',2,0,'704a92e392fd-e574b4b3-a186-42e9-8cc0-feb48942a466',0,NULL,NULL,'http://fusion.primihub-demo.svc.cluster.local:8080/','2022-07-15 08:07:08.000','2022-07-15 08:07:08.000'),(376,'10fad83d-ff8b-4307-b69d-37c3e16fe99c','ea5fd5f5f9f0-1d382244-f5e5-49e3-9c3f-bd780f22d5f4','7aeeb3aa-75cc-4e40-8692-ea5fd5f5f9f0','7aeeb3aa-75cc-4e40-8692-ea5fd5f5f9f0',1,0,'ea5fd5f5f9f0-a7dd4bba-782f-447f-8871-d26bef4dcab3',1,'项目发起者自动同意',NULL,'http://fusion.primihub-demo.svc.cluster.local:8080/','2022-07-15 08:07:08.000','2022-07-15 08:07:08.000'),(377,'b49040e4-eebd-4e8a-b395-bd043efed32a','ea5fd5f5f9f0-61825652-983f-40ec-a379-43f8b8cb7424','7aeeb3aa-75cc-4e40-8692-ea5fd5f5f9f0','eb734dd0-773e-411b-ba29-794e41ba0e63',2,0,'794e41ba0e63-74d57b0e-d3d4-40d9-931e-2fa48f8bdeaf',1,'',NULL,'http://fusion.primihub-demo.svc.cluster.local:8080/','2022-07-19 08:27:35.000','2022-07-19 08:29:29.000'),(378,'8a2d8343-c0c0-466f-9273-1956dbf97aa3','ea5fd5f5f9f0-61825652-983f-40ec-a379-43f8b8cb7424','7aeeb3aa-75cc-4e40-8692-ea5fd5f5f9f0','eb734dd0-773e-411b-ba29-794e41ba0e63',2,0,'794e41ba0e63-92d6aaf1-2abe-46d9-8320-db3a7abfae4d',2,'ee',NULL,'http://fusion.primihub-demo.svc.cluster.local:8080/','2022-07-19 08:27:35.000','2022-07-19 08:29:36.000'),(379,'e3f89818-9dc4-4d4f-8ad6-6ee6696e7aa9','ea5fd5f5f9f0-61825652-983f-40ec-a379-43f8b8cb7424','7aeeb3aa-75cc-4e40-8692-ea5fd5f5f9f0','3abfcb2a-8335-4bcc-b6f9-704a92e392fd',2,0,'704a92e392fd-f46cfcde-3e46-4fc4-8f19-25feb6357a02',1,'',NULL,'http://fusion.primihub-demo.svc.cluster.local:8080/','2022-07-19 08:27:41.000','2022-07-19 08:36:02.000'),(380,'5795d027-a464-4b9c-abf2-7e0d03fbcfbb','ea5fd5f5f9f0-61825652-983f-40ec-a379-43f8b8cb7424','7aeeb3aa-75cc-4e40-8692-ea5fd5f5f9f0','3abfcb2a-8335-4bcc-b6f9-704a92e392fd',2,0,'704a92e392fd-54f3fe5d-3fb3-489c-9e9e-c5e2a867273f',1,'',NULL,'http://fusion.primihub-demo.svc.cluster.local:8080/','2022-07-19 08:27:41.000','2022-07-19 08:36:04.000'),(381,'ba6a3cd0-fbf4-4cf0-80bb-e0ed5291de11','ea5fd5f5f9f0-61825652-983f-40ec-a379-43f8b8cb7424','7aeeb3aa-75cc-4e40-8692-ea5fd5f5f9f0','7aeeb3aa-75cc-4e40-8692-ea5fd5f5f9f0',1,0,'ea5fd5f5f9f0-0f9df64b-2b5e-427a-9c99-7ccc9a576202',1,'项目发起者自动同意',NULL,'http://fusion.primihub-demo.svc.cluster.local:8080/','2022-07-19 08:28:26.000','2022-07-19 08:28:26.000'),(383,'506f329a-72ed-4a2d-a710-688f05fde9bd','794e41ba0e63-a5471022-7cf5-4af8-857c-c3e8bbb215a6','eb734dd0-773e-411b-ba29-794e41ba0e63','3abfcb2a-8335-4bcc-b6f9-704a92e392fd',2,0,'704a92e392fd-54f3fe5d-3fb3-489c-9e9e-c5e2a867273f',1,'',NULL,'http://fusion.primihub-demo.svc.cluster.local:8080/','2022-07-19 08:52:35.000','2022-07-19 08:52:46.000'),(384,'99310926-7677-4334-91e1-379757debf57','794e41ba0e63-a5471022-7cf5-4af8-857c-c3e8bbb215a6','eb734dd0-773e-411b-ba29-794e41ba0e63','eb734dd0-773e-411b-ba29-794e41ba0e63',1,0,'794e41ba0e63-74d57b0e-d3d4-40d9-931e-2fa48f8bdeaf',1,'项目发起者自动同意',NULL,'http://fusion.primihub-demo.svc.cluster.local:8080/','2022-07-19 08:52:35.000','2022-07-19 08:52:35.000');
/*!40000 ALTER TABLE `data_project_resource` ENABLE KEYS */;
UNLOCK TABLES;

--
-- Table structure for table `data_psi`
--

DROP TABLE IF EXISTS `data_psi`;
/*!40101 SET @saved_cs_client     = @@character_set_client */;
/*!40101 SET character_set_client = utf8 */;
CREATE TABLE `data_psi` (
  `id` bigint(20) NOT NULL AUTO_INCREMENT COMMENT 'psi 主键',
  `own_organ_id` varchar(255) DEFAULT NULL COMMENT '本机构id',
  `own_resource_id` bigint(20) DEFAULT NULL COMMENT '本机构资源id',
  `own_keyword` varchar(255) DEFAULT NULL COMMENT '本机构资源关键字',
  `other_organ_id` varchar(255) DEFAULT NULL COMMENT '其他机构id',
  `other_resource_id` varchar(255) DEFAULT NULL COMMENT '其他机构资源id',
  `other_keyword` varchar(255) DEFAULT NULL COMMENT '其他机构资源关键字',
  `output_file_path_type` tinyint(4) DEFAULT '0' COMMENT '文件路径输出类型 0默认 自动生成',
  `output_no_repeat` tinyint(4) DEFAULT '0' COMMENT '输出内容是否不去重 默认0 不去重 1去重',
  `column_complete_statistics` tinyint(4) DEFAULT '0' COMMENT '是否对"可统计"的附加列做全表统计 默认0 是 1不是',
  `result_name` varchar(255) DEFAULT NULL COMMENT '结果名称',
  `output_content` int(11) DEFAULT '0' COMMENT '输出内容 默认0 0交集 1差集',
  `output_format` varchar(255) DEFAULT NULL COMMENT '输出格式',
  `result_organ_ids` varchar(255) DEFAULT NULL COMMENT '结果获取方 多机构","号间隔',
  `server_address` varchar(255) DEFAULT NULL COMMENT '其他机构中心节点地址',
  `remarks` varchar(255) DEFAULT NULL COMMENT '备注',
  `user_id` bigint(20) DEFAULT NULL COMMENT '用户id',
  `is_del` tinyint(4) DEFAULT '0' COMMENT '是否删除',
  `create_date` datetime(3) NOT NULL DEFAULT CURRENT_TIMESTAMP(3) COMMENT '创建时间',
  `update_date` datetime(3) NOT NULL DEFAULT CURRENT_TIMESTAMP(3) ON UPDATE CURRENT_TIMESTAMP(3) COMMENT '修改时间',
  PRIMARY KEY (`id`) USING BTREE
) ENGINE=InnoDB AUTO_INCREMENT=38 DEFAULT CHARSET=utf8 ROW_FORMAT=DYNAMIC;
/*!40101 SET character_set_client = @saved_cs_client */;

--
-- Dumping data for table `data_psi`
--

LOCK TABLES `data_psi` WRITE;
/*!40000 ALTER TABLE `data_psi` DISABLE KEYS */;
INSERT INTO `data_psi` VALUES (1,'3abfcb2a-8335-4bcc-b6f9-704a92e392fd',9,'company','7aeeb3aa-75cc-4e40-8692-ea5fd5f5f9f0','ea5fd5f5f9f0-8815021d-8b23-40e9-b5f3-057d1d8e5666','company',0,0,0,'999',0,'0','3abfcb2a-8335-4bcc-b6f9-704a92e392fd','http://fusion.primihub-demo.svc.cluster.local:8080/','',1,0,'2022-06-29 14:18:31.000','2022-06-29 14:18:31.000'),(2,'3abfcb2a-8335-4bcc-b6f9-704a92e392fd',9,'company','7aeeb3aa-75cc-4e40-8692-ea5fd5f5f9f0','ea5fd5f5f9f0-8815021d-8b23-40e9-b5f3-057d1d8e5666','company',0,0,0,'888',0,'0','3abfcb2a-8335-4bcc-b6f9-704a92e392fd','http://fusion.primihub-demo.svc.cluster.local:8080/','',1,0,'2022-06-30 01:20:36.000','2022-06-30 01:20:36.000'),(3,'3abfcb2a-8335-4bcc-b6f9-704a92e392fd',9,'company','7aeeb3aa-75cc-4e40-8692-ea5fd5f5f9f0','ea5fd5f5f9f0-8815021d-8b23-40e9-b5f3-057d1d8e5666','company',0,0,0,'ceshi',0,'0','3abfcb2a-8335-4bcc-b6f9-704a92e392fd','http://fusion.primihub-demo.svc.cluster.local:8080/','',1,0,'2022-06-30 02:17:24.000','2022-06-30 02:17:24.000'),(4,'3abfcb2a-8335-4bcc-b6f9-704a92e392fd',12,'company','7aeeb3aa-75cc-4e40-8692-ea5fd5f5f9f0','ea5fd5f5f9f0-59748b95-cd3f-44c3-9203-c6b48e24805a','company',0,0,0,'qiujiao',0,'0','3abfcb2a-8335-4bcc-b6f9-704a92e392fd','http://fusion.primihub-demo.svc.cluster.local:8080/','',1,0,'2022-06-30 07:44:59.000','2022-06-30 07:44:59.000'),(5,'3abfcb2a-8335-4bcc-b6f9-704a92e392fd',14,'company','7aeeb3aa-75cc-4e40-8692-ea5fd5f5f9f0','ea5fd5f5f9f0-2866d0a5-9623-4af9-af19-d49bcdc2b783','company',0,0,0,'999',0,'0','3abfcb2a-8335-4bcc-b6f9-704a92e392fd','http://fusion.primihub-demo.svc.cluster.local:8080/','',1,0,'2022-06-30 11:43:02.000','2022-06-30 11:43:02.000'),(6,'3abfcb2a-8335-4bcc-b6f9-704a92e392fd',14,'company','eb734dd0-773e-411b-ba29-794e41ba0e63','ea5fd5f5f9f0-2866d0a5-9623-4af9-af19-d49bcdc2b783','company',0,0,0,'000',0,'0','3abfcb2a-8335-4bcc-b6f9-704a92e392fd','http://fusion.primihub-demo.svc.cluster.local:8080/','',1,0,'2022-06-30 12:22:38.000','2022-06-30 12:22:38.000'),(7,'3abfcb2a-8335-4bcc-b6f9-704a92e392fd',14,'company','eb734dd0-773e-411b-ba29-794e41ba0e63','ea5fd5f5f9f0-2866d0a5-9623-4af9-af19-d49bcdc2b783','company',0,0,0,'yyy',0,'0','3abfcb2a-8335-4bcc-b6f9-704a92e392fd','http://fusion.primihub-demo.svc.cluster.local:8080/','',1,0,'2022-06-30 13:13:42.000','2022-06-30 13:13:42.000'),(8,'3abfcb2a-8335-4bcc-b6f9-704a92e392fd',14,'company','eb734dd0-773e-411b-ba29-794e41ba0e63','ea5fd5f5f9f0-2866d0a5-9623-4af9-af19-d49bcdc2b783','company',0,0,0,'www',1,'0','3abfcb2a-8335-4bcc-b6f9-704a92e392fd','http://fusion.primihub-demo.svc.cluster.local:8080/','',1,0,'2022-06-30 13:14:10.000','2022-06-30 13:14:10.000'),(9,'3abfcb2a-8335-4bcc-b6f9-704a92e392fd',12,'company','7aeeb3aa-75cc-4e40-8692-ea5fd5f5f9f0','ea5fd5f5f9f0-2866d0a5-9623-4af9-af19-d49bcdc2b783','company',0,0,0,'123',0,'0','3abfcb2a-8335-4bcc-b6f9-704a92e392fd','http://fusion.primihub-demo.svc.cluster.local:8080/','',1,0,'2022-07-01 09:18:37.000','2022-07-01 09:18:37.000'),(10,'3abfcb2a-8335-4bcc-b6f9-704a92e392fd',12,'company','7aeeb3aa-75cc-4e40-8692-ea5fd5f5f9f0','ea5fd5f5f9f0-2866d0a5-9623-4af9-af19-d49bcdc2b783','company',0,0,0,'123',0,'0','3abfcb2a-8335-4bcc-b6f9-704a92e392fd','http://fusion.primihub-demo.svc.cluster.local:8080/','',1,0,'2022-07-01 09:18:46.000','2022-07-01 09:18:46.000'),(11,'3abfcb2a-8335-4bcc-b6f9-704a92e392fd',14,'company','7aeeb3aa-75cc-4e40-8692-ea5fd5f5f9f0','ea5fd5f5f9f0-2866d0a5-9623-4af9-af19-d49bcdc2b783','company',0,0,0,'000',0,'0','3abfcb2a-8335-4bcc-b6f9-704a92e392fd','http://fusion.primihub-demo.svc.cluster.local:8080/','',1,0,'2022-07-01 11:08:26.000','2022-07-01 11:08:26.000'),(12,'3abfcb2a-8335-4bcc-b6f9-704a92e392fd',14,'company','eb734dd0-773e-411b-ba29-794e41ba0e63','794e41ba0e63-c2ca9a07-db64-4e1e-b070-4e798e9234f3','guaranteetype',0,0,0,'1111',0,'0','3abfcb2a-8335-4bcc-b6f9-704a92e392fd','http://fusion.primihub-demo.svc.cluster.local:8080/','',1,0,'2022-07-01 11:42:50.000','2022-07-01 11:42:50.000'),(13,'3abfcb2a-8335-4bcc-b6f9-704a92e392fd',12,'company','7aeeb3aa-75cc-4e40-8692-ea5fd5f5f9f0','ea5fd5f5f9f0-59748b95-cd3f-44c3-9203-c6b48e24805a','company',0,0,0,'999',0,'0','3abfcb2a-8335-4bcc-b6f9-704a92e392fd','http://fusion.primihub-demo.svc.cluster.local:8080/','',1005,0,'2022-07-01 12:08:46.000','2022-07-01 12:08:46.000'),(15,'3abfcb2a-8335-4bcc-b6f9-704a92e392fd',17,'company','7aeeb3aa-75cc-4e40-8692-ea5fd5f5f9f0','ea5fd5f5f9f0-bd49b3d8-2a49-4a2f-9ff0-31fb69d362ee','company',0,0,0,'psi02-psi01',0,'0','3abfcb2a-8335-4bcc-b6f9-704a92e392fd','http://fusion.primihub-demo.svc.cluster.local:8080/','5555',1,0,'2022-07-07 12:39:34.000','2022-07-07 12:39:34.000'),(16,'3abfcb2a-8335-4bcc-b6f9-704a92e392fd',17,'company','7aeeb3aa-75cc-4e40-8692-ea5fd5f5f9f0','ea5fd5f5f9f0-bd49b3d8-2a49-4a2f-9ff0-31fb69d362ee','company',0,0,0,'psi02-psi01',0,'0','3abfcb2a-8335-4bcc-b6f9-704a92e392fd','http://fusion.primihub-demo.svc.cluster.local:8080/','444444',1,0,'2022-07-07 12:42:11.000','2022-07-07 12:42:11.000'),(17,'3abfcb2a-8335-4bcc-b6f9-704a92e392fd',17,'company','7aeeb3aa-75cc-4e40-8692-ea5fd5f5f9f0','ea5fd5f5f9f0-bd49b3d8-2a49-4a2f-9ff0-31fb69d362ee','company',0,0,0,'psi02-psi01',0,'0','3abfcb2a-8335-4bcc-b6f9-704a92e392fd','http://fusion.primihub-demo.svc.cluster.local:8080/','',1,0,'2022-07-08 11:11:33.000','2022-07-08 11:11:33.000'),(18,'3abfcb2a-8335-4bcc-b6f9-704a92e392fd',17,'company','7aeeb3aa-75cc-4e40-8692-ea5fd5f5f9f0','ea5fd5f5f9f0-bd49b3d8-2a49-4a2f-9ff0-31fb69d362ee','company',0,0,0,'psi02-psi01',1,'0','3abfcb2a-8335-4bcc-b6f9-704a92e392fd','http://fusion.primihub-demo.svc.cluster.local:8080/','',1,0,'2022-07-08 11:11:55.000','2022-07-08 11:11:55.000'),(19,'3abfcb2a-8335-4bcc-b6f9-704a92e392fd',17,'company','7aeeb3aa-75cc-4e40-8692-ea5fd5f5f9f0','ea5fd5f5f9f0-bd49b3d8-2a49-4a2f-9ff0-31fb69d362ee','company',0,0,0,'psi02-psi01',0,'0','3abfcb2a-8335-4bcc-b6f9-704a92e392fd','http://fusion.primihub-demo.svc.cluster.local:8080/','',1,0,'2022-07-08 11:12:16.000','2022-07-08 11:12:16.000'),(20,'3abfcb2a-8335-4bcc-b6f9-704a92e392fd',17,'company','7aeeb3aa-75cc-4e40-8692-ea5fd5f5f9f0','ea5fd5f5f9f0-bd49b3d8-2a49-4a2f-9ff0-31fb69d362ee','company',0,0,0,'psi02-psi01',1,'0','3abfcb2a-8335-4bcc-b6f9-704a92e392fd','http://fusion.primihub-demo.svc.cluster.local:8080/','',1,0,'2022-07-08 11:12:47.000','2022-07-08 11:12:47.000'),(21,'3abfcb2a-8335-4bcc-b6f9-704a92e392fd',17,'company','7aeeb3aa-75cc-4e40-8692-ea5fd5f5f9f0','ea5fd5f5f9f0-bd49b3d8-2a49-4a2f-9ff0-31fb69d362ee','company',0,0,0,'psi02-psi01',0,'0','3abfcb2a-8335-4bcc-b6f9-704a92e392fd','http://fusion.primihub-demo.svc.cluster.local:8080/','',1,0,'2022-07-08 14:18:53.000','2022-07-08 14:18:53.000'),(22,'3abfcb2a-8335-4bcc-b6f9-704a92e392fd',17,'company','7aeeb3aa-75cc-4e40-8692-ea5fd5f5f9f0','ea5fd5f5f9f0-bd49b3d8-2a49-4a2f-9ff0-31fb69d362ee','company',0,0,0,'psi02-psi01',1,'0','3abfcb2a-8335-4bcc-b6f9-704a92e392fd','http://fusion.primihub-demo.svc.cluster.local:8080/','',1,0,'2022-07-08 14:19:17.000','2022-07-08 14:19:17.000'),(23,'3abfcb2a-8335-4bcc-b6f9-704a92e392fd',19,'model','7aeeb3aa-75cc-4e40-8692-ea5fd5f5f9f0','ea5fd5f5f9f0-e7c60724-b54e-4c65-ac2b-40f34855dbd9','model',0,0,0,'wew2-wew',0,'0','3abfcb2a-8335-4bcc-b6f9-704a92e392fd','http://fusion.primihub-demo.svc.cluster.local:8080/','',1017,0,'2022-07-09 06:45:58.000','2022-07-09 06:45:58.000'),(24,'3abfcb2a-8335-4bcc-b6f9-704a92e392fd',20,'model','7aeeb3aa-75cc-4e40-8692-ea5fd5f5f9f0','ea5fd5f5f9f0-dff6e02b-39c2-464f-b04f-c25e249a4ef2','model',0,0,0,'mt2-mt11',0,'0','3abfcb2a-8335-4bcc-b6f9-704a92e392fd','http://fusion.primihub-demo.svc.cluster.local:8080/','',1017,0,'2022-07-09 07:59:47.000','2022-07-09 07:59:47.000'),(25,'3abfcb2a-8335-4bcc-b6f9-704a92e392fd',20,'model','7aeeb3aa-75cc-4e40-8692-ea5fd5f5f9f0','ea5fd5f5f9f0-dff6e02b-39c2-464f-b04f-c25e249a4ef2','model',0,0,0,'mt2-mt11',0,'0','3abfcb2a-8335-4bcc-b6f9-704a92e392fd','http://fusion.primihub-demo.svc.cluster.local:8080/','bbbbbbbb',1017,0,'2022-07-09 08:15:53.000','2022-07-09 08:15:53.000'),(26,'3abfcb2a-8335-4bcc-b6f9-704a92e392fd',20,'model','7aeeb3aa-75cc-4e40-8692-ea5fd5f5f9f0','ea5fd5f5f9f0-dff6e02b-39c2-464f-b04f-c25e249a4ef2','model',0,0,0,'mt2-mt11',0,'0','3abfcb2a-8335-4bcc-b6f9-704a92e392fd','http://fusion.primihub-demo.svc.cluster.local:8080/','',1017,0,'2022-07-09 12:22:27.000','2022-07-09 12:22:27.000'),(27,'3abfcb2a-8335-4bcc-b6f9-704a92e392fd',21,'warrantee','7aeeb3aa-75cc-4e40-8692-ea5fd5f5f9f0','ea5fd5f5f9f0-90ef6e04-5f02-4bc2-81a8-6c3d6aeb0ba9','warrantee',0,0,0,'s22-s11',0,'0','3abfcb2a-8335-4bcc-b6f9-704a92e392fd','http://fusion.primihub-demo.svc.cluster.local:8080/','',1017,0,'2022-07-10 03:57:50.000','2022-07-10 03:57:50.000'),(28,'3abfcb2a-8335-4bcc-b6f9-704a92e392fd',22,'model','7aeeb3aa-75cc-4e40-8692-ea5fd5f5f9f0','ea5fd5f5f9f0-fb93d21f-82e8-4737-801f-405283466743','model',0,0,0,'A22-A11',0,'0','3abfcb2a-8335-4bcc-b6f9-704a92e392fd','http://fusion.primihub-demo.svc.cluster.local:8080/','',1017,0,'2022-07-10 14:06:28.000','2022-07-10 14:06:28.000'),(29,'3abfcb2a-8335-4bcc-b6f9-704a92e392fd',22,'model','7aeeb3aa-75cc-4e40-8692-ea5fd5f5f9f0','ea5fd5f5f9f0-fb93d21f-82e8-4737-801f-405283466743','model',0,0,0,'A22-A11',1,'0','3abfcb2a-8335-4bcc-b6f9-704a92e392fd','http://fusion.primihub-demo.svc.cluster.local:8080/','',1017,0,'2022-07-10 14:06:42.000','2022-07-10 14:06:42.000'),(30,'3abfcb2a-8335-4bcc-b6f9-704a92e392fd',14,'company','7aeeb3aa-75cc-4e40-8692-ea5fd5f5f9f0','ea5fd5f5f9f0-bd49b3d8-2a49-4a2f-9ff0-31fb69d362ee','company',0,0,0,'psi111-psi01',0,'0','3abfcb2a-8335-4bcc-b6f9-704a92e392fd','http://fusion.primihub-demo.svc.cluster.local:8080/','',1006,0,'2022-07-11 02:40:25.000','2022-07-11 02:40:25.000'),(31,'3abfcb2a-8335-4bcc-b6f9-704a92e392fd',14,'company','7aeeb3aa-75cc-4e40-8692-ea5fd5f5f9f0','ea5fd5f5f9f0-bd49b3d8-2a49-4a2f-9ff0-31fb69d362ee','company',0,0,0,'psi111-psi01',0,'0','3abfcb2a-8335-4bcc-b6f9-704a92e392fd','http://fusion.primihub-demo.svc.cluster.local:8080/','',1006,0,'2022-07-11 02:58:42.000','2022-07-11 02:58:42.000'),(32,'3abfcb2a-8335-4bcc-b6f9-704a92e392fd',14,'company','7aeeb3aa-75cc-4e40-8692-ea5fd5f5f9f0','ea5fd5f5f9f0-bd49b3d8-2a49-4a2f-9ff0-31fb69d362ee','company',0,0,0,'psi111-psi01',1,'0','3abfcb2a-8335-4bcc-b6f9-704a92e392fd','http://fusion.primihub-demo.svc.cluster.local:8080/','',1006,0,'2022-07-11 02:59:32.000','2022-07-11 02:59:32.000'),(33,'3abfcb2a-8335-4bcc-b6f9-704a92e392fd',24,'y','7aeeb3aa-75cc-4e40-8692-ea5fd5f5f9f0','ea5fd5f5f9f0-ff02f012-5d9a-4a6c-af3e-97e17e954a90','year',0,0,0,'seer数据-mytest2',0,'0','3abfcb2a-8335-4bcc-b6f9-704a92e392fd','http://fusion.primihub-demo.svc.cluster.local:8080/','test',1019,0,'2022-07-11 08:14:08.000','2022-07-11 08:14:08.000'),(34,'3abfcb2a-8335-4bcc-b6f9-704a92e392fd',17,'company','7aeeb3aa-75cc-4e40-8692-ea5fd5f5f9f0','ea5fd5f5f9f0-bd49b3d8-2a49-4a2f-9ff0-31fb69d362ee','company',0,0,0,'psi02-psi01',0,'0','3abfcb2a-8335-4bcc-b6f9-704a92e392fd','http://fusion.primihub-demo.svc.cluster.local:8080/','345',1010,0,'2022-07-11 12:24:13.000','2022-07-11 12:24:13.000'),(35,'3abfcb2a-8335-4bcc-b6f9-704a92e392fd',22,'model','7aeeb3aa-75cc-4e40-8692-ea5fd5f5f9f0','ea5fd5f5f9f0-fb93d21f-82e8-4737-801f-405283466743','model',0,0,0,'A22-A11',0,'0','3abfcb2a-8335-4bcc-b6f9-704a92e392fd','http://fusion.primihub-demo.svc.cluster.local:8080/','',1017,0,'2022-07-12 01:41:55.000','2022-07-12 01:41:55.000'),(36,'3abfcb2a-8335-4bcc-b6f9-704a92e392fd',27,'company','7aeeb3aa-75cc-4e40-8692-ea5fd5f5f9f0','ea5fd5f5f9f0-0f9df64b-2b5e-427a-9c99-7ccc9a576202','warrantee',0,0,0,'银行测试2-银行测试',1,'0','3abfcb2a-8335-4bcc-b6f9-704a92e392fd','http://fusion.primihub-demo.svc.cluster.local:8080/','',1020,0,'2022-07-18 05:03:47.000','2022-07-18 05:03:47.000'),(37,'3abfcb2a-8335-4bcc-b6f9-704a92e392fd',27,'company','7aeeb3aa-75cc-4e40-8692-ea5fd5f5f9f0','ea5fd5f5f9f0-0f9df64b-2b5e-427a-9c99-7ccc9a576202','warrantee',0,0,0,'银行测试2-银行测试',0,'0','3abfcb2a-8335-4bcc-b6f9-704a92e392fd','http://fusion.primihub-demo.svc.cluster.local:8080/','',1020,0,'2022-07-18 05:04:33.000','2022-07-18 05:04:33.000');
/*!40000 ALTER TABLE `data_psi` ENABLE KEYS */;
UNLOCK TABLES;

--
-- Table structure for table `data_psi_resource`
--

DROP TABLE IF EXISTS `data_psi_resource`;
/*!40101 SET @saved_cs_client     = @@character_set_client */;
/*!40101 SET character_set_client = utf8 */;
CREATE TABLE `data_psi_resource` (
  `id` bigint(20) NOT NULL AUTO_INCREMENT COMMENT 'psi资源id',
  `resource_id` bigint(20) DEFAULT NULL COMMENT '资源id',
  `psi_resource_desc` varchar(255) DEFAULT NULL COMMENT 'psi资源描述',
  `table_structure_template` varchar(255) DEFAULT NULL COMMENT '表结构模板',
  `organ_type` int(11) DEFAULT NULL COMMENT '机构类型',
  `results_allow_open` int(11) DEFAULT NULL COMMENT '是否允许结果出现在对方节点上',
  `keyword_list` varchar(255) DEFAULT NULL COMMENT '关键字 关键字:类型,关键字:类型.....',
  `is_del` tinyint(4) DEFAULT '0' COMMENT '是否删除',
  `create_date` datetime(3) NOT NULL DEFAULT CURRENT_TIMESTAMP(3) COMMENT '创建时间',
  `update_date` datetime(3) NOT NULL DEFAULT CURRENT_TIMESTAMP(3) ON UPDATE CURRENT_TIMESTAMP(3) COMMENT '修改时间',
  PRIMARY KEY (`id`) USING BTREE
) ENGINE=InnoDB DEFAULT CHARSET=utf8 ROW_FORMAT=DYNAMIC;
/*!40101 SET character_set_client = @saved_cs_client */;

--
-- Dumping data for table `data_psi_resource`
--

LOCK TABLES `data_psi_resource` WRITE;
/*!40000 ALTER TABLE `data_psi_resource` DISABLE KEYS */;
/*!40000 ALTER TABLE `data_psi_resource` ENABLE KEYS */;
UNLOCK TABLES;

--
-- Table structure for table `data_psi_task`
--

DROP TABLE IF EXISTS `data_psi_task`;
/*!40101 SET @saved_cs_client     = @@character_set_client */;
/*!40101 SET character_set_client = utf8 */;
CREATE TABLE `data_psi_task` (
  `id` bigint(20) NOT NULL AUTO_INCREMENT COMMENT 'psi任务id',
  `psi_id` bigint(20) DEFAULT NULL COMMENT 'psi id',
  `task_id` varchar(255) DEFAULT NULL COMMENT '对外展示的任务uuid 同时也是文件名称',
  `task_state` int(11) DEFAULT '0' COMMENT '运行状态 0未运行 1运行中 2完成 默认0',
  `ascription_type` int(11) DEFAULT '0' COMMENT '归属类型 0一方 1双方',
  `ascription` varchar(255) DEFAULT NULL COMMENT '结果归属',
  `file_rows` int(11) DEFAULT '0' COMMENT '文件行数',
  `file_path` varchar(255) DEFAULT NULL COMMENT '文件路径',
  `file_content` blob COMMENT '文件内容',
  `is_del` tinyint(4) DEFAULT '0' COMMENT '是否删除',
  `create_date` datetime(3) NOT NULL DEFAULT CURRENT_TIMESTAMP(3) COMMENT '创建时间',
  `update_date` datetime(3) NOT NULL DEFAULT CURRENT_TIMESTAMP(3) ON UPDATE CURRENT_TIMESTAMP(3) COMMENT '修改时间',
  PRIMARY KEY (`id`) USING BTREE
) ENGINE=InnoDB AUTO_INCREMENT=38 DEFAULT CHARSET=utf8 ROW_FORMAT=DYNAMIC;
/*!40101 SET character_set_client = @saved_cs_client */;

--
-- Dumping data for table `data_psi_task`
--

LOCK TABLES `data_psi_task` WRITE;
/*!40000 ALTER TABLE `data_psi_task` DISABLE KEYS */;
INSERT INTO `data_psi_task` VALUES (1,1,'9d122600-6380-44e4-a4c6-4cfbffbea893',1,0,'一方获取交集',11,'/data/result/2022062914/9d122600-6380-44e4-a4c6-4cfbffbea893.csv',_binary '\"intersection_row\"\r\n17\r\n16\r\n2\r\n57\r\n58\r\n56\r\n26\r\n0\r\n27\r\n71\r\n',0,'2022-06-29 14:18:31.000','2022-06-29 14:18:32.000'),(2,2,'3c785663-bc2b-4332-8daf-e5412dc8d9fa',1,0,'一方获取交集',11,'/data/result/2022063001/3c785663-bc2b-4332-8daf-e5412dc8d9fa.csv',_binary '\"intersection_row\"\r\n27\r\n0\r\n71\r\n56\r\n57\r\n58\r\n26\r\n16\r\n17\r\n2\r\n',0,'2022-06-30 01:20:36.000','2022-06-30 01:20:39.000'),(3,3,'5880b615-98d5-44ee-b0b0-584c1858440e',1,0,'一方获取交集',11,'/data/result/2022063002/5880b615-98d5-44ee-b0b0-584c1858440e.csv',_binary '\"intersection_row\"\r\n2\r\n71\r\n16\r\n17\r\n27\r\n58\r\n57\r\n56\r\n0\r\n26\r\n',0,'2022-06-30 02:17:24.000','2022-06-30 02:17:27.000'),(4,4,'0d988d77-53cc-4d03-a2a2-a8c9294ba6e1',1,0,'一方获取交集',11,'/data/result/2022063007/0d988d77-53cc-4d03-a2a2-a8c9294ba6e1.csv',_binary '\"intersection_row\"\r\n2\r\n26\r\n17\r\n16\r\n27\r\n0\r\n56\r\n57\r\n58\r\n71\r\n',0,'2022-06-30 07:44:59.000','2022-06-30 07:45:02.000'),(5,5,'a078fb68-fe84-4fed-8397-e4f3d596e746',1,0,'一方获取交集',9,'/data/result/2022063011/a078fb68-fe84-4fed-8397-e4f3d596e746.csv',_binary '\"intersection_row\"\r\n2\r\n4\r\n9\r\n5\r\n6\r\n1\r\n0\r\n3\r\n',0,'2022-06-30 11:43:02.000','2022-06-30 11:43:03.000'),(6,6,'fe1332fd-cf79-4709-9880-19ffb900ea50',1,0,'一方获取交集',0,'/data/result/2022063012/fe1332fd-cf79-4709-9880-19ffb900ea50.csv','',0,'2022-06-30 12:22:38.000','2022-06-30 12:22:42.000'),(7,7,'e405abb5-0f44-4750-a905-bcbfbbfbecf1',1,0,'一方获取交集',9,'/data/result/2022063013/e405abb5-0f44-4750-a905-bcbfbbfbecf1.csv',_binary '\"intersection_row\"\r\n1\r\n3\r\n2\r\n9\r\n4\r\n0\r\n5\r\n6\r\n',0,'2022-06-30 13:13:42.000','2022-06-30 13:13:43.000'),(8,8,'da74f89c-a8cc-499c-a145-a9d380c7b4cb',1,0,'一方获取差集',3,'/data/result/2022063013/da74f89c-a8cc-499c-a145-a9d380c7b4cb.csv',_binary '\"difference_row\"\r\n7\r\n8\r\n',0,'2022-06-30 13:14:10.000','2022-06-30 13:14:14.000'),(9,9,'b35649f2-608a-44c4-b38c-9e2ae09e3125',1,0,'一方获取交集',84,'/data/result/2022070109/b35649f2-608a-44c4-b38c-9e2ae09e3125.csv',_binary '\"intersection_row\"\r\n39\r\n69\r\n3\r\n56\r\n57\r\n58\r\n77\r\n37\r\n21\r\n10\r\n11\r\n47\r\n46\r\n45\r\n18\r\n23\r\n24\r\n42\r\n49\r\n30\r\n34\r\n13\r\n61\r\n55\r\n80\r\n50\r\n17\r\n16\r\n38\r\n67\r\n66\r\n64\r\n63\r\n9\r\n8\r\n27\r\n78\r\n29\r\n79\r\n15\r\n14\r\n70\r\n40\r\n52\r\n76\r\n72\r\n75\r\n44\r\n22\r\n71\r\n1\r\n74\r\n48\r\n82\r\n36\r\n35\r\n25\r\n41\r\n73\r\n81\r\n43\r\n2\r\n60\r\n62\r\n68\r\n65\r\n19\r\n5\r\n4\r\n51\r\n31\r\n32\r\n33\r\n54\r\n7\r\n6\r\n28\r\n26\r\n59\r\n53\r\n12\r\n20\r\n0\r\n',0,'2022-07-01 09:18:37.000','2022-07-01 09:18:39.000'),(10,10,'bbf34a4c-cdeb-4e97-a2d4-9d3fdc16f832',1,0,'一方获取交集',84,'/data/result/2022070109/bbf34a4c-cdeb-4e97-a2d4-9d3fdc16f832.csv',_binary '\"intersection_row\"\r\n78\r\n46\r\n47\r\n59\r\n60\r\n21\r\n37\r\n82\r\n58\r\n57\r\n56\r\n70\r\n50\r\n27\r\n25\r\n53\r\n39\r\n72\r\n48\r\n42\r\n49\r\n11\r\n10\r\n1\r\n2\r\n55\r\n20\r\n45\r\n81\r\n34\r\n5\r\n4\r\n69\r\n54\r\n22\r\n67\r\n66\r\n64\r\n63\r\n41\r\n79\r\n73\r\n74\r\n77\r\n13\r\n18\r\n26\r\n15\r\n14\r\n44\r\n76\r\n8\r\n9\r\n12\r\n23\r\n24\r\n35\r\n36\r\n75\r\n43\r\n38\r\n61\r\n0\r\n31\r\n32\r\n33\r\n40\r\n19\r\n52\r\n17\r\n16\r\n3\r\n28\r\n29\r\n51\r\n30\r\n68\r\n65\r\n62\r\n71\r\n6\r\n7\r\n80\r\n',0,'2022-07-01 09:18:46.000','2022-07-01 09:18:47.000'),(11,11,'c18a5703-016c-41e0-b9e0-79db20f797e2',1,0,'一方获取交集',9,'/data/result/2022070111/c18a5703-016c-41e0-b9e0-79db20f797e2.csv',_binary '\"intersection_row\"\r\n0\r\n5\r\n6\r\n2\r\n9\r\n4\r\n3\r\n1\r\n',0,'2022-07-01 11:08:26.000','2022-07-01 11:08:53.000'),(12,12,'d96ed353-d0cb-4865-94bd-53aedf45025f',1,0,'一方获取交集',0,'/data/result/2022070111/d96ed353-d0cb-4865-94bd-53aedf45025f.csv','',0,'2022-07-01 11:42:50.000','2022-07-01 11:42:53.000'),(13,13,'5abceaa9-725c-4b3e-91ad-52e997238e21',1,0,'一方获取交集',11,'/data/result/2022070112/5abceaa9-725c-4b3e-91ad-52e997238e21.csv',_binary '\"intersection_row\"\r\n26\r\n2\r\n27\r\n71\r\n0\r\n17\r\n16\r\n56\r\n58\r\n57\r\n',0,'2022-07-01 12:08:46.000','2022-07-01 12:08:47.000'),(15,15,'d62a981f-c893-4722-b40c-8da6d7cdf7e8',1,0,'一方获取交集',0,'/data/result/2022070712/d62a981f-c893-4722-b40c-8da6d7cdf7e8.csv','',0,'2022-07-07 12:39:34.000','2022-07-07 12:39:39.000'),(16,16,'a361325a-9424-4cb6-82d1-ce052b0c2282',1,0,'一方获取交集',11,'/data/result/2022070712/a361325a-9424-4cb6-82d1-ce052b0c2282.csv',_binary '\"intersection_row\"\r\n0\r\n16\r\n17\r\n71\r\n57\r\n56\r\n58\r\n26\r\n2\r\n27\r\n',0,'2022-07-07 12:42:11.000','2022-07-07 12:42:12.000'),(17,17,'88867e50-90f0-4722-a66c-4907250a6048',1,0,'一方获取交集',11,'/data/result/2022070811/88867e50-90f0-4722-a66c-4907250a6048.csv',_binary '\"intersection_row\"\r\n27\r\n0\r\n16\r\n17\r\n26\r\n56\r\n58\r\n57\r\n2\r\n71\r\n',0,'2022-07-08 11:11:33.000','2022-07-08 11:11:40.000'),(18,18,'f53727cb-d6ca-4b68-bf83-c7c63b476f10',1,0,'一方获取差集',0,'/data/result/2022070811/f53727cb-d6ca-4b68-bf83-c7c63b476f10.csv','',0,'2022-07-08 11:11:55.000','2022-07-08 11:12:00.000'),(19,19,'0b1d0735-7f71-44e6-b93e-a0f30326c12e',1,0,'一方获取交集',11,'/data/result/2022070811/0b1d0735-7f71-44e6-b93e-a0f30326c12e.csv',_binary '\"intersection_row\"\r\n27\r\n17\r\n16\r\n0\r\n2\r\n71\r\n56\r\n57\r\n58\r\n26\r\n',0,'2022-07-08 11:12:16.000','2022-07-08 11:12:22.000'),(20,20,'ae681e2e-2f6d-47cf-b51c-94f7e463d102',1,0,'一方获取差集',74,'/data/result/2022070811/ae681e2e-2f6d-47cf-b51c-94f7e463d102.csv',_binary '\"difference_row\"\r\n1\r\n3\r\n4\r\n5\r\n6\r\n7\r\n8\r\n9\r\n10\r\n11\r\n12\r\n13\r\n14\r\n15\r\n18\r\n19\r\n20\r\n21\r\n22\r\n23\r\n24\r\n25\r\n28\r\n29\r\n30\r\n31\r\n32\r\n33\r\n34\r\n35\r\n36\r\n37\r\n38\r\n39\r\n40\r\n41\r\n42\r\n43\r\n44\r\n45\r\n46\r\n47\r\n48\r\n49\r\n50\r\n51\r\n52\r\n53\r\n54\r\n55\r\n59\r\n60\r\n61\r\n62\r\n63\r\n64\r\n65\r\n66\r\n67\r\n68\r\n69\r\n70\r\n72\r\n73\r\n74\r\n75\r\n76\r\n77\r\n78\r\n79\r\n80\r\n81\r\n82\r\n',0,'2022-07-08 11:12:47.000','2022-07-08 11:12:48.000'),(21,21,'39b1635b-1246-4ec5-82d1-530343e9eb6e',1,0,'一方获取交集',11,'/data/result/2022070814/39b1635b-1246-4ec5-82d1-530343e9eb6e.csv',_binary '\"intersection_row\"\r\n27\r\n57\r\n58\r\n56\r\n26\r\n0\r\n16\r\n17\r\n2\r\n71\r\n',0,'2022-07-08 14:18:53.000','2022-07-08 14:18:54.000'),(22,22,'9364e2da-0d52-4cc9-8ad9-3d6ad398081e',1,0,'一方获取差集',74,'/data/result/2022070814/9364e2da-0d52-4cc9-8ad9-3d6ad398081e.csv',_binary '\"difference_row\"\r\n1\r\n3\r\n4\r\n5\r\n6\r\n7\r\n8\r\n9\r\n10\r\n11\r\n12\r\n13\r\n14\r\n15\r\n18\r\n19\r\n20\r\n21\r\n22\r\n23\r\n24\r\n25\r\n28\r\n29\r\n30\r\n31\r\n32\r\n33\r\n34\r\n35\r\n36\r\n37\r\n38\r\n39\r\n40\r\n41\r\n42\r\n43\r\n44\r\n45\r\n46\r\n47\r\n48\r\n49\r\n50\r\n51\r\n52\r\n53\r\n54\r\n55\r\n59\r\n60\r\n61\r\n62\r\n63\r\n64\r\n65\r\n66\r\n67\r\n68\r\n69\r\n70\r\n72\r\n73\r\n74\r\n75\r\n76\r\n77\r\n78\r\n79\r\n80\r\n81\r\n82\r\n',0,'2022-07-08 14:19:17.000','2022-07-08 14:19:19.000'),(23,23,'14cdd726-2176-4e75-8b8b-4398f869f6e5',1,0,'一方获取交集',0,'/data/result/2022070906/14cdd726-2176-4e75-8b8b-4398f869f6e5.csv','',0,'2022-07-09 06:45:58.000','2022-07-09 06:46:00.000'),(24,24,'38aee02e-c944-49b7-bc0e-5b0dfcb5bc3c',1,0,'一方获取交集',0,'/data/result/2022070907/38aee02e-c944-49b7-bc0e-5b0dfcb5bc3c.csv','',0,'2022-07-09 07:59:47.000','2022-07-09 07:59:49.000'),(25,25,'5f197c4a-daa4-4e29-903c-31b1b557b24d',1,0,'一方获取交集',0,'/data/result/2022070908/5f197c4a-daa4-4e29-903c-31b1b557b24d.csv','',0,'2022-07-09 08:15:53.000','2022-07-09 08:15:54.000'),(26,26,'94146143-c333-4783-a513-507c50c090d7',1,0,'一方获取交集',0,'/data/result/2022070912/94146143-c333-4783-a513-507c50c090d7.csv','',0,'2022-07-09 12:22:27.000','2022-07-09 12:22:29.000'),(27,27,'3d3831a8-0ab3-4bd1-a327-22094ad99dac',1,0,'一方获取交集',0,'/data/result/2022071003/3d3831a8-0ab3-4bd1-a327-22094ad99dac.csv','',0,'2022-07-10 03:57:50.000','2022-07-10 03:57:51.000'),(28,28,'af8b3c60-87df-4526-b73f-9a8964813211',1,0,'一方获取交集',0,'/data/result/2022071014/af8b3c60-87df-4526-b73f-9a8964813211.csv','',0,'2022-07-10 14:06:28.000','2022-07-10 14:06:29.000'),(29,29,'476c78d0-4993-42d6-a5a9-76551c7dc7f5',1,0,'一方获取差集',0,'/data/result/2022071014/476c78d0-4993-42d6-a5a9-76551c7dc7f5.csv','',0,'2022-07-10 14:06:42.000','2022-07-10 14:06:46.000'),(30,30,'e6eab18e-f64d-48d9-9d70-6eb6f3186e63',1,0,'一方获取交集',0,'/data/result/2022071102/e6eab18e-f64d-48d9-9d70-6eb6f3186e63.csv','',0,'2022-07-11 02:40:25.000','2022-07-11 02:41:26.000'),(31,31,'ecc1e502-7f97-4b5c-b9fc-f1aa01f11cba',1,0,'一方获取交集',0,'/data/result/2022071102/ecc1e502-7f97-4b5c-b9fc-f1aa01f11cba.csv','',0,'2022-07-11 02:58:42.000','2022-07-11 02:58:44.000'),(32,32,'c6c38e07-0611-47bc-a6e9-594129f4e3d3',1,0,'一方获取差集',0,'/data/result/2022071102/c6c38e07-0611-47bc-a6e9-594129f4e3d3.csv','',0,'2022-07-11 02:59:32.000','2022-07-11 02:59:33.000'),(33,33,'775b47da-eff4-4108-b124-10d71574b6f1',1,0,'一方获取交集',0,'/data/result/2022071108/775b47da-eff4-4108-b124-10d71574b6f1.csv','',0,'2022-07-11 08:14:08.000','2022-07-11 08:15:09.000'),(34,34,'2a6d49c4-ca9e-47eb-b546-0abc035d1125',1,0,'一方获取交集',0,'/data/result/2022071112/2a6d49c4-ca9e-47eb-b546-0abc035d1125.csv','',0,'2022-07-11 12:24:13.000','2022-07-11 12:25:14.000'),(35,35,'a50d5b0c-b9b5-4d84-80be-b7631c4e14cc',1,0,'一方获取交集',1,'/data/result/2022071201/a50d5b0c-b9b5-4d84-80be-b7631c4e14cc.csv',_binary '\"intersection_row\"\r\n',0,'2022-07-12 01:41:55.000','2022-07-12 01:41:56.000'),(36,36,'4b0f796c-df0b-4898-b8a8-271f5536a12d',1,0,'一方获取差集',3,'/data/result/2022071805/4b0f796c-df0b-4898-b8a8-271f5536a12d.csv',_binary '\"difference_row\"\r\n7\r\n8\r\n',0,'2022-07-18 05:03:47.000','2022-07-18 05:03:50.000'),(37,37,'2d00ff24-f56d-4b0d-a22a-c82ea8e9bc6c',1,0,'一方获取交集',9,'/data/result/2022071805/2d00ff24-f56d-4b0d-a22a-c82ea8e9bc6c.csv',_binary '\"intersection_row\"\r\n1\r\n3\r\n6\r\n5\r\n9\r\n0\r\n2\r\n4\r\n',0,'2022-07-18 05:04:33.000','2022-07-18 05:04:39.000');
/*!40000 ALTER TABLE `data_psi_task` ENABLE KEYS */;
UNLOCK TABLES;

--
-- Table structure for table `data_resource`
--

DROP TABLE IF EXISTS `data_resource`;
/*!40101 SET @saved_cs_client     = @@character_set_client */;
/*!40101 SET character_set_client = utf8 */;
CREATE TABLE `data_resource` (
  `resource_id` bigint(20) NOT NULL AUTO_INCREMENT COMMENT '资源id',
  `resource_name` varchar(255) CHARACTER SET utf8mb4 DEFAULT NULL COMMENT '资源名称',
  `resource_desc` varchar(255) CHARACTER SET utf8mb4 DEFAULT NULL COMMENT '资源描述',
  `resource_sort_type` int(2) DEFAULT NULL COMMENT '资源分类（银行，电商，媒体，运营商，保险）',
  `resource_auth_type` int(1) DEFAULT NULL COMMENT '授权类型（公开，私有）',
  `resource_source` int(1) DEFAULT NULL COMMENT '资源来源（文件上传，数据库链接）',
  `resource_num` int(8) DEFAULT NULL COMMENT '资源数',
  `file_id` int(8) DEFAULT NULL COMMENT '文件id',
  `file_size` int(32) DEFAULT NULL COMMENT '文件大小',
  `file_suffix` varchar(255) CHARACTER SET utf8mb4 DEFAULT NULL COMMENT '文件后缀',
  `file_rows` int(8) DEFAULT NULL COMMENT '文件行数',
  `file_columns` int(8) DEFAULT NULL COMMENT '文件列数',
  `file_handle_status` tinyint(4) DEFAULT NULL COMMENT '文件处理状态',
  `file_handle_field` blob COMMENT '文件头字段',
  `file_contains_y` tinyint(4) DEFAULT '0' COMMENT '文件字段是否包含y字段 0否 1是',
  `file_y_rows` int(11) DEFAULT '0' COMMENT '文件字段y值内容不为空的行数',
  `file_y_ratio` decimal(8,4) DEFAULT '0.0000' COMMENT '文件字段y值内容不为空的行数在总行的占比',
  `public_organ_id` varchar(3072) DEFAULT NULL COMMENT '机构列表',
  `resource_fusion_id` varchar(255) DEFAULT NULL COMMENT '中心节点资源ID',
  `db_id` int(8) DEFAULT NULL COMMENT '数据库id',
  `user_id` bigint(20) DEFAULT NULL COMMENT '用户id',
  `organ_id` bigint(20) DEFAULT NULL COMMENT '机构id',
  `url` varchar(255) CHARACTER SET utf8mb4 DEFAULT NULL COMMENT '资源表示路径',
  `is_del` tinyint(4) DEFAULT '0' COMMENT '是否删除',
  `create_date` datetime(3) NOT NULL DEFAULT CURRENT_TIMESTAMP(3) COMMENT '创建时间',
  `update_date` datetime(3) NOT NULL DEFAULT CURRENT_TIMESTAMP(3) ON UPDATE CURRENT_TIMESTAMP(3) COMMENT '修改时间',
  PRIMARY KEY (`resource_id`) USING BTREE
) ENGINE=InnoDB AUTO_INCREMENT=30 DEFAULT CHARSET=utf8 ROW_FORMAT=DYNAMIC COMMENT='资源表';
/*!40101 SET character_set_client = @saved_cs_client */;

--
-- Dumping data for table `data_resource`
--

LOCK TABLES `data_resource` WRITE;
/*!40000 ALTER TABLE `data_resource` DISABLE KEYS */;
INSERT INTO `data_resource` VALUES (2,'我自己的，不给你们看','我自己的，不给你们看',NULL,2,1,0,1147,232,'csv',20,1,0,_binary 'guaranteetype',NULL,NULL,NULL,NULL,'704a92e392fd-f9bb4aca-8cd5-48da-9615-540c77c6e4b5',0,1,1000,'/data/upload/1/2022062109/7e1f3461-5fdc-4a74-a6ae-f805d56acbb7.csv',0,'2022-06-21 09:00:50.000','2022-06-29 07:10:00.000'),(3,'psi求交资源demo2','demo的求交资源02',NULL,1,1,0,1148,4400,'csv',83,2,0,_binary 'guaranteetype,company',NULL,NULL,NULL,NULL,'704a92e392fd-c345895a-86ea-4012-bdec-5d8d621f9574',0,1,1000,'/data/upload/1/2022062111/9cd154e7-4a0e-49c7-97c1-a8f4ca93aefb.csv',0,'2022-06-21 11:03:25.000','2022-06-29 07:10:00.000'),(4,'psi测试数据server_e1','server_e1',NULL,1,1,0,1149,231,'csv',45,1,0,_binary 'guaranteetype',NULL,NULL,NULL,NULL,'704a92e392fd-b1a2301e-0f00-4b7f-8bdf-bf8c15c42317',0,1,1000,'/data/upload/1/2022062113/f607353d-76ff-40c7-9f56-89ac559116c4.csv',0,'2022-06-21 13:52:17.000','2022-06-29 07:10:00.000'),(6,'demo2psi01','demo2psi01',NULL,1,1,0,1151,4400,'csv',83,2,0,_binary 'guaranteetype,company',NULL,NULL,NULL,NULL,'704a92e392fd-185ba954-4939-4a88-954b-8a85f767a0a1',0,1,1000,'/data/upload/1/2022062201/2fa67619-8fdf-45cd-9740-7cd52e1a8a92.csv',0,'2022-06-22 01:53:36.000','2022-06-29 07:10:00.000'),(8,'pir','pir',NULL,1,1,0,1153,232,'csv',20,1,0,_binary 'guaranteetype',NULL,NULL,NULL,NULL,'704a92e392fd-9231e799-0a70-49e2-b050-8b4bae4421fa',0,1,NULL,'/data/upload/1/2022062907/b8578d2b-38db-4544-a5eb-2eb792aaad94.csv',0,'2022-06-29 07:03:12.000','2022-06-29 07:30:00.000'),(9,'PSI2','PSI2',NULL,1,1,0,1154,4400,'csv',83,2,0,_binary 'guaranteetype,company',NULL,NULL,NULL,NULL,'704a92e392fd-82003b16-2db3-4b3d-a03c-65635907d13b',0,1,NULL,'/data/upload/1/2022062907/5fb09c21-6dbf-42ec-93bc-2a8cf8f71cbc.csv',0,'2022-06-29 07:24:33.000','2022-06-30 05:00:00.000'),(10,'PIR','PIR',NULL,1,1,0,1155,232,'csv',20,1,0,_binary 'guaranteetype',NULL,NULL,NULL,NULL,'704a92e392fd-87fbe004-2ecb-4953-8dc5-660ad37957b0',0,1,NULL,'/data/upload/1/2022062907/581509f3-5c08-497a-bb96-10167609076b.csv',0,'2022-06-29 07:29:31.000','2022-07-18 03:40:00.000'),(11,'wisconsin_host','wisconsin_host',NULL,1,1,0,1156,12384,'csv',699,8,0,_binary 'Uniformity of Cell Shape,Marginal Adhesion,Single Epithelial Cell Size,Bare Nuclei,Bland Chromatin,Normal Nucleoli,Mitoses,Class',NULL,NULL,NULL,NULL,'704a92e392fd-377a071e-c7ef-4426-b887-4b60d100e15c',0,1,NULL,'/data/upload/1/2022062908/f123b3cb-a3a9-4d8d-a75a-c7614ec6b8dd.csv',0,'2022-06-29 08:20:23.000','2022-06-30 02:20:00.000'),(12,'持久化新数据psi2','持久化新数据psi2',NULL,1,1,0,1157,4400,'csv',83,2,0,_binary 'guaranteetype,company',NULL,NULL,NULL,NULL,'704a92e392fd-095c0355-61a5-40b7-8c74-189528688279',0,1,NULL,'/data/upload/1/2022063006/c727e603-ad50-4994-b187-012ee41de03b.csv',0,'2022-06-30 06:52:07.000','2022-06-30 07:40:00.000'),(13,'持久化新数据pir','持久化新数据pir',NULL,1,1,0,1158,193,'csv',20,1,0,_binary 'guaranteetype',NULL,NULL,NULL,NULL,'704a92e392fd-d7b79c55-503a-4113-8ebd-e7dc7d19bdd3',0,1,NULL,'/data/upload/1/2022063006/efded7db-5a26-4bdf-bcc7-9b6b3d9649d5.csv',0,'2022-06-30 06:53:22.000','2022-06-30 07:40:00.000'),(14,'psi111','11111',NULL,1,1,0,1159,379,'csv',10,1,0,_binary 'company',NULL,NULL,NULL,NULL,'704a92e392fd-98ccad28-eccf-4cd1-9fd1-f3b95ac16be1',0,1,NULL,'/data/upload/1/2022063011/793b020b-e663-4606-8423-d00a1d8a6f5f.csv',0,'2022-06-30 11:42:08.000','2022-07-11 03:10:00.000'),(15,'12312','12312',NULL,1,1,0,1160,708,'csv',41,1,0,_binary 'pip==22.0.4',NULL,NULL,NULL,NULL,'704a92e392fd-e1bd0dbe-e782-4036-b741-b9cec0d7a91f',0,1,NULL,'/data/upload/1/2022070401/2cd11b02-ae3d-46af-b17a-c7a2489cdae1.csv',0,'2022-07-04 01:17:13.000','2022-07-04 01:30:00.000'),(16,'test','test',NULL,1,1,0,1161,708,'csv',41,1,0,_binary 'pip==22.0.4',NULL,NULL,NULL,NULL,'704a92e392fd-35af0d95-9b8c-45ee-baf1-d1e61003fa60',0,1,NULL,'/data/upload/1/2022070402/08a182c6-6711-4395-bdb0-5d4aa237f875.csv',0,'2022-07-04 02:06:42.000','2022-07-04 02:10:00.000'),(17,'psi02','022',NULL,1,1,0,1280,4400,'csv',83,2,0,_binary 'guaranteetype,company',NULL,NULL,NULL,NULL,'704a92e392fd-22568f0c-df20-49a9-8022-b343f92c5c92',0,1,NULL,'/data/upload/1/2022070712/5e352fe1-cab1-4708-afd9-c9393f4ea9fa.csv',0,'2022-07-07 12:39:16.000','2022-07-09 05:10:00.000'),(18,'wisconsin_host.data','wisconsin_host.data',NULL,1,1,0,1284,12384,'csv',699,8,0,_binary 'Uniformity of Cell Shape,Marginal Adhesion,Single Epithelial Cell Size,Bare Nuclei,Bland Chromatin,Normal Nucleoli,Mitoses,Class',NULL,NULL,NULL,NULL,'704a92e392fd-b4a95adf-2f79-4225-a6ff-1140a15eb4e8',0,1,NULL,'/data/upload/1/2022070906/f967cafa-847b-430f-9e72-0928bb0998a1.csv',0,'2022-07-09 06:10:51.000','2022-07-18 03:40:00.000'),(19,'wew2','wewe2',NULL,1,1,0,1285,261,'csv',3,9,0,_binary 'model,year,price,transmission,mileage,fuelType,tax,mpg,engineSize',NULL,NULL,NULL,NULL,'704a92e392fd-636ef259-2f55-4a78-91df-666399dd0f09',0,1017,NULL,'/data/upload/1/2022070906/161cd6c1-5ad1-448e-8551-4572a8a9526b.csv',0,'2022-07-09 06:45:34.000','2022-07-18 03:40:00.000'),(20,'mytest3','mytest3',NULL,1,1,0,1286,269,'csv',3,9,0,_binary 'model,year,price,transmission,mileage,fuelType,tax,mpg,engineSize',NULL,NULL,NULL,NULL,'704a92e392fd-250cc5f3-ae3e-4fae-8bf2-e3168aba0c5e',0,1017,NULL,'/data/upload/1/2022070907/311ec509-b807-45b6-b0d5-420ac547aae4.csv',0,'2022-07-09 07:51:10.000','2022-07-09 16:00:00.000'),(21,'s22','s22',NULL,1,1,0,1287,1609,'csv',68,2,0,_binary 'guaranteetype,warrantee',NULL,NULL,NULL,NULL,'704a92e392fd-cbc81f36-49a0-46df-a297-008b5d268b90',0,1017,NULL,'/data/upload/1/2022071003/d9deed93-0150-4834-a642-6fe81c644a73.csv',0,'2022-07-10 03:56:30.000','2022-07-18 03:40:00.000'),(22,'A22','A22',NULL,1,1,0,1288,269,'csv',3,9,0,_binary 'model,year,price,transmission,mileage,fuelType,tax,mpg,engineSize',NULL,NULL,NULL,NULL,'704a92e392fd-a61258f0-0ce2-4ff1-93a8-5008f933ee23',0,1017,NULL,'/data/upload/1/2022071014/22c7d66b-26ea-4132-a693-5d5d6f03562d.csv',0,'2022-07-10 14:05:55.000','2022-07-18 03:20:00.000'),(23,'测试数据','测试数据',NULL,1,1,0,1289,804,'csv',9,12,0,_binary 'seq,marital,race,age,histologic,CT,CN,CM,ER,PR,HER2,RX',NULL,NULL,NULL,NULL,'704a92e392fd-0da34b7e-9d38-4f9d-bf79-5c37f591ff38',0,1019,NULL,'/data/upload/1/2022071108/e4c0104f-1ccc-4f3e-bac9-f165c19914f8.csv',0,'2022-07-11 08:07:24.000','2022-07-18 03:20:00.000'),(24,'seer数据','seer数据',NULL,1,1,0,1290,824,'csv',9,13,0,_binary 'seq,marital,race,age,histologic,CT,CN,CM,ER,PR,HER2,RX,y',1,4,44.4444,NULL,'704a92e392fd-5b27a73e-1616-4ee3-ad7d-04eedb3f10a8',0,1019,NULL,'/data/upload/1/2022071108/8f4a8f02-d127-4103-af8a-63edaa5fa02b.csv',0,'2022-07-11 08:09:27.000','2022-07-18 03:20:00.000'),(25,'yfan_test01','yfan_test01',NULL,1,1,0,1291,824,'csv',9,13,0,_binary 'seq,marital,race,age,histologic,CT,CN,CM,ER,PR,HER2,RX,y',1,4,44.4444,NULL,'704a92e392fd-fc9119c2-c361-4701-9362-00460a3e95b0',0,1024,NULL,'/data/upload/1/2022071108/a31ae5c5-867c-4b60-86c9-c57531461b0b.csv',0,'2022-07-11 08:27:32.000','2022-07-18 03:20:00.000'),(26,'psi测试','psi',NULL,1,1,0,1292,111542,'csv',569,21,0,_binary 'id,x0,x1,x2,x3,x4,x5,x6,x7,x8,x9,x10,x11,x12,x13,x14,x15,x16,x17,x18,x19',NULL,NULL,NULL,NULL,'704a92e392fd-e574b4b3-a186-42e9-8cc0-feb48942a466',0,1031,NULL,'/data/upload/1/2022071303/df1cad9e-b40a-458d-8570-1eb16c62f0f0.csv',0,'2022-07-13 03:49:48.000','2022-07-18 03:20:00.000'),(27,'银行测试2','银行测试2',NULL,1,1,0,1293,498,'csv',10,6,0,_binary 'company,id,executed amount,execution court,date,case number',NULL,NULL,NULL,NULL,'704a92e392fd-f46cfcde-3e46-4fc4-8f19-25feb6357a02',0,1020,NULL,'/data/upload/1/2022071804/23899770-2565-4018-919a-3195f157e205.csv',0,'2022-07-18 04:35:39.000','2022-07-18 04:40:00.000'),(28,'pir测试','pir测试',NULL,1,1,0,1294,62877,'csv',569,13,0,_binary 'id1,id,y,x0,x1,x2,x3,x4,x5,x6,x7,x8,x9',1,357,62.7417,NULL,'704a92e392fd-54f3fe5d-3fb3-489c-9e9e-c5e2a867273f',0,1010,NULL,'/data/upload/1/2022071907/96c4aa43-4ad7-4e66-afc2-754925470c54.csv',0,'2022-07-19 07:17:18.000','2022-07-19 07:30:00.000'),(29,'psi2','psi2',NULL,1,1,0,1295,4400,'csv',83,2,0,_binary 'guaranteetype,company',NULL,NULL,NULL,NULL,'704a92e392fd-d9d0bd89-203d-4849-bdf8-ff313fc6dbe1',0,1010,NULL,'/data/upload/1/2022071912/07e82a02-1baa-474e-a992-478452d403b7.csv',0,'2022-07-19 12:10:04.000','2022-07-19 12:10:04.000');
/*!40000 ALTER TABLE `data_resource` ENABLE KEYS */;
UNLOCK TABLES;

--
-- Table structure for table `data_resource_auth_record`
--

DROP TABLE IF EXISTS `data_resource_auth_record`;
/*!40101 SET @saved_cs_client     = @@character_set_client */;
/*!40101 SET character_set_client = utf8 */;
CREATE TABLE `data_resource_auth_record` (
  `record_id` bigint(20) NOT NULL AUTO_INCREMENT COMMENT 'id',
  `record_status` int(2) DEFAULT NULL COMMENT '审核状态',
  `user_id` bigint(20) DEFAULT NULL COMMENT '审核人员id',
  `user_name` varchar(255) CHARACTER SET utf8mb4 DEFAULT NULL COMMENT '审核人姓名',
  `project_id` bigint(20) DEFAULT NULL COMMENT '项目id',
  `resource_id` bigint(20) DEFAULT NULL COMMENT '资源id',
  `is_del` tinyint(4) DEFAULT '0' COMMENT '是否删除',
  `create_date` datetime(3) NOT NULL DEFAULT CURRENT_TIMESTAMP(3) COMMENT '创建时间',
  `update_date` datetime(3) NOT NULL DEFAULT CURRENT_TIMESTAMP(3) ON UPDATE CURRENT_TIMESTAMP(3) COMMENT '修改时间',
  PRIMARY KEY (`record_id`) USING BTREE
) ENGINE=InnoDB DEFAULT CHARSET=utf8 ROW_FORMAT=DYNAMIC COMMENT='项目资源授权审核表';
/*!40101 SET character_set_client = @saved_cs_client */;

--
-- Dumping data for table `data_resource_auth_record`
--

LOCK TABLES `data_resource_auth_record` WRITE;
/*!40000 ALTER TABLE `data_resource_auth_record` DISABLE KEYS */;
/*!40000 ALTER TABLE `data_resource_auth_record` ENABLE KEYS */;
UNLOCK TABLES;

--
-- Table structure for table `data_resource_tag`
--

DROP TABLE IF EXISTS `data_resource_tag`;
/*!40101 SET @saved_cs_client     = @@character_set_client */;
/*!40101 SET character_set_client = utf8 */;
CREATE TABLE `data_resource_tag` (
  `tag_id` bigint(20) NOT NULL AUTO_INCREMENT COMMENT '标签id',
  `tag_name` varchar(255) CHARACTER SET utf8mb4 DEFAULT NULL COMMENT '标签名称',
  `is_del` tinyint(4) DEFAULT '0' COMMENT '是否删除',
  `create_date` datetime(3) NOT NULL DEFAULT CURRENT_TIMESTAMP(3) COMMENT '创建时间',
  `update_date` datetime(3) NOT NULL DEFAULT CURRENT_TIMESTAMP(3) ON UPDATE CURRENT_TIMESTAMP(3) COMMENT '修改时间',
  PRIMARY KEY (`tag_id`) USING BTREE
) ENGINE=InnoDB AUTO_INCREMENT=78 DEFAULT CHARSET=utf8 ROW_FORMAT=DYNAMIC COMMENT='标签表';
/*!40101 SET character_set_client = @saved_cs_client */;

--
-- Dumping data for table `data_resource_tag`
--

LOCK TABLES `data_resource_tag` WRITE;
/*!40000 ALTER TABLE `data_resource_tag` DISABLE KEYS */;
INSERT INTO `data_resource_tag` VALUES (2,'222',0,'2022-06-21 09:00:50.000','2022-06-21 09:00:50.000'),(3,'demo201',0,'2022-06-21 11:03:25.000','2022-06-21 11:03:25.000'),(5,'psi',0,'2022-06-21 14:01:50.000','2022-06-21 14:01:50.000'),(6,'pir',0,'2022-06-21 14:04:34.000','2022-06-21 14:04:34.000'),(9,'demo2psi01',0,'2022-06-22 03:22:40.000','2022-06-22 03:22:40.000'),(21,'dd',0,'2022-06-29 07:12:45.000','2022-06-29 07:12:45.000'),(22,'pir',0,'2022-06-29 07:23:24.000','2022-06-29 07:23:24.000'),(34,'h',0,'2022-06-30 02:07:24.000','2022-06-30 02:07:24.000'),(37,'2',0,'2022-06-30 04:55:09.000','2022-06-30 04:55:09.000'),(40,'pir',0,'2022-06-30 07:34:44.000','2022-06-30 07:34:44.000'),(41,'psi',0,'2022-06-30 07:34:50.000','2022-06-30 07:34:50.000'),(43,'1231231232',0,'2022-07-04 01:17:13.000','2022-07-04 01:17:13.000'),(44,'1',0,'2022-07-04 02:06:42.000','2022-07-04 02:06:42.000'),(46,'02',0,'2022-07-09 05:00:15.000','2022-07-09 05:00:15.000'),(51,'mt2',0,'2022-07-09 15:55:20.000','2022-07-09 15:55:20.000'),(52,'mytest3',0,'2022-07-09 15:55:20.000','2022-07-09 15:55:20.000'),(56,'111',0,'2022-07-11 02:58:06.000','2022-07-11 02:58:06.000'),(66,'a',0,'2022-07-18 03:15:15.000','2022-07-18 03:15:15.000'),(67,'yfan_test0',0,'2022-07-18 03:15:27.000','2022-07-18 03:15:27.000'),(68,'seer数据',0,'2022-07-18 03:15:35.000','2022-07-18 03:15:35.000'),(69,'测试2',0,'2022-07-18 03:15:46.000','2022-07-18 03:15:46.000'),(70,'A22',0,'2022-07-18 03:15:55.000','2022-07-18 03:15:55.000'),(71,'PIR',0,'2022-07-18 03:34:13.000','2022-07-18 03:34:13.000'),(72,'s2',0,'2022-07-18 03:35:24.000','2022-07-18 03:35:24.000'),(73,'222',0,'2022-07-18 03:35:31.000','2022-07-18 03:35:31.000'),(74,'1',0,'2022-07-18 03:35:47.000','2022-07-18 03:35:47.000'),(75,'银行测试2',0,'2022-07-18 04:35:39.000','2022-07-18 04:35:39.000'),(76,'pir',0,'2022-07-19 07:17:18.000','2022-07-19 07:17:18.000'),(77,'psi',0,'2022-07-19 12:10:04.000','2022-07-19 12:10:04.000');
/*!40000 ALTER TABLE `data_resource_tag` ENABLE KEYS */;
UNLOCK TABLES;

--
-- Table structure for table `data_resource_visibility_auth`
--

DROP TABLE IF EXISTS `data_resource_visibility_auth`;
/*!40101 SET @saved_cs_client     = @@character_set_client */;
/*!40101 SET character_set_client = utf8 */;
CREATE TABLE `data_resource_visibility_auth` (
  `id` bigint(20) NOT NULL AUTO_INCREMENT COMMENT '主键',
  `resource_id` bigint(20) NOT NULL COMMENT '资源id',
  `organ_global_id` varchar(64) NOT NULL COMMENT '机构唯一id',
  `organ_name` varchar(64) NOT NULL COMMENT '资源名称',
  `organ_server_address` varchar(255) NOT NULL COMMENT '服务地址',
  `is_del` tinyint(4) NOT NULL COMMENT '是否删除',
  `c_time` datetime(3) NOT NULL DEFAULT CURRENT_TIMESTAMP(3) COMMENT '创建时间',
  `u_time` datetime(3) NOT NULL DEFAULT CURRENT_TIMESTAMP(3) ON UPDATE CURRENT_TIMESTAMP(3) COMMENT '更新时间',
  PRIMARY KEY (`id`) USING BTREE,
  KEY `resource_id_ix` (`resource_id`) USING BTREE,
  KEY `organ_global_id_ix` (`organ_global_id`) USING BTREE
) ENGINE=InnoDB DEFAULT CHARSET=utf8 ROW_FORMAT=DYNAMIC;
/*!40101 SET character_set_client = @saved_cs_client */;

--
-- Dumping data for table `data_resource_visibility_auth`
--

LOCK TABLES `data_resource_visibility_auth` WRITE;
/*!40000 ALTER TABLE `data_resource_visibility_auth` DISABLE KEYS */;
/*!40000 ALTER TABLE `data_resource_visibility_auth` ENABLE KEYS */;
UNLOCK TABLES;

--
-- Table structure for table `data_rt`
--

DROP TABLE IF EXISTS `data_rt`;
/*!40101 SET @saved_cs_client     = @@character_set_client */;
/*!40101 SET character_set_client = utf8 */;
CREATE TABLE `data_rt` (
  `id` bigint(20) NOT NULL AUTO_INCREMENT COMMENT 'id',
  `resource_id` bigint(20) DEFAULT NULL COMMENT '资源id',
  `tag_id` bigint(20) DEFAULT NULL COMMENT '标签id',
  `is_del` tinyint(4) DEFAULT '0' COMMENT '是否删除',
  `create_date` datetime(3) NOT NULL DEFAULT CURRENT_TIMESTAMP(3) COMMENT '创建时间',
  `update_date` datetime(3) NOT NULL DEFAULT CURRENT_TIMESTAMP(3) ON UPDATE CURRENT_TIMESTAMP(3) COMMENT '修改时间',
  PRIMARY KEY (`id`) USING BTREE
) ENGINE=InnoDB AUTO_INCREMENT=78 DEFAULT CHARSET=utf8 ROW_FORMAT=DYNAMIC COMMENT='资源标签关系表';
/*!40101 SET character_set_client = @saved_cs_client */;

--
-- Dumping data for table `data_rt`
--

LOCK TABLES `data_rt` WRITE;
/*!40000 ALTER TABLE `data_rt` DISABLE KEYS */;
INSERT INTO `data_rt` VALUES (2,2,2,0,'2022-06-21 09:00:50.000','2022-06-21 09:00:50.000'),(3,3,3,0,'2022-06-21 11:03:25.000','2022-06-21 11:03:25.000'),(5,4,5,0,'2022-06-21 14:01:50.000','2022-06-21 14:01:50.000'),(6,5,6,0,'2022-06-21 14:04:34.000','2022-06-21 14:04:34.000'),(9,6,9,0,'2022-06-22 03:22:40.000','2022-06-22 03:22:40.000'),(21,7,21,0,'2022-06-29 07:12:45.000','2022-06-29 07:12:45.000'),(22,8,22,0,'2022-06-29 07:23:24.000','2022-06-29 07:23:24.000'),(34,11,34,0,'2022-06-30 02:07:24.000','2022-06-30 02:07:24.000'),(37,9,37,0,'2022-06-30 04:55:09.000','2022-06-30 04:55:09.000'),(40,13,40,0,'2022-06-30 07:34:44.000','2022-06-30 07:34:44.000'),(41,12,41,0,'2022-06-30 07:34:50.000','2022-06-30 07:34:50.000'),(43,15,43,0,'2022-07-04 01:17:13.000','2022-07-04 01:17:13.000'),(44,16,44,0,'2022-07-04 02:06:42.000','2022-07-04 02:06:42.000'),(46,17,46,0,'2022-07-09 05:00:15.000','2022-07-09 05:00:15.000'),(51,20,51,0,'2022-07-09 15:55:20.000','2022-07-09 15:55:20.000'),(52,20,52,0,'2022-07-09 15:55:20.000','2022-07-09 15:55:20.000'),(56,14,56,0,'2022-07-11 02:58:06.000','2022-07-11 02:58:06.000'),(66,26,66,0,'2022-07-18 03:15:15.000','2022-07-18 03:15:15.000'),(67,25,67,0,'2022-07-18 03:15:27.000','2022-07-18 03:15:27.000'),(68,24,68,0,'2022-07-18 03:15:35.000','2022-07-18 03:15:35.000'),(69,23,69,0,'2022-07-18 03:15:46.000','2022-07-18 03:15:46.000'),(70,22,70,0,'2022-07-18 03:15:55.000','2022-07-18 03:15:55.000'),(71,10,71,0,'2022-07-18 03:34:13.000','2022-07-18 03:34:13.000'),(72,21,72,0,'2022-07-18 03:35:24.000','2022-07-18 03:35:24.000'),(73,19,73,0,'2022-07-18 03:35:31.000','2022-07-18 03:35:31.000'),(74,18,74,0,'2022-07-18 03:35:47.000','2022-07-18 03:35:47.000'),(75,27,75,0,'2022-07-18 04:35:39.000','2022-07-18 04:35:39.000'),(76,28,76,0,'2022-07-19 07:17:18.000','2022-07-19 07:17:18.000'),(77,29,77,0,'2022-07-19 12:10:04.000','2022-07-19 12:10:04.000');
/*!40000 ALTER TABLE `data_rt` ENABLE KEYS */;
UNLOCK TABLES;

--
-- Table structure for table `data_script`
--

DROP TABLE IF EXISTS `data_script`;
/*!40101 SET @saved_cs_client     = @@character_set_client */;
/*!40101 SET character_set_client = utf8 */;
CREATE TABLE `data_script` (
  `script_id` bigint(20) NOT NULL AUTO_INCREMENT COMMENT '脚本id',
  `name` varchar(255) DEFAULT NULL COMMENT '文件名称或文件夹名称',
  `catalogue` int(11) DEFAULT '0' COMMENT '是否目录 0否 1是',
  `p_script_id` bigint(20) DEFAULT NULL COMMENT '上级id',
  `script_type` int(11) DEFAULT NULL COMMENT '脚本类型 0sql 1python',
  `script_status` int(11) DEFAULT NULL COMMENT '脚本状态 0打开 1关闭 默认打开',
  `script_content` blob COMMENT '脚本内容',
  `user_id` bigint(20) DEFAULT NULL COMMENT '用户id',
  `organ_id` bigint(20) DEFAULT NULL COMMENT '机构id',
  `is_del` tinyint(4) DEFAULT '0' COMMENT '是否删除',
  `create_date` datetime(3) NOT NULL DEFAULT CURRENT_TIMESTAMP(3) COMMENT '创建时间',
  `update_date` datetime(3) NOT NULL DEFAULT CURRENT_TIMESTAMP(3) ON UPDATE CURRENT_TIMESTAMP(3) COMMENT '修改时间',
  PRIMARY KEY (`script_id`) USING BTREE
) ENGINE=InnoDB DEFAULT CHARSET=utf8 ROW_FORMAT=DYNAMIC;
/*!40101 SET character_set_client = @saved_cs_client */;

--
-- Dumping data for table `data_script`
--

LOCK TABLES `data_script` WRITE;
/*!40000 ALTER TABLE `data_script` DISABLE KEYS */;
/*!40000 ALTER TABLE `data_script` ENABLE KEYS */;
UNLOCK TABLES;

--
-- Table structure for table `data_task`
--

DROP TABLE IF EXISTS `data_task`;
/*!40101 SET @saved_cs_client     = @@character_set_client */;
/*!40101 SET character_set_client = utf8 */;
CREATE TABLE `data_task` (
  `task_id` bigint(20) NOT NULL AUTO_INCREMENT COMMENT '任务id',
  `task_id_name` varchar(255) DEFAULT NULL COMMENT '任务id展示名',
  `task_name` varchar(255) DEFAULT NULL COMMENT '任务名称',
  `task_state` int(11) DEFAULT '0' COMMENT '任务状态(0未开始 1成功 2运行中 3失败 4取消)',
  `task_type` int(11) DEFAULT NULL COMMENT '任务类型 1、模型 2、PSI 3、PIR',
  `task_result_path` varchar(255) DEFAULT NULL COMMENT '文件返回路径',
  `task_result_content` blob COMMENT '文件返回内容',
  `task_start_time` bigint(20) DEFAULT NULL COMMENT '任务开始时间',
  `task_end_time` bigint(20) DEFAULT NULL COMMENT '任务结束时间',
  `task_user_id` bigint(20) DEFAULT NULL COMMENT '任务创建人',
  `task_error_msg` blob COMMENT '任务异常信息',
  `is_del` tinyint(4) DEFAULT '0' COMMENT '是否删除',
  `create_date` datetime(3) NOT NULL DEFAULT CURRENT_TIMESTAMP(3) COMMENT '创建时间',
  `update_date` datetime(3) NOT NULL DEFAULT CURRENT_TIMESTAMP(3) ON UPDATE CURRENT_TIMESTAMP(3) COMMENT '修改时间',
  PRIMARY KEY (`task_id`) USING BTREE
) ENGINE=InnoDB AUTO_INCREMENT=3 DEFAULT CHARSET=utf8 ROW_FORMAT=DYNAMIC COMMENT='数据任务表';
/*!40101 SET character_set_client = @saved_cs_client */;

--
-- Dumping data for table `data_task`
--

LOCK TABLES `data_task` WRITE;
/*!40000 ALTER TABLE `data_task` DISABLE KEYS */;
INSERT INTO `data_task` VALUES (1,'eea7e97a-8a8f-4af3-8cba-1bb0d1728e9a',NULL,3,1,'/data/result/2022071908/7f5955f9-88c0-476c-abbc-21c9017b0054.csv',NULL,1658217721148,1658219813078,1,_binary 'UNAVAILABLE: Network closed for unknown reason',0,'2022-07-19 08:02:01.000','2022-07-19 08:36:53.000'),(2,'9c992ed5-1340-4fc5-9171-4e050eb3d725',NULL,3,1,'/data/result/2022071908/54ea2035-4a91-4a75-80e3-9307eed6de46.csv',NULL,1658219878979,1658228710795,1006,_binary 'UNAVAILABLE: Network closed for unknown reason',0,'2022-07-19 08:37:58.000','2022-07-19 11:05:10.000');
/*!40000 ALTER TABLE `data_task` ENABLE KEYS */;
UNLOCK TABLES;

--
-- Table structure for table `sys_auth`
--

DROP TABLE IF EXISTS `sys_auth`;
/*!40101 SET @saved_cs_client     = @@character_set_client */;
/*!40101 SET character_set_client = utf8 */;
CREATE TABLE `sys_auth` (
  `auth_id` bigint(20) NOT NULL AUTO_INCREMENT COMMENT '权限id',
  `auth_name` varchar(64) NOT NULL COMMENT '权限名称',
  `auth_code` varchar(32) NOT NULL COMMENT '权限代码',
  `auth_type` tinyint(4) NOT NULL COMMENT '权限类型 1 菜单 2 列表 3 按钮',
  `p_auth_id` bigint(20) NOT NULL COMMENT '父id',
  `r_auth_id` bigint(20) NOT NULL COMMENT '根id',
  `full_path` varchar(255) NOT NULL COMMENT '完整路径',
  `auth_url` varchar(255) NOT NULL COMMENT '过滤路径',
  `data_auth_code` varchar(64) NOT NULL COMMENT '数据权限代码',
  `auth_index` int(16) NOT NULL COMMENT '顺序',
  `auth_depth` int(16) NOT NULL COMMENT '深度',
  `is_show` tinyint(4) NOT NULL COMMENT '是否展示',
  `is_editable` tinyint(4) NOT NULL COMMENT '是否可编辑',
  `is_del` tinyint(4) NOT NULL COMMENT '是否删除',
  `c_time` datetime(3) NOT NULL DEFAULT CURRENT_TIMESTAMP(3) COMMENT '创建时间',
  `u_time` datetime(3) NOT NULL DEFAULT CURRENT_TIMESTAMP(3) ON UPDATE CURRENT_TIMESTAMP(3) COMMENT '更新时间',
  PRIMARY KEY (`auth_id`) USING BTREE
) ENGINE=InnoDB AUTO_INCREMENT=1048 DEFAULT CHARSET=utf8 ROW_FORMAT=DYNAMIC COMMENT='权限表';
/*!40101 SET character_set_client = @saved_cs_client */;

--
-- Dumping data for table `sys_auth`
--

LOCK TABLES `sys_auth` WRITE;
/*!40000 ALTER TABLE `sys_auth` DISABLE KEYS */;
INSERT INTO `sys_auth` VALUES (1001,'项目管理','Project',1,0,1001,'1001','','own',1,0,1,1,0,'2022-07-19 08:06:08.838','2022-07-19 08:06:08.840'),(1002,'项目列表','ProjectList',2,1001,1001,'1001,1002','/project/getProjectList','own',1,1,1,1,0,'2022-07-19 08:06:08.841','2022-07-19 08:06:08.842'),(1003,'项目详情','ProjectDetail',3,1001,1001,'1001,1003','/project/getProjectDetails','own',2,1,1,1,0,'2022-07-19 08:06:08.843','2022-07-19 08:06:08.845'),(1004,'新建项目','ProjectCreate',3,1002,1001,'1001,1002,1004','/project/saveOrUpdateProject','own',1,2,1,1,0,'2022-07-19 08:06:08.846','2022-07-19 08:06:08.847'),(1005,'关闭项目','ProjectDelete',3,1002,1001,'1001,1002,1005','/project/closeProject','own',2,2,1,1,0,'2022-07-19 08:06:08.848','2022-07-19 08:06:08.849'),(1006,'模型列表','ModelList',2,1003,1001,'1001,1003,1006','/model/getmodellist','own',1,2,1,1,0,'2022-07-19 08:06:08.849','2022-07-19 08:06:08.850'),(1007,'模型详情','ModelDetail',3,1006,1001,'1001,1003,1006,1007','/model/getdatamodel','own',1,3,1,1,0,'2022-07-19 08:06:08.851','2022-07-19 08:06:08.852'),(1008,'模型查看','ModelView',3,1006,1001,'1001,1003,1006,1008','/model/getdatamodel','own',2,3,1,1,0,'2022-07-19 08:06:08.853','2022-07-19 08:06:08.854'),(1009,'添加模型','ModelCreate',3,1006,1001,'1001,1003,1006,1009','/model/saveModelAndComponent','own',3,3,1,1,0,'2022-07-19 08:06:08.855','2022-07-19 08:06:08.856'),(1010,'模型编辑','ModelEdit',3,1006,1001,'1001,1003,1006,1010','/model/saveModelAndComponent','own',4,3,1,1,0,'2022-07-19 08:06:08.857','2022-07-19 08:06:08.858'),(1011,'执行记录列表','ModelTaskHistory',3,1006,1001,'1001,1003,1006,1011','/task/saveModelAndComponent','own',5,3,1,1,0,'2022-07-19 08:06:08.858','2022-07-19 08:06:08.859'),(1012,'模型运行','ModelRun',3,1006,1001,'1001,1003,1006,1012','/model/runTaskModel','own',6,3,1,1,0,'2022-07-19 08:06:08.860','2022-07-19 08:06:08.861'),(1013,'下载结果','ModelResultDownload',3,1006,1001,'1001,1003,1006,1013','/task/downloadTaskFile','own',7,3,1,1,0,'2022-07-19 08:06:08.862','2022-07-19 08:06:08.863'),(1014,'匿踪查询','PrivateSearch',1,0,1014,'1014','/fusionResource/getResourceList','own',2,0,1,1,0,'2022-07-19 08:06:08.864','2022-07-19 08:06:08.865'),(1015,'匿踪查询按钮','PrivateSearchButton',3,1014,1014,'1014,1015','/pir/pirSubmitTask','own',1,1,1,1,0,'2022-07-19 08:06:08.866','2022-07-19 08:06:08.866'),(1016,'匿踪查询列表','PrivateSearchList',2,1014,1014,'1014,1016','/pir/downloadPirTask','own',2,1,1,1,0,'2022-07-19 08:06:08.867','2022-07-19 08:06:08.868'),(1017,'隐私求交','PSI',1,0,1017,'1017','','own',3,0,1,1,0,'2022-07-19 08:06:08.869','2022-07-19 08:06:08.870'),(1018,'求交任务','PSITask',2,1017,1017,'1017,1018','/psi/getPsiResourceAllocationList','own',1,1,1,1,0,'2022-07-19 08:06:08.871','2022-07-19 08:06:08.872'),(1019,'求交结果','PSIResult',2,1017,1017,'1017,1019','/psi/getPsiTaskList','own',2,1,1,1,0,'2022-07-19 08:06:08.873','2022-07-19 08:06:08.874'),(1020,'资源管理','ResourceMenu',1,0,1020,'1020','','own',4,0,1,1,0,'2022-07-19 08:06:08.875','2022-07-19 08:06:08.876'),(1021,'资源概览','ResourceList',2,1020,1020,'1020,1021','/resource/getdataresourcelist','own',1,1,1,1,0,'2022-07-19 08:06:08.877','2022-07-19 08:06:08.878'),(1022,'资源详情','ResourceDetail',3,1020,1020,'1020,1022','/resource/getdataresource','own',2,1,1,1,0,'2022-07-19 08:06:08.878','2022-07-19 08:06:08.879'),(1023,'上传资源','ResourceUpload',3,1020,1020,'1020,1023','/resource/saveorupdateresource','own',3,1,1,1,0,'2022-07-19 08:06:08.880','2022-07-19 08:06:08.881'),(1024,'编辑资源','ResourceEdit',3,1020,1020,'1020,1024','/resource/saveorupdateresource','own',4,1,1,1,0,'2022-07-19 08:06:08.893','2022-07-19 08:06:08.894'),(1025,'联邦资源','UnionList',2,1020,1020,'1020,1025','/fusionResource/getResourceList','own',5,1,1,1,0,'2022-07-19 08:06:08.895','2022-07-19 08:06:08.896'),(1026,'联邦资源详情','UnionResourceDetail',3,1025,1020,'1020,1025,1026','/fusionResource/getDataResource','own',1,2,1,1,0,'2022-07-19 08:06:08.897','2022-07-19 08:06:08.897'),(1027,'系统设置','Setting',1,0,1027,'1027','','own',5,0,1,0,0,'2022-07-19 08:06:08.898','2022-07-19 08:06:08.899'),(1028,'用户管理','UserManage',2,1027,1027,'1027,1028','/user/findUserPage','own',1,1,1,0,0,'2022-07-19 08:06:08.900','2022-07-19 08:06:08.901'),(1029,'用户新增','UserAdd',3,1028,1027,'1027,1028,1029','/user/saveOrUpdateUser','own',1,2,1,0,0,'2022-07-19 08:06:08.902','2022-07-19 08:06:08.903'),(1030,'用户编辑','UserEdit',3,1028,1027,'1027,1028,1030','/user/saveOrUpdateUser','own',2,2,1,0,0,'2022-07-19 08:06:08.904','2022-07-19 08:06:08.905'),(1031,'用户删除','UserDelete',3,1028,1027,'1027,1028,1031','/user/deleteSysUser','own',3,2,1,0,0,'2022-07-19 08:06:08.906','2022-07-19 08:06:08.907'),(1032,'密码重置','UserPasswordReset',3,1028,1027,'1027,1028,1032','/user/initPassword','own',4,2,1,0,0,'2022-07-19 08:06:08.908','2022-07-19 08:06:08.909'),(1033,'角色管理','RoleManage',2,1027,1027,'1027,1033','/role/findRolePage','own',2,1,1,0,0,'2022-07-19 08:06:08.910','2022-07-19 08:06:08.911'),(1034,'角色新增','RoleAdd',3,1033,1027,'1027,1033,1034','/role/saveOrUpdateRole','own',1,2,1,0,0,'2022-07-19 08:06:08.912','2022-07-19 08:06:08.913'),(1035,'角色编辑','RoleEdit',3,1033,1027,'1027,1033,1035','/role/saveOrUpdateRole','own',2,2,1,0,0,'2022-07-19 08:06:08.914','2022-07-19 08:06:08.914'),(1036,'角色删除','RoleDelete',3,1033,1027,'1027,1033,1036','/role/deleteSysRole','own',3,2,1,0,0,'2022-07-19 08:06:08.915','2022-07-19 08:06:08.916'),(1037,'菜单管理','MenuManage',2,1027,1027,'1027,1037','/auth/getAuthTree','own',3,1,1,0,0,'2022-07-19 08:06:08.917','2022-07-19 08:06:08.918'),(1038,'菜单新增','MenuAdd',3,1037,1027,'1027,1037,1038','/auth/createAuthNode','own',1,2,1,0,0,'2022-07-19 08:06:08.919','2022-07-19 08:06:08.920'),(1039,'菜单编辑','MenuEdit',3,1037,1027,'1027,1037,1039','/auth/alterAuthNodeStatus','own',2,2,1,0,0,'2022-07-19 08:06:08.921','2022-07-19 08:06:08.922'),(1040,'菜单编辑','MenuDelete',3,1037,1027,'1027,1037,1040','/auth/deleteAuthNode','own',3,2,1,0,0,'2022-07-19 08:06:08.923','2022-07-19 08:06:08.924'),(1041,'中心管理','CenterManage',2,1027,1027,'1027,1041','','own',4,1,1,0,0,'2022-07-19 08:06:08.925','2022-07-19 08:06:08.926'),(1042,'编辑机构信息','OrganChange',3,1041,1027,'1027,1041,1042','/organ/changeLocalOrganInfo','own',1,2,1,0,0,'2022-07-19 08:06:08.927','2022-07-19 08:06:08.928'),(1043,'添加中心节点','FusionAdd',3,1041,1027,'1027,1041,1043','/fusion/registerConnection','own',2,2,1,0,0,'2022-07-19 08:06:08.928','2022-07-19 08:06:08.929'),(1044,'删除中心节点','FusionDelete',3,1041,1027,'1027,1041,1044','/fusion/deleteConnection','own',3,2,1,0,0,'2022-07-19 08:06:08.930','2022-07-19 08:06:08.931'),(1045,'创建群组','GroupCreate',3,1041,1027,'1027,1041,1045','/fusion/createGroup','own',4,2,1,0,0,'2022-07-19 08:06:08.932','2022-07-19 08:06:08.933'),(1046,'加入群组','GroupJoin',3,1041,1027,'1027,1041,1046','/fusion/joinGroup','own',5,2,1,0,0,'2022-07-19 08:06:08.934','2022-07-19 08:06:08.935'),(1047,'退出群组','GroupExit',3,1041,1027,'1027,1041,1047','/fusion/exitGroup','own',6,2,1,0,0,'2022-07-19 08:06:08.936','2022-07-19 08:06:08.937');
/*!40000 ALTER TABLE `sys_auth` ENABLE KEYS */;
UNLOCK TABLES;

--
-- Table structure for table `sys_file`
--

DROP TABLE IF EXISTS `sys_file`;
/*!40101 SET @saved_cs_client     = @@character_set_client */;
/*!40101 SET character_set_client = utf8 */;
CREATE TABLE `sys_file` (
  `file_id` bigint(20) NOT NULL AUTO_INCREMENT COMMENT '文件id',
  `file_source` int(12) NOT NULL COMMENT '文件来源',
  `file_url` varchar(255) NOT NULL COMMENT '文件地址',
  `file_name` varchar(64) NOT NULL COMMENT '文件名称',
  `file_suffix` varchar(64) NOT NULL COMMENT '文件后缀',
  `file_size` bigint(20) NOT NULL COMMENT '文件实际大小',
  `file_current_size` bigint(20) NOT NULL COMMENT '文件当前大小',
  `file_area` varchar(32) NOT NULL COMMENT '文件区域',
  `is_del` tinyint(4) NOT NULL COMMENT '是否删除',
  `c_time` datetime(3) NOT NULL DEFAULT CURRENT_TIMESTAMP(3) COMMENT '创建时间',
  `u_time` datetime(3) NOT NULL DEFAULT CURRENT_TIMESTAMP(3) ON UPDATE CURRENT_TIMESTAMP(3) COMMENT '更新时间',
  PRIMARY KEY (`file_id`) USING BTREE
) ENGINE=InnoDB AUTO_INCREMENT=1296 DEFAULT CHARSET=utf8 ROW_FORMAT=DYNAMIC COMMENT='文件表';
/*!40101 SET character_set_client = @saved_cs_client */;

--
-- Dumping data for table `sys_file`
--

LOCK TABLES `sys_file` WRITE;
/*!40000 ALTER TABLE `sys_file` DISABLE KEYS */;
INSERT INTO `sys_file` VALUES (1000,1,'d:/data/upload/1/2022042717/f84b38e6-df36-469a-85c2-efd8d17b8a3e.csv','f84b38e6-df36-469a-85c2-efd8d17b8a3e','csv',229787,229787,'local',0,'2022-04-27 17:56:17.296','2022-04-27 17:56:17.296'),(1001,1,'d:/data/upload/1/2022042717/53ce47cd-ee99-4e69-add6-9996bbcc4fbd.csv','53ce47cd-ee99-4e69-add6-9996bbcc4fbd','csv',85434,85434,'local',0,'2022-04-27 17:57:24.508','2022-04-27 17:57:24.508'),(1002,1,'d:/data/upload/1/2022042717/14d6bc06-396c-4744-98c8-3a2d566bb68f.csv','14d6bc06-396c-4744-98c8-3a2d566bb68f','csv',262144,262144,'local',0,'2022-04-27 17:58:40.815','2022-04-27 17:58:40.815'),(1003,1,'d:/data/upload/1/2022042717/c398d891-0ddf-4fb9-bdd6-ccee7f619a77.csv','c398d891-0ddf-4fb9-bdd6-ccee7f619a77','csv',262144,262144,'local',0,'2022-04-27 17:58:40.815','2022-04-27 17:58:40.815'),(1004,1,'d:/data/upload/1/2022042717/fa562a6a-e419-4618-b35e-a94f4e80911e.csv','fa562a6a-e419-4618-b35e-a94f4e80911e','csv',328376,328376,'local',0,'2022-04-27 17:58:40.817','2022-04-27 17:58:40.817'),(1005,1,'d:/data/upload/1/2022042718/5d3aa10b-7feb-49c8-b712-4613f93905c6.csv','5d3aa10b-7feb-49c8-b712-4613f93905c6','csv',174069,174069,'local',0,'2022-04-27 18:00:49.195','2022-04-27 18:00:49.195'),(1006,1,'d:/data/upload/1/2022042718/ea717282-257a-4365-ab80-c132ecbf0307.csv','ea717282-257a-4365-ab80-c132ecbf0307','csv',468965,468965,'local',0,'2022-04-27 18:02:03.222','2022-04-27 18:02:03.222'),(1007,1,'d:/data/upload/1/2022042718/28efe5c0-ec48-491a-8722-47b4fea62746.csv','28efe5c0-ec48-491a-8722-47b4fea62746','csv',155430,155430,'local',0,'2022-04-27 18:04:25.237','2022-04-27 18:04:25.237'),(1008,1,'d:/data/upload/1/2022042718/180da108-6a8b-4487-afaf-0eb82e7fbade.csv','180da108-6a8b-4487-afaf-0eb82e7fbade','csv',468965,468965,'local',0,'2022-04-27 18:04:46.766','2022-04-27 18:04:46.766'),(1009,1,'d:/data/upload/1/2022042718/54afae23-c1dd-4849-a20e-56e959bd36c2.csv','54afae23-c1dd-4849-a20e-56e959bd36c2','csv',71460,71460,'local',0,'2022-04-27 18:05:29.456','2022-04-27 18:05:29.456'),(1010,1,'d:/data/upload/1/2022042718/bba54699-0ed0-4949-ae3a-5f2c9022657d.csv','bba54699-0ed0-4949-ae3a-5f2c9022657d','csv',468965,468965,'local',0,'2022-04-27 18:06:03.216','2022-04-27 18:06:03.216'),(1011,1,'/data/upload/1/2022042808/b81fca61-1f1c-49b1-9c36-b959f1ab0323.csv','b81fca61-1f1c-49b1-9c36-b959f1ab0323','csv',57913,57913,'local',0,'2022-04-28 08:18:23.513','2022-04-28 08:18:23.513'),(1012,1,'/data/upload/1/2022042808/fa52972c-6d88-4091-b579-a6ac184bfd29.csv','fa52972c-6d88-4091-b579-a6ac184bfd29','csv',236003,236003,'local',0,'2022-04-28 08:19:31.682','2022-04-28 08:19:31.682'),(1013,1,'/data/upload/1/2022042808/52ea9c8c-b317-47a1-bd79-aea514307749.csv','52ea9c8c-b317-47a1-bd79-aea514307749','csv',229787,229787,'local',0,'2022-04-28 08:21:07.417','2022-04-28 08:21:07.417'),(1014,1,'/data/upload/1/2022042903/9d1cb524-8714-414b-842b-f5eb8e08e247.csv','9d1cb524-8714-414b-842b-f5eb8e08e247','csv',653,653,'local',0,'2022-04-29 03:21:42.523','2022-04-29 03:21:42.523'),(1015,1,'/data/upload/1/2022042903/f286dd11-9273-4f72-b300-95eb6aeac66e.csv','f286dd11-9273-4f72-b300-95eb6aeac66e','csv',65891,65891,'local',0,'2022-04-29 03:22:28.859','2022-04-29 03:22:28.859'),(1016,1,'/data/upload/1/2022042905/324d1245-f10f-4004-a36e-cb7add235c61.csv','324d1245-f10f-4004-a36e-cb7add235c61','csv',65891,65891,'local',0,'2022-04-29 05:00:58.075','2022-04-29 05:00:58.075'),(1017,1,'/data/upload/1/2022042905/f13ee44a-9248-4ffa-bd7c-f6f0c22789d9.csv','f13ee44a-9248-4ffa-bd7c-f6f0c22789d9','csv',653,653,'local',0,'2022-04-29 05:02:00.859','2022-04-29 05:02:00.859'),(1018,1,'/data/upload/1/2022042905/e7cdb6ce-493c-4fa2-bcfe-78e3bf10e124.csv','e7cdb6ce-493c-4fa2-bcfe-78e3bf10e124','csv',653,653,'local',0,'2022-04-29 05:53:48.207','2022-04-29 05:53:48.207'),(1019,1,'/data/upload/1/2022042905/d9fb2b87-f252-4b87-9307-0c2692c008c3.csv','d9fb2b87-f252-4b87-9307-0c2692c008c3','csv',65891,65891,'local',0,'2022-04-29 05:55:02.252','2022-04-29 05:55:02.252'),(1020,1,'/data/upload/1/2022042906/4e54a130-9145-4580-91b1-4e0e11a016be.csv','4e54a130-9145-4580-91b1-4e0e11a016be','csv',653,653,'local',0,'2022-04-29 06:24:40.283','2022-04-29 06:24:40.283'),(1021,1,'/data/upload/1/2022042906/0b68e063-4aae-4327-9c78-6c6700a3ed45.csv','0b68e063-4aae-4327-9c78-6c6700a3ed45','csv',65891,65891,'local',0,'2022-04-29 06:25:31.900','2022-04-29 06:25:31.900'),(1022,1,'/data/upload/1/2022042908/79274d89-eacc-4f2f-b726-4971668c90ad.csv','79274d89-eacc-4f2f-b726-4971668c90ad','csv',65891,65891,'local',0,'2022-04-29 08:00:53.886','2022-04-29 08:00:53.886'),(1023,1,'/data/upload/1/2022042910/a72bffc9-d36e-461f-8612-e2d54e69c96a.csv','a72bffc9-d36e-461f-8612-e2d54e69c96a','csv',2229,2229,'local',0,'2022-04-29 10:40:01.449','2022-04-29 10:40:01.449'),(1024,1,'/data/upload/1/2022042910/d4e792cc-46d1-4167-8e60-bb7450dbab53.csv','d4e792cc-46d1-4167-8e60-bb7450dbab53','csv',2574,2574,'local',0,'2022-04-29 10:40:18.282','2022-04-29 10:40:18.282'),(1025,1,'/data/upload/1/2022043006/f1d1758d-06d7-4de4-b778-d706f136385f.csv','f1d1758d-06d7-4de4-b778-d706f136385f','csv',653,653,'local',0,'2022-04-30 06:55:29.909','2022-04-30 06:55:29.909'),(1026,1,'/data/upload/1/2022050508/b80f5a61-638f-4421-b4b1-87233ce1dcd7.csv','b80f5a61-638f-4421-b4b1-87233ce1dcd7','csv',46689,46689,'local',0,'2022-05-05 08:10:03.544','2022-05-05 08:10:03.544'),(1027,1,'/data/upload/1/2022050508/8f817f0e-4455-40db-ab14-2a2f164fc383.csv','8f817f0e-4455-40db-ab14-2a2f164fc383','csv',49185,49185,'local',0,'2022-05-05 08:10:41.670','2022-05-05 08:10:41.670'),(1028,1,'/data/upload/1/2022050510/62d86fc6-79d4-4ad9-9d45-6fe7f4744209.csv','62d86fc6-79d4-4ad9-9d45-6fe7f4744209','csv',46689,46689,'local',0,'2022-05-05 10:43:33.496','2022-05-05 10:43:33.496'),(1029,1,'/data/upload/1/2022050510/44777085-1db3-4cf5-8773-2f85f8137c9a.csv','44777085-1db3-4cf5-8773-2f85f8137c9a','csv',46689,46689,'local',0,'2022-05-05 10:49:13.324','2022-05-05 10:49:13.324'),(1030,1,'/data/upload/1/2022050511/b12979b0-a51e-47c4-ad88-ce9b20d3cb8f.csv','b12979b0-a51e-47c4-ad88-ce9b20d3cb8f','csv',46689,46689,'local',0,'2022-05-05 11:06:21.255','2022-05-05 11:06:21.255'),(1031,1,'/data/upload/1/2022050513/6227adea-3d6f-49c6-b492-531b58d6f52e.csv','6227adea-3d6f-49c6-b492-531b58d6f52e','csv',46689,46689,'local',0,'2022-05-05 13:32:10.822','2022-05-05 13:32:10.822'),(1032,1,'/data/upload/1/2022050513/18a2b447-5daf-48c9-82d2-a30ec6d63cdf.csv','18a2b447-5daf-48c9-82d2-a30ec6d63cdf','csv',653,653,'local',0,'2022-05-05 13:54:40.847','2022-05-05 13:54:40.847'),(1033,1,'/data/upload/1/2022050513/dbb8d697-f233-4738-b22b-7b5e028a9863.csv','dbb8d697-f233-4738-b22b-7b5e028a9863','csv',65891,65891,'local',0,'2022-05-05 13:55:32.620','2022-05-05 13:55:32.620'),(1034,1,'/data/upload/1/2022050602/fc5f7f5b-1e35-44c0-929d-6990267f6487.csv','fc5f7f5b-1e35-44c0-929d-6990267f6487','csv',653,653,'local',0,'2022-05-06 02:50:21.766','2022-05-06 02:50:21.766'),(1035,1,'/data/upload/1/2022050602/6b5ba4c8-1d79-49f5-be08-06d03d1fea2a.csv','6b5ba4c8-1d79-49f5-be08-06d03d1fea2a','csv',65891,65891,'local',0,'2022-05-06 02:54:40.187','2022-05-06 02:54:40.187'),(1036,1,'/data/upload/1/2022050602/7bf6a712-d358-49f2-af93-320aff39fdda.csv','7bf6a712-d358-49f2-af93-320aff39fdda','csv',46689,46689,'local',0,'2022-05-06 02:55:44.917','2022-05-06 02:55:44.917'),(1037,1,'/data/upload/1/2022050602/8f46ff02-ee02-4833-8aa3-f2390cdc6d55.csv','8f46ff02-ee02-4833-8aa3-f2390cdc6d55','csv',49185,49185,'local',0,'2022-05-06 02:57:14.380','2022-05-06 02:57:14.380'),(1038,1,'/data/upload/1/2022050612/e0867474-75df-4e82-bee4-c687e744cb31.csv','e0867474-75df-4e82-bee4-c687e744cb31','csv',91761,91761,'local',0,'2022-05-06 12:27:00.876','2022-05-06 12:27:00.876'),(1039,1,'/data/upload/1/2022050612/9b0bcde7-5bc1-4c67-bf32-f0ee69d6c4b8.csv','9b0bcde7-5bc1-4c67-bf32-f0ee69d6c4b8','csv',65909,65909,'local',0,'2022-05-06 12:36:44.803','2022-05-06 12:36:44.803'),(1040,1,'/data/upload/1/2022050702/58a152ff-f017-4240-a660-09a65bcce5bc.csv','58a152ff-f017-4240-a660-09a65bcce5bc','csv',653,653,'local',0,'2022-05-07 02:16:33.615','2022-05-07 02:16:33.615'),(1041,1,'/data/upload/1/2022050702/42678bc3-da0b-4ab9-97c3-82772a258a16.csv','42678bc3-da0b-4ab9-97c3-82772a258a16','csv',65194,65194,'local',0,'2022-05-07 02:17:36.042','2022-05-07 02:17:36.042'),(1042,1,'/data/upload/1/2022050702/425a4097-c53f-47d2-8dd4-7f97ffc2fc41.csv','425a4097-c53f-47d2-8dd4-7f97ffc2fc41','csv',46689,46689,'local',0,'2022-05-07 02:19:12.273','2022-05-07 02:19:12.273'),(1043,1,'/data/upload/1/2022050702/8d73cf63-6daf-4ff1-990c-24270e842d7d.csv','8d73cf63-6daf-4ff1-990c-24270e842d7d','csv',49185,49185,'local',0,'2022-05-07 02:19:56.918','2022-05-07 02:19:56.918'),(1044,1,'/data/upload/1/2022050708/b62d82b9-2ae2-4b26-a449-e2cd5962c040.csv','b62d82b9-2ae2-4b26-a449-e2cd5962c040','csv',653,653,'local',0,'2022-05-07 08:59:29.427','2022-05-07 08:59:29.427'),(1045,1,'/data/upload/1/2022050708/8345f59f-abef-4b5f-a81f-36f0e7918a84.csv','8345f59f-abef-4b5f-a81f-36f0e7918a84','csv',65194,65194,'local',0,'2022-05-07 08:59:57.255','2022-05-07 08:59:57.255'),(1046,1,'/data/upload/1/2022050709/5918d5eb-0fd8-4c43-97c3-af5af5f4470d.csv','5918d5eb-0fd8-4c43-97c3-af5af5f4470d','csv',8794,8794,'local',0,'2022-05-07 09:20:16.228','2022-05-07 09:20:16.228'),(1047,1,'/data/upload/1/2022050709/ebb44c23-35f4-4f50-8b4c-f3c72c840d4e.csv','ebb44c23-35f4-4f50-8b4c-f3c72c840d4e','csv',8785,8785,'local',0,'2022-05-07 09:20:32.249','2022-05-07 09:20:32.249'),(1048,1,'/data/upload/1/2022050709/03b17ac9-10f7-4685-ae9f-457b211f9fa6.csv','03b17ac9-10f7-4685-ae9f-457b211f9fa6','csv',8800,8800,'local',0,'2022-05-07 09:24:17.392','2022-05-07 09:24:17.392'),(1049,1,'/data/upload/1/2022050709/da611944-b5aa-463c-9b06-408f05f309b6.csv','da611944-b5aa-463c-9b06-408f05f309b6','csv',8780,8780,'local',0,'2022-05-07 09:24:32.597','2022-05-07 09:24:32.597'),(1050,1,'/data/upload/1/2022050709/81e97bc0-865f-443c-94eb-3f9a83cced17.csv','81e97bc0-865f-443c-94eb-3f9a83cced17','csv',264,264,'local',0,'2022-05-07 09:42:12.546','2022-05-07 09:42:12.546'),(1051,1,'/data/upload/1/2022050709/2a09dbe5-109c-4919-af23-911441cae88e.csv','2a09dbe5-109c-4919-af23-911441cae88e','csv',92,92,'local',0,'2022-05-07 09:42:38.452','2022-05-07 09:42:38.452'),(1052,1,'/data/upload/1/2022050806/19fa1211-0aac-4be0-b50c-2ae245ea47c3.csv','19fa1211-0aac-4be0-b50c-2ae245ea47c3','csv',653,653,'local',0,'2022-05-08 06:40:02.544','2022-05-08 06:40:02.544'),(1053,1,'/data/upload/1/2022050806/08cfdf5b-8b48-4dcf-be11-f42268691473.csv','08cfdf5b-8b48-4dcf-be11-f42268691473','csv',46689,46689,'local',0,'2022-05-08 06:40:19.491','2022-05-08 06:40:19.491'),(1054,1,'/data/upload/1/2022050806/9fa1f8ed-316e-41ce-a08e-fc4a359dda8b.csv','9fa1f8ed-316e-41ce-a08e-fc4a359dda8b','csv',65194,65194,'local',0,'2022-05-08 06:40:36.694','2022-05-08 06:40:36.694'),(1055,1,'/data/upload/1/2022050806/3edc9af9-665c-4bbb-a1b7-fa0c6071937b.csv','3edc9af9-665c-4bbb-a1b7-fa0c6071937b','csv',49185,49185,'local',0,'2022-05-08 06:40:57.494','2022-05-08 06:40:57.494'),(1056,1,'/data/upload/1/2022051123/cb715b8f-444e-40fe-bffe-7bd9e0ed41eb.csv','cb715b8f-444e-40fe-bffe-7bd9e0ed41eb','csv',24,24,'local',0,'2022-05-11 23:30:40.398','2022-05-11 23:30:40.398'),(1057,1,'/data/upload/1/2022051123/64a90b61-3830-4af2-a23c-2b9f711e218d.csv','64a90b61-3830-4af2-a23c-2b9f711e218d','csv',24,24,'local',0,'2022-05-11 23:49:17.977','2022-05-11 23:49:17.977'),(1058,1,'/data/upload/1/2022051702/4fe08c73-1c46-478f-a57a-925ab0a3a935.csv','4fe08c73-1c46-478f-a57a-925ab0a3a935','csv',236003,236003,'local',0,'2022-05-17 02:08:08.093','2022-05-17 02:08:08.093'),(1059,1,'/data/upload/1/2022051702/2bc3aaca-837c-4b13-b356-38caf1156e9b.csv','2bc3aaca-837c-4b13-b356-38caf1156e9b','csv',285409,285409,'local',0,'2022-05-17 02:12:20.548','2022-05-17 02:12:20.548'),(1060,1,'/data/upload/1/2022051702/e0f9153d-8415-4f3f-b194-d435ec642207.csv','e0f9153d-8415-4f3f-b194-d435ec642207','csv',174069,174069,'local',0,'2022-05-17 02:40:06.866','2022-05-17 02:40:06.866'),(1061,1,'/data/upload/1/2022051709/318f5949-6208-4757-9f2f-ad12fac61e30.csv','318f5949-6208-4757-9f2f-ad12fac61e30','csv',468965,468965,'local',0,'2022-05-17 09:56:30.021','2022-05-17 09:56:30.021'),(1062,1,'/data/upload/1/2022051709/c189f751-9b00-4764-a2cf-5b1832b50cb4.csv','c189f751-9b00-4764-a2cf-5b1832b50cb4','csv',468965,468965,'local',0,'2022-05-17 09:57:14.137','2022-05-17 09:57:14.137'),(1063,1,'/data/upload/1/2022051710/9d665b48-e367-401c-90a9-1ff99ec512a9.csv','9d665b48-e367-401c-90a9-1ff99ec512a9','csv',468965,468965,'local',0,'2022-05-17 10:24:12.835','2022-05-17 10:24:12.835'),(1064,1,'/data/upload/1/2022052703/1fe62b70-c9ee-4b82-a655-8f36d19f2e5f.csv','1fe62b70-c9ee-4b82-a655-8f36d19f2e5f','csv',48,48,'local',0,'2022-05-27 03:04:47.271','2022-05-27 03:04:47.271'),(1065,1,'/data/upload/1/2022060111/52e840aa-8738-47f5-b1ca-6faeca627159.csv','52e840aa-8738-47f5-b1ca-6faeca627159','csv',468965,468965,'local',0,'2022-06-01 11:06:26.783','2022-06-01 11:06:26.783'),(1066,1,'/data/upload/1/2022060111/a33fa3fb-2e80-4734-92dd-88176c83cfa0.csv','a33fa3fb-2e80-4734-92dd-88176c83cfa0','csv',42,42,'local',0,'2022-06-01 11:14:00.758','2022-06-01 11:14:00.758'),(1067,1,'/data/upload/1/2022060206/bf85275e-c9eb-48f5-ae2b-e9014cbe66f2.csv','bf85275e-c9eb-48f5-ae2b-e9014cbe66f2','csv',232,232,'local',0,'2022-06-02 06:28:11.408','2022-06-02 06:28:11.408'),(1068,1,'/data/upload/1/2022060206/62c47e7c-4aca-4529-a2f9-e3d606e09c23.csv','62c47e7c-4aca-4529-a2f9-e3d606e09c23','csv',345,345,'local',0,'2022-06-02 06:30:17.239','2022-06-02 06:30:17.239'),(1069,1,'/data/upload/1/2022060206/17198e79-a123-4add-bd2a-e911cc20e0a8.csv','17198e79-a123-4add-bd2a-e911cc20e0a8','csv',622,622,'local',0,'2022-06-02 06:38:36.899','2022-06-02 06:38:36.899'),(1070,1,'/data/upload/1/2022060206/4562d022-20ef-448b-ab2c-c14d552adfeb.csv','4562d022-20ef-448b-ab2c-c14d552adfeb','csv',3026,3026,'local',0,'2022-06-02 06:40:52.554','2022-06-02 06:40:52.554'),(1071,1,'/data/upload/1/2022060206/c2abd4a3-9655-405a-8c75-b8adfee21519.csv','c2abd4a3-9655-405a-8c75-b8adfee21519','csv',53,53,'local',0,'2022-06-02 06:43:06.361','2022-06-02 06:43:06.361'),(1072,1,'/data/upload/1/2022060206/75d281cb-f861-431f-9b99-e844c0f42ec8.csv','75d281cb-f861-431f-9b99-e844c0f42ec8','csv',231,231,'local',0,'2022-06-02 06:44:36.631','2022-06-02 06:44:36.631'),(1073,1,'/data/upload/1/2022060206/2ff30ffe-d9f1-412e-9d7b-f2eb899add39.csv','2ff30ffe-d9f1-412e-9d7b-f2eb899add39','csv',231,231,'local',0,'2022-06-02 06:51:29.367','2022-06-02 06:51:29.367'),(1074,1,'/data/upload/1/2022060207/db1e2962-50b7-4d1e-b097-6d72721c42fc.csv','db1e2962-50b7-4d1e-b097-6d72721c42fc','csv',42,42,'local',0,'2022-06-02 07:06:04.984','2022-06-02 07:06:04.984'),(1075,1,'/data/upload/1/2022060207/cd150379-4e2d-4ab4-8a32-94ace94dfbf5.csv','cd150379-4e2d-4ab4-8a32-94ace94dfbf5','csv',468965,468965,'local',0,'2022-06-02 07:07:28.178','2022-06-02 07:07:28.178'),(1076,1,'/data/upload/1/2022060207/7033bef4-cdfb-4240-a0c4-d77d0a85f1c5.csv','7033bef4-cdfb-4240-a0c4-d77d0a85f1c5','csv',468965,468965,'local',0,'2022-06-02 07:15:54.530','2022-06-02 07:15:54.530'),(1077,1,'/data/upload/1/2022060207/44a241f1-c2b5-4db6-8228-2345e00fe1e6.csv','44a241f1-c2b5-4db6-8228-2345e00fe1e6','csv',7681,7681,'local',0,'2022-06-02 07:24:32.520','2022-06-02 07:24:32.520'),(1078,1,'/data/upload/1/2022060207/478b55c8-2db8-4cbf-aa2a-6410582b917b.csv','478b55c8-2db8-4cbf-aa2a-6410582b917b','csv',24,24,'local',0,'2022-06-02 07:24:54.189','2022-06-02 07:24:54.189'),(1079,1,'/data/upload/1/2022060208/1ca59d09-ac08-4551-b322-f5f7793fa177.csv','1ca59d09-ac08-4551-b322-f5f7793fa177','csv',7681,7681,'local',0,'2022-06-02 08:08:14.676','2022-06-02 08:08:14.676'),(1080,1,'/data/upload/1/2022060208/e2f745d4-272c-42e3-8e66-b0b7b73a2fa2.csv','e2f745d4-272c-42e3-8e66-b0b7b73a2fa2','csv',174069,174069,'local',0,'2022-06-02 08:08:28.083','2022-06-02 08:08:28.083'),(1081,1,'/data/upload/1/2022060208/fbf86ade-b927-4b0d-9611-b0c5e923d9cb.csv','fbf86ade-b927-4b0d-9611-b0c5e923d9cb','csv',174069,174069,'local',0,'2022-06-02 08:10:30.639','2022-06-02 08:10:30.639'),(1082,1,'/data/upload/1/2022060208/2fb9661e-c2d9-45cd-a2f3-3fd5db0dff28.csv','2fb9661e-c2d9-45cd-a2f3-3fd5db0dff28','csv',174069,174069,'local',0,'2022-06-02 08:13:00.534','2022-06-02 08:13:00.534'),(1083,1,'/data/upload/1/2022060208/d618623f-37cd-4298-8a7b-3f8033e7e4d2.csv','d618623f-37cd-4298-8a7b-3f8033e7e4d2','csv',42,42,'local',0,'2022-06-02 08:45:33.980','2022-06-02 08:45:33.980'),(1084,1,'/data/upload/1/2022060208/4723fdd2-80bf-4fca-bf47-b135f127f67a.csv','4723fdd2-80bf-4fca-bf47-b135f127f67a','csv',468965,468965,'local',0,'2022-06-02 08:46:45.645','2022-06-02 08:46:45.645'),(1085,1,'/data/upload/1/2022060208/81daa4a1-c581-448a-900f-44b85e11e1e6.csv','81daa4a1-c581-448a-900f-44b85e11e1e6','csv',468965,468965,'local',0,'2022-06-02 08:50:59.456','2022-06-02 08:50:59.456'),(1086,1,'/data/upload/1/2022060209/c5b692a8-8076-4578-9aa8-387393001d8c.csv','c5b692a8-8076-4578-9aa8-387393001d8c','csv',468965,468965,'local',0,'2022-06-02 09:45:07.788','2022-06-02 09:45:07.788'),(1087,1,'/data/upload/1/2022060211/c70ef9e4-75d7-4ee7-933f-72064e3bf79d.csv','c70ef9e4-75d7-4ee7-933f-72064e3bf79d','csv',7,7,'local',0,'2022-06-02 11:42:03.543','2022-06-02 11:42:03.543'),(1088,1,'/data/upload/1/2022060211/5e8eef68-f394-4c30-b6fe-5ce021e6459d.csv','5e8eef68-f394-4c30-b6fe-5ce021e6459d','csv',468965,468965,'local',0,'2022-06-02 11:43:32.280','2022-06-02 11:43:32.280'),(1089,1,'/data/upload/1/2022060212/dbc78ab4-67e5-4235-b6e4-67254e778f32.csv','dbc78ab4-67e5-4235-b6e4-67254e778f32','csv',7681,7681,'local',0,'2022-06-02 12:13:15.335','2022-06-02 12:13:15.335'),(1090,1,'/data/upload/1/2022060212/bf7ab78d-5c5f-4adf-a5a5-58a824a2f6d3.csv','bf7ab78d-5c5f-4adf-a5a5-58a824a2f6d3','csv',24,24,'local',0,'2022-06-02 12:13:35.930','2022-06-02 12:13:35.930'),(1091,1,'/data/upload/1/2022060602/1db9004d-1381-40a5-89ae-e227c48bc198.csv','1db9004d-1381-40a5-89ae-e227c48bc198','csv',468965,468965,'local',0,'2022-06-06 02:50:57.256','2022-06-06 02:50:57.256'),(1092,1,'/data/upload/1/2022060603/68810a86-c998-4e88-8380-9d3f3df70706.csv','68810a86-c998-4e88-8380-9d3f3df70706','csv',7681,7681,'local',0,'2022-06-06 03:25:29.081','2022-06-06 03:25:29.081'),(1093,1,'/data/upload/1/2022060603/5f455365-f7b6-44d8-944b-ac8ed84da60d.csv','5f455365-f7b6-44d8-944b-ac8ed84da60d','csv',7681,7681,'local',0,'2022-06-06 03:25:45.120','2022-06-06 03:25:45.120'),(1094,1,'/data/upload/1/2022060603/7da458fa-8c14-434b-8c67-712f8967429a.csv','7da458fa-8c14-434b-8c67-712f8967429a','csv',468965,468965,'local',0,'2022-06-06 03:27:13.809','2022-06-06 03:27:13.809'),(1095,1,'/data/upload/1/2022060603/11e83c91-778f-464e-aa53-ff249315c186.csv','11e83c91-778f-464e-aa53-ff249315c186','csv',468965,468965,'local',0,'2022-06-06 03:28:14.557','2022-06-06 03:28:14.557'),(1096,1,'/data/upload/1/2022060603/c8dbb780-8fa8-4569-8d94-951aab76aaec.csv','c8dbb780-8fa8-4569-8d94-951aab76aaec','csv',42,42,'local',0,'2022-06-06 03:31:14.308','2022-06-06 03:31:14.308'),(1097,1,'/data/upload/1/2022060603/81cb1023-ae88-47c7-93e9-d3f2b1b5229d.csv','81cb1023-ae88-47c7-93e9-d3f2b1b5229d','csv',7681,7681,'local',0,'2022-06-06 03:33:42.220','2022-06-06 03:33:42.220'),(1098,1,'/data/upload/1/2022060603/d58f7316-2aed-49f8-8a96-96552d7363e4.csv','d58f7316-2aed-49f8-8a96-96552d7363e4','csv',7681,7681,'local',0,'2022-06-06 03:33:56.355','2022-06-06 03:33:56.355'),(1099,1,'/data/upload/1/2022060603/ba646e86-c25d-4d86-8fac-90de2c7c1e0f.csv','ba646e86-c25d-4d86-8fac-90de2c7c1e0f','csv',468965,468965,'local',0,'2022-06-06 03:34:05.574','2022-06-06 03:34:05.574'),(1100,1,'/data/upload/1/2022060603/09b1d9e2-ebcf-4f1e-9327-8943e6adf14c.csv','09b1d9e2-ebcf-4f1e-9327-8943e6adf14c','csv',468965,468965,'local',0,'2022-06-06 03:49:15.489','2022-06-06 03:49:15.489'),(1101,1,'/data/upload/1/2022060603/52dd8b8c-327e-4bf7-9def-6d6030912025.csv','52dd8b8c-327e-4bf7-9def-6d6030912025','csv',468965,468965,'local',0,'2022-06-06 03:53:45.095','2022-06-06 03:53:45.095'),(1102,1,'/data/upload/1/2022060603/d92bea18-6ee6-48d5-9612-8dd7932a2bb0.csv','d92bea18-6ee6-48d5-9612-8dd7932a2bb0','csv',468965,468965,'local',0,'2022-06-06 03:57:13.220','2022-06-06 03:57:13.220'),(1103,1,'/data/upload/1/2022060606/bcc845a2-6db6-4df8-8817-3ce9dfd78606.csv','bcc845a2-6db6-4df8-8817-3ce9dfd78606','csv',468965,468965,'local',0,'2022-06-06 06:29:00.803','2022-06-06 06:29:00.803'),(1104,1,'/data/upload/1/2022060606/023349b6-62d9-4715-a31a-21f6c65d1d6d.csv','023349b6-62d9-4715-a31a-21f6c65d1d6d','csv',468965,468965,'local',0,'2022-06-06 06:43:08.332','2022-06-06 06:43:08.332'),(1105,1,'/data/upload/1/2022060611/368d8a14-fc08-46fa-85aa-5fff6655ed48.csv','368d8a14-fc08-46fa-85aa-5fff6655ed48','csv',262144,262144,'local',0,'2022-06-06 11:17:32.022','2022-06-06 11:17:32.022'),(1106,1,'/data/upload/1/2022060611/1a837e10-1230-40e4-b84e-b3bea4c4faca.csv','1a837e10-1230-40e4-b84e-b3bea4c4faca','csv',262144,262144,'local',0,'2022-06-06 11:17:32.024','2022-06-06 11:17:32.024'),(1107,1,'/data/upload/1/2022060611/90b37847-e7e1-45dc-b42b-7b72faf4ad26.csv','90b37847-e7e1-45dc-b42b-7b72faf4ad26','csv',493338,493338,'local',0,'2022-06-06 11:17:32.184','2022-06-06 11:17:32.184'),(1108,1,'/data/upload/1/2022061305/ff67c5c3-016a-4e01-8469-295809b02964.csv','ff67c5c3-016a-4e01-8469-295809b02964','csv',468965,468965,'local',0,'2022-06-13 05:05:35.500','2022-06-13 05:05:35.500'),(1109,1,'/data/upload/1/2022061308/eca86adc-c6ff-4a05-a7f3-3757b4421f59.csv','eca86adc-c6ff-4a05-a7f3-3757b4421f59','csv',174069,174069,'local',0,'2022-06-13 08:34:12.555','2022-06-13 08:34:12.555'),(1110,1,'/data/upload/1/2022061308/8ab1412a-0822-47de-9c37-1ff160ee9e94.csv','8ab1412a-0822-47de-9c37-1ff160ee9e94','csv',262144,262144,'local',0,'2022-06-13 08:36:14.130','2022-06-13 08:36:14.130'),(1111,1,'/data/upload/1/2022061308/ecf44770-f15e-4131-996a-a0658b73cb57.csv','ecf44770-f15e-4131-996a-a0658b73cb57','csv',262144,262144,'local',0,'2022-06-13 08:36:14.132','2022-06-13 08:36:14.132'),(1112,1,'/data/upload/1/2022061308/77482ad6-b0cf-4903-b73a-cb416225a45a.csv','77482ad6-b0cf-4903-b73a-cb416225a45a','csv',493338,493338,'local',0,'2022-06-13 08:36:14.238','2022-06-13 08:36:14.238'),(1113,1,'/data/upload/1/2022061308/73959533-36cd-4e6b-b1f8-2b777810c1b1.csv','73959533-36cd-4e6b-b1f8-2b777810c1b1','csv',198180,198180,'local',0,'2022-06-13 08:39:27.135','2022-06-13 08:39:27.135'),(1114,1,'/data/upload/1/2022061308/160e3b3f-05d1-4cb2-b164-a933fe0726a7.csv','160e3b3f-05d1-4cb2-b164-a933fe0726a7','csv',198180,198180,'local',0,'2022-06-13 08:53:06.524','2022-06-13 08:53:06.524'),(1115,1,'/data/upload/1/2022061308/47cff17f-eb5f-46d5-be4a-4bcc77344378.csv','47cff17f-eb5f-46d5-be4a-4bcc77344378','csv',198180,198180,'local',0,'2022-06-13 08:57:05.379','2022-06-13 08:57:05.379'),(1116,1,'/data/upload/1/2022061309/0c7d1ef4-113e-4da8-8301-8f46e8851d95.csv','0c7d1ef4-113e-4da8-8301-8f46e8851d95','csv',198180,198180,'local',0,'2022-06-13 09:06:18.831','2022-06-13 09:06:18.831'),(1117,1,'/data/upload/1/2022061309/38f639df-a4a8-4eea-b9cd-082ef97e88e9.csv','38f639df-a4a8-4eea-b9cd-082ef97e88e9','csv',198180,198180,'local',0,'2022-06-13 09:11:40.551','2022-06-13 09:11:40.551'),(1118,1,'/data/upload/1/2022061309/5aa1f513-fe49-4710-b055-a4903b142c16.csv','5aa1f513-fe49-4710-b055-a4903b142c16','csv',198180,198180,'local',0,'2022-06-13 09:31:01.053','2022-06-13 09:31:01.053'),(1119,1,'/data/upload/1/2022061309/4843b321-8849-4743-8132-a51e56a0fa05.csv','4843b321-8849-4743-8132-a51e56a0fa05','csv',198180,198180,'local',0,'2022-06-13 09:33:17.752','2022-06-13 09:33:17.752'),(1120,1,'/data/upload/1/2022061402/4e2308e9-bce8-4e64-9a00-224dfc2cfad3.csv','4e2308e9-bce8-4e64-9a00-224dfc2cfad3','csv',198180,198180,'local',0,'2022-06-14 02:43:47.951','2022-06-14 02:43:47.951'),(1121,1,'/data/upload/1/2022061407/55c06a0e-a74d-4f0b-9d81-b6bc57ff4e99.csv','55c06a0e-a74d-4f0b-9d81-b6bc57ff4e99','csv',198180,198180,'local',0,'2022-06-14 07:28:35.503','2022-06-14 07:28:35.503'),(1122,1,'/data/upload/1/2022061409/8a71bbc1-fb73-48f8-a663-23dacacd14d4.csv','8a71bbc1-fb73-48f8-a663-23dacacd14d4','csv',232,232,'local',0,'2022-06-14 09:51:12.754','2022-06-14 09:51:12.754'),(1123,1,'/data/upload/1/2022061411/6c710b38-e439-4275-99f1-27211654a579.csv','6c710b38-e439-4275-99f1-27211654a579','csv',198180,198180,'local',0,'2022-06-14 11:07:16.226','2022-06-14 11:07:16.226'),(1124,1,'/data/upload/1/2022061413/347fdc7f-9b50-49d5-a41d-ca6c629fe775.csv','347fdc7f-9b50-49d5-a41d-ca6c629fe775','csv',198180,198180,'local',0,'2022-06-14 13:55:02.413','2022-06-14 13:55:02.413'),(1125,1,'/data/upload/1/2022061506/1abe377b-4724-47af-94cb-c0b53ca6c378.csv','1abe377b-4724-47af-94cb-c0b53ca6c378','csv',232,232,'local',0,'2022-06-15 06:24:11.677','2022-06-15 06:24:11.677'),(1126,1,'/data/upload/1/2022061507/9c0a426b-a318-46a9-b4b6-fb9c3a8fd38b.csv','9c0a426b-a318-46a9-b4b6-fb9c3a8fd38b','csv',198180,198180,'local',0,'2022-06-15 07:36:46.502','2022-06-15 07:36:46.502'),(1127,1,'/data/upload/1/2022061508/183178cd-8a9e-4b75-b850-58868df5db58.csv','183178cd-8a9e-4b75-b850-58868df5db58','csv',198180,198180,'local',0,'2022-06-15 08:12:24.506','2022-06-15 08:12:24.506'),(1128,1,'/data/upload/1/2022061508/c40d0937-181a-4b15-b47b-1555160c558d.csv','c40d0937-181a-4b15-b47b-1555160c558d','csv',198180,198180,'local',0,'2022-06-15 08:13:33.359','2022-06-15 08:13:33.359'),(1129,1,'/data/upload/1/2022061509/10ae2234-dede-47fc-9810-f99ed32bceda.csv','10ae2234-dede-47fc-9810-f99ed32bceda','csv',19889,19889,'local',0,'2022-06-15 09:49:25.339','2022-06-15 09:49:25.339'),(1130,1,'/data/upload/1/2022061509/086b060c-2a3d-4648-b8b2-b60363dd2bbd.csv','086b060c-2a3d-4648-b8b2-b60363dd2bbd','csv',19889,19889,'local',0,'2022-06-15 09:49:45.566','2022-06-15 09:49:45.566'),(1131,1,'/data/upload/1/2022061510/70cd0e92-a8b2-4dc6-8716-80f18bbf8422.csv','70cd0e92-a8b2-4dc6-8716-80f18bbf8422','csv',232,232,'local',0,'2022-06-15 10:42:09.134','2022-06-15 10:42:09.134'),(1132,1,'/data/upload/1/2022061513/11aba79d-f0b7-4ec0-8bb0-d6b6d96964df.csv','11aba79d-f0b7-4ec0-8bb0-d6b6d96964df','csv',53,53,'local',0,'2022-06-15 13:24:42.768','2022-06-15 13:24:42.768'),(1133,1,'/data/upload/1/2022061604/33f87f26-53e4-427d-83f1-7e4b5f7e4d75.csv','33f87f26-53e4-427d-83f1-7e4b5f7e4d75','csv',12384,12384,'local',0,'2022-06-16 04:12:21.608','2022-06-16 04:12:21.608'),(1134,1,'/data/upload/1/2022061604/545fbc51-116e-488d-ae13-6dfff46e8961.csv','545fbc51-116e-488d-ae13-6dfff46e8961','csv',3672,3672,'local',0,'2022-06-16 04:13:39.290','2022-06-16 04:13:39.290'),(1135,1,'/data/upload/1/2022061606/2beba02e-a07a-415f-83d9-8a7f320cd142.csv','2beba02e-a07a-415f-83d9-8a7f320cd142','csv',622,622,'local',0,'2022-06-16 06:21:53.224','2022-06-16 06:21:53.224'),(1136,1,'/data/upload/1/2022061606/09c1bde4-f73c-4fba-a7c8-6c1cdda01b82.csv','09c1bde4-f73c-4fba-a7c8-6c1cdda01b82','csv',622,622,'local',0,'2022-06-16 06:22:48.957','2022-06-16 06:22:48.957'),(1137,1,'/data/upload/1/2022061606/5848e100-f382-4823-afc9-5bf283746f88.csv','5848e100-f382-4823-afc9-5bf283746f88','csv',232,232,'local',0,'2022-06-16 06:25:24.174','2022-06-16 06:25:24.174'),(1138,1,'/data/upload/1/2022061606/f5aa3172-e5a9-4a5f-a39e-05334cd5acad.csv','f5aa3172-e5a9-4a5f-a39e-05334cd5acad','csv',7,7,'local',0,'2022-06-16 06:27:04.748','2022-06-16 06:27:04.748'),(1139,1,'/data/upload/1/2022061606/725f7e9b-c9b8-43cc-85de-84ffd999a7fb.csv','725f7e9b-c9b8-43cc-85de-84ffd999a7fb','csv',7,7,'local',0,'2022-06-16 06:29:01.319','2022-06-16 06:29:01.319'),(1140,1,'/data/upload/1/2022061606/7ef6bae2-d748-45d6-a3af-983c9c777411.csv','7ef6bae2-d748-45d6-a3af-983c9c777411','csv',7,7,'local',0,'2022-06-16 06:36:48.472','2022-06-16 06:36:48.472'),(1141,1,'/data/upload/1/2022061606/77b2c5b0-9587-4045-a6e5-873ca2813359.csv','77b2c5b0-9587-4045-a6e5-873ca2813359','csv',264,264,'local',0,'2022-06-16 06:36:57.608','2022-06-16 06:36:57.608'),(1142,1,'/data/upload/1/2022061606/faaf7bab-da03-4fca-9a05-5cfbbf032766.csv','faaf7bab-da03-4fca-9a05-5cfbbf032766','csv',804,804,'local',0,'2022-06-16 06:43:07.648','2022-06-16 06:43:07.648'),(1143,1,'/data/upload/1/2022061606/7e0ffac4-bc48-4394-9117-4e9f134754c9.csv','7e0ffac4-bc48-4394-9117-4e9f134754c9','csv',804,804,'local',0,'2022-06-16 06:43:20.333','2022-06-16 06:43:20.333'),(1144,1,'/data/upload/1/2022061607/02a72e4e-aff8-4f20-b541-fdd4fd85a0a0.csv','02a72e4e-aff8-4f20-b541-fdd4fd85a0a0','csv',50,50,'local',0,'2022-06-16 07:10:13.234','2022-06-16 07:10:13.234'),(1145,1,'/data/upload/1/2022061607/f0e836ac-bbd6-40f0-abcd-a005eaef8146.csv','f0e836ac-bbd6-40f0-abcd-a005eaef8146','csv',121,121,'local',0,'2022-06-16 07:29:34.128','2022-06-16 07:29:34.128'),(1146,1,'/data/upload/1/2022062103/628fe1a1-460b-40b8-b4b3-e0ae84d7ffdf.csv','628fe1a1-460b-40b8-b4b3-e0ae84d7ffdf','csv',271,271,'local',0,'2022-06-21 03:09:31.408','2022-06-21 03:09:31.408'),(1147,1,'/data/upload/1/2022062109/7e1f3461-5fdc-4a74-a6ae-f805d56acbb7.csv','7e1f3461-5fdc-4a74-a6ae-f805d56acbb7','csv',232,232,'local',0,'2022-06-21 09:00:36.524','2022-06-21 09:00:36.524'),(1148,1,'/data/upload/1/2022062111/9cd154e7-4a0e-49c7-97c1-a8f4ca93aefb.csv','9cd154e7-4a0e-49c7-97c1-a8f4ca93aefb','csv',4400,4400,'local',0,'2022-06-21 11:03:19.405','2022-06-21 11:03:19.405'),(1149,1,'/data/upload/1/2022062113/f607353d-76ff-40c7-9f56-89ac559116c4.csv','f607353d-76ff-40c7-9f56-89ac559116c4','csv',231,231,'local',0,'2022-06-21 13:52:12.304','2022-06-21 13:52:12.304'),(1150,1,'/data/upload/1/2022062114/098e8ad9-d89e-45d5-bb21-087101246cb2.csv','098e8ad9-d89e-45d5-bb21-087101246cb2','csv',232,232,'local',0,'2022-06-21 14:04:29.656','2022-06-21 14:04:29.656'),(1151,1,'/data/upload/1/2022062201/2fa67619-8fdf-45cd-9740-7cd52e1a8a92.csv','2fa67619-8fdf-45cd-9740-7cd52e1a8a92','csv',4400,4400,'local',0,'2022-06-22 01:53:30.789','2022-06-22 01:53:30.789'),(1152,1,'/data/upload/1/2022062203/088e91b9-48e4-4c71-baed-1cc7bca7b6df.csv','088e91b9-48e4-4c71-baed-1cc7bca7b6df','csv',379,379,'local',0,'2022-06-22 03:24:43.008','2022-06-22 03:24:43.008'),(1153,1,'/data/upload/1/2022062907/b8578d2b-38db-4544-a5eb-2eb792aaad94.csv','b8578d2b-38db-4544-a5eb-2eb792aaad94','csv',232,232,'local',0,'2022-06-29 07:03:10.673','2022-06-29 07:03:10.673'),(1154,1,'/data/upload/1/2022062907/5fb09c21-6dbf-42ec-93bc-2a8cf8f71cbc.csv','5fb09c21-6dbf-42ec-93bc-2a8cf8f71cbc','csv',4400,4400,'local',0,'2022-06-29 07:24:28.502','2022-06-29 07:24:28.502'),(1155,1,'/data/upload/1/2022062907/581509f3-5c08-497a-bb96-10167609076b.csv','581509f3-5c08-497a-bb96-10167609076b','csv',232,232,'local',0,'2022-06-29 07:29:29.397','2022-06-29 07:29:29.397'),(1156,1,'/data/upload/1/2022062908/f123b3cb-a3a9-4d8d-a75a-c7614ec6b8dd.csv','f123b3cb-a3a9-4d8d-a75a-c7614ec6b8dd','csv',12384,12384,'local',0,'2022-06-29 08:20:08.787','2022-06-29 08:20:08.787'),(1157,1,'/data/upload/1/2022063006/c727e603-ad50-4994-b187-012ee41de03b.csv','c727e603-ad50-4994-b187-012ee41de03b','csv',4400,4400,'local',0,'2022-06-30 06:52:02.322','2022-06-30 06:52:02.322'),(1158,1,'/data/upload/1/2022063006/efded7db-5a26-4bdf-bcc7-9b6b3d9649d5.csv','efded7db-5a26-4bdf-bcc7-9b6b3d9649d5','csv',193,193,'local',0,'2022-06-30 06:53:05.073','2022-06-30 06:53:05.073'),(1159,1,'/data/upload/1/2022063011/793b020b-e663-4606-8423-d00a1d8a6f5f.csv','793b020b-e663-4606-8423-d00a1d8a6f5f','csv',379,379,'local',0,'2022-06-30 11:42:02.545','2022-06-30 11:42:02.545'),(1160,1,'/data/upload/1/2022070401/2cd11b02-ae3d-46af-b17a-c7a2489cdae1.csv','2cd11b02-ae3d-46af-b17a-c7a2489cdae1','csv',708,708,'local',0,'2022-07-04 01:14:32.202','2022-07-04 01:14:32.202'),(1161,1,'/data/upload/1/2022070402/08a182c6-6711-4395-bdb0-5d4aa237f875.csv','08a182c6-6711-4395-bdb0-5d4aa237f875','csv',708,708,'local',0,'2022-07-04 02:04:49.848','2022-07-04 02:04:49.848'),(1162,1,'/data/upload/1/2022070709/0fdcad6a-ee43-46d5-a3ec-673d194bff54.csv','0fdcad6a-ee43-46d5-a3ec-673d194bff54','csv',262144,262144,'local',0,'2022-07-07 09:11:46.089','2022-07-07 09:11:46.089'),(1163,1,'/data/upload/1/2022070709/ebcb5b26-ef4d-47bb-a1c1-d7102d4295ca.csv','ebcb5b26-ef4d-47bb-a1c1-d7102d4295ca','csv',262144,262144,'local',0,'2022-07-07 09:11:46.326','2022-07-07 09:11:46.326'),(1164,1,'/data/upload/1/2022070709/6015b24c-7e8e-4c4c-a6ed-971bef3747f7.csv','6015b24c-7e8e-4c4c-a6ed-971bef3747f7','csv',493338,493338,'local',0,'2022-07-07 09:11:46.883','2022-07-07 09:11:46.883'),(1165,1,'/data/upload/1/2022070709/57435ce0-c7aa-4fcf-b15b-1643d01cf9ec.csv','57435ce0-c7aa-4fcf-b15b-1643d01cf9ec','csv',262144,262144,'local',0,'2022-07-07 09:28:02.859','2022-07-07 09:28:02.859'),(1166,1,'/data/upload/1/2022070709/a451512d-332e-4839-b97e-27b14aedacd3.csv','a451512d-332e-4839-b97e-27b14aedacd3','csv',262144,262144,'local',0,'2022-07-07 09:28:03.140','2022-07-07 09:28:03.140'),(1167,1,'/data/upload/1/2022070709/37cad530-bb9a-4a3d-a49e-e082f66a8588.csv','37cad530-bb9a-4a3d-a49e-e082f66a8588','csv',493338,493338,'local',0,'2022-07-07 09:28:03.314','2022-07-07 09:28:03.314'),(1168,1,'/data/upload/1/2022070709/a9a34bef-d8ec-4199-bfa8-4c479d4cea73.csv','a9a34bef-d8ec-4199-bfa8-4c479d4cea73','csv',262144,262144,'local',0,'2022-07-07 09:29:11.745','2022-07-07 09:29:11.745'),(1169,1,'/data/upload/1/2022070709/969719d1-5637-4730-876e-24394332cc4c.csv','969719d1-5637-4730-876e-24394332cc4c','csv',262144,262144,'local',0,'2022-07-07 09:29:11.839','2022-07-07 09:29:11.839'),(1170,1,'/data/upload/1/2022070709/f9fe1eff-f07f-4f54-a7b1-c3e7b2251a9e.csv','f9fe1eff-f07f-4f54-a7b1-c3e7b2251a9e','csv',493338,493338,'local',0,'2022-07-07 09:29:12.048','2022-07-07 09:29:12.048'),(1171,1,'/data/upload/1/2022070709/8bcca956-2921-497c-a2dc-ce3fe29ac5de.csv','8bcca956-2921-497c-a2dc-ce3fe29ac5de','csv',262144,262144,'local',0,'2022-07-07 09:29:51.841','2022-07-07 09:29:51.841'),(1172,1,'/data/upload/1/2022070709/88dc575e-5b9f-4021-8b71-16f799714e76.csv','88dc575e-5b9f-4021-8b71-16f799714e76','csv',262144,262144,'local',0,'2022-07-07 09:29:51.978','2022-07-07 09:29:51.978'),(1173,1,'/data/upload/1/2022070709/b503e174-48d8-4619-80c3-80b82d8abd55.csv','b503e174-48d8-4619-80c3-80b82d8abd55','csv',493338,493338,'local',0,'2022-07-07 09:29:52.350','2022-07-07 09:29:52.350'),(1174,1,'/data/upload/1/2022070709/810535f7-6026-4dba-9649-fdd228dd918e.csv','810535f7-6026-4dba-9649-fdd228dd918e','csv',262144,262144,'local',0,'2022-07-07 09:34:37.080','2022-07-07 09:34:37.080'),(1175,1,'/data/upload/1/2022070709/9c48e8fe-15d6-4cf1-8fb1-2ae64f4237f1.csv','9c48e8fe-15d6-4cf1-8fb1-2ae64f4237f1','csv',262144,262144,'local',0,'2022-07-07 09:34:37.221','2022-07-07 09:34:37.221'),(1176,1,'/data/upload/1/2022070709/9d77be21-65cb-48ff-81a7-b5ee0443064c.csv','9d77be21-65cb-48ff-81a7-b5ee0443064c','csv',493338,493338,'local',0,'2022-07-07 09:34:37.462','2022-07-07 09:34:37.462'),(1177,1,'/data/upload/1/2022070709/8c6f9c06-f4bd-459e-9768-1efdcae6f214.csv','8c6f9c06-f4bd-459e-9768-1efdcae6f214','csv',262144,262144,'local',0,'2022-07-07 09:38:14.045','2022-07-07 09:38:14.045'),(1178,1,'/data/upload/1/2022070709/5c29a89c-1f97-4e48-943a-1753bca9cd2d.csv','5c29a89c-1f97-4e48-943a-1753bca9cd2d','csv',262144,262144,'local',0,'2022-07-07 09:38:14.332','2022-07-07 09:38:14.332'),(1179,1,'/data/upload/1/2022070709/4b25afb4-9ce3-4bda-a53b-4cfa395965bb.csv','4b25afb4-9ce3-4bda-a53b-4cfa395965bb','csv',493338,493338,'local',0,'2022-07-07 09:38:14.762','2022-07-07 09:38:14.762'),(1180,1,'/data/upload/1/2022070709/0bbcff7a-e846-4d67-a927-f670142e91c1.csv','0bbcff7a-e846-4d67-a927-f670142e91c1','csv',262144,262144,'local',0,'2022-07-07 09:38:31.577','2022-07-07 09:38:31.577'),(1181,1,'/data/upload/1/2022070709/5993190e-96c6-447c-a514-425853478e17.csv','5993190e-96c6-447c-a514-425853478e17','csv',262144,262144,'local',0,'2022-07-07 09:38:31.759','2022-07-07 09:38:31.759'),(1182,1,'/data/upload/1/2022070709/f6f9cd7a-65d3-4f2e-a7c7-7893f3c8fdc6.csv','f6f9cd7a-65d3-4f2e-a7c7-7893f3c8fdc6','csv',493337,493337,'local',0,'2022-07-07 09:38:31.982','2022-07-07 09:38:31.982'),(1183,1,'/data/upload/1/2022070710/344397eb-335b-487d-be43-d029d854950d.csv','344397eb-335b-487d-be43-d029d854950d','csv',262144,262144,'local',0,'2022-07-07 10:00:17.456','2022-07-07 10:00:17.456'),(1184,1,'/data/upload/1/2022070710/6db1a56b-5086-4a40-a4d8-be8153c55b41.csv','6db1a56b-5086-4a40-a4d8-be8153c55b41','csv',262144,262144,'local',0,'2022-07-07 10:00:17.460','2022-07-07 10:00:17.460'),(1185,1,'/data/upload/1/2022070710/05c21851-63ff-4197-aee8-6f13aebac511.csv','05c21851-63ff-4197-aee8-6f13aebac511','csv',493337,493337,'local',0,'2022-07-07 10:00:17.523','2022-07-07 10:00:17.523'),(1186,1,'/data/upload/1/2022070710/6fda52b2-8d1e-4de5-ab2c-88f14e3bc6e9.csv','6fda52b2-8d1e-4de5-ab2c-88f14e3bc6e9','csv',262144,262144,'local',0,'2022-07-07 10:01:43.743','2022-07-07 10:01:43.743'),(1187,1,'/data/upload/1/2022070710/e8d822c2-c4a3-4dc6-a025-651056343fe2.csv','e8d822c2-c4a3-4dc6-a025-651056343fe2','csv',262144,262144,'local',0,'2022-07-07 10:01:43.744','2022-07-07 10:01:43.744'),(1188,1,'/data/upload/1/2022070710/b9860348-90cd-4f82-ab94-936cfc9c7e32.csv','b9860348-90cd-4f82-ab94-936cfc9c7e32','csv',493337,493337,'local',0,'2022-07-07 10:01:44.222','2022-07-07 10:01:44.222'),(1189,1,'/data/upload/1/2022070710/18c1335b-4522-445e-87fc-9b23e5f4294a.csv','18c1335b-4522-445e-87fc-9b23e5f4294a','csv',262144,262144,'local',0,'2022-07-07 10:02:06.305','2022-07-07 10:02:06.305'),(1190,1,'/data/upload/1/2022070710/df7a5967-f879-45c9-bea0-dd7c48fa34c1.csv','df7a5967-f879-45c9-bea0-dd7c48fa34c1','csv',262144,262144,'local',0,'2022-07-07 10:02:06.378','2022-07-07 10:02:06.378'),(1191,1,'/data/upload/1/2022070710/b53f5e60-2b39-4be3-828e-109674c6f35b.csv','b53f5e60-2b39-4be3-828e-109674c6f35b','csv',493337,493337,'local',0,'2022-07-07 10:02:06.707','2022-07-07 10:02:06.707'),(1192,1,'/data/upload/1/2022070710/ac05108c-9e92-40d8-af24-a5cdd5e3041e.csv','ac05108c-9e92-40d8-af24-a5cdd5e3041e','csv',262144,262144,'local',0,'2022-07-07 10:04:10.274','2022-07-07 10:04:10.274'),(1193,1,'/data/upload/1/2022070710/3e68e544-e2c9-4e41-82df-eae2f0d51413.csv','3e68e544-e2c9-4e41-82df-eae2f0d51413','csv',262144,262144,'local',0,'2022-07-07 10:04:10.276','2022-07-07 10:04:10.276'),(1194,1,'/data/upload/1/2022070710/92bb2cab-c2d1-4fe6-a309-b740ceb48f9c.csv','92bb2cab-c2d1-4fe6-a309-b740ceb48f9c','csv',493337,493337,'local',0,'2022-07-07 10:04:10.397','2022-07-07 10:04:10.397'),(1195,1,'/data/upload/1/2022070710/23b2b4bd-d373-4895-aa56-d72a49c3ca70.csv','23b2b4bd-d373-4895-aa56-d72a49c3ca70','csv',262144,262144,'local',0,'2022-07-07 10:05:14.541','2022-07-07 10:05:14.541'),(1196,1,'/data/upload/1/2022070710/b1932628-403a-4cb5-ae37-333ccd11d64e.csv','b1932628-403a-4cb5-ae37-333ccd11d64e','csv',262144,262144,'local',0,'2022-07-07 10:05:14.582','2022-07-07 10:05:14.582'),(1197,1,'/data/upload/1/2022070710/051cd136-0e55-4acc-a4a9-90b9822eca99.csv','051cd136-0e55-4acc-a4a9-90b9822eca99','csv',493337,493337,'local',0,'2022-07-07 10:05:14.730','2022-07-07 10:05:14.730'),(1198,1,'/data/upload/1/2022070710/4c023acf-b3bd-4a7c-b6b4-1233f52f570b.csv','4c023acf-b3bd-4a7c-b6b4-1233f52f570b','csv',262144,262144,'local',0,'2022-07-07 10:06:28.280','2022-07-07 10:06:28.280'),(1199,1,'/data/upload/1/2022070710/f5611c8e-705a-4739-aab3-a5f5e95bae53.csv','f5611c8e-705a-4739-aab3-a5f5e95bae53','csv',262144,262144,'local',0,'2022-07-07 10:06:28.284','2022-07-07 10:06:28.284'),(1200,1,'/data/upload/1/2022070710/441b768c-74cb-4369-a496-f59ae7cf5939.csv','441b768c-74cb-4369-a496-f59ae7cf5939','csv',493337,493337,'local',0,'2022-07-07 10:06:28.623','2022-07-07 10:06:28.623'),(1201,1,'/data/upload/1/2022070710/5d6ae2a9-8b85-475e-86c5-6b6c98f679e6.csv','5d6ae2a9-8b85-475e-86c5-6b6c98f679e6','csv',262144,262144,'local',0,'2022-07-07 10:06:47.277','2022-07-07 10:06:47.277'),(1202,1,'/data/upload/1/2022070710/1b2591e5-1442-4719-ba69-0985b8a9f355.csv','1b2591e5-1442-4719-ba69-0985b8a9f355','csv',262144,262144,'local',0,'2022-07-07 10:06:47.346','2022-07-07 10:06:47.346'),(1203,1,'/data/upload/1/2022070710/eae1f78c-b93d-48e7-8500-762c77cfccef.csv','eae1f78c-b93d-48e7-8500-762c77cfccef','csv',493337,493337,'local',0,'2022-07-07 10:06:47.623','2022-07-07 10:06:47.623'),(1204,1,'/data/upload/1/2022070710/6b8612e3-d2b6-42be-835f-5b4acae4ae03.csv','6b8612e3-d2b6-42be-835f-5b4acae4ae03','csv',262144,262144,'local',0,'2022-07-07 10:07:02.069','2022-07-07 10:07:02.069'),(1205,1,'/data/upload/1/2022070710/12a5bb1c-1f33-40ee-9d71-0278d0182507.csv','12a5bb1c-1f33-40ee-9d71-0278d0182507','csv',262144,262144,'local',0,'2022-07-07 10:07:02.069','2022-07-07 10:07:02.069'),(1206,1,'/data/upload/1/2022070710/82884a0e-89f1-4a4c-b753-902f4fde5d03.csv','82884a0e-89f1-4a4c-b753-902f4fde5d03','csv',493337,493337,'local',0,'2022-07-07 10:07:02.176','2022-07-07 10:07:02.176'),(1207,1,'/data/upload/1/2022070710/173261a0-a966-4e1a-98f6-eff7509e26bc.csv','173261a0-a966-4e1a-98f6-eff7509e26bc','csv',262144,262144,'local',0,'2022-07-07 10:07:23.552','2022-07-07 10:07:23.552'),(1208,1,'/data/upload/1/2022070710/4196c590-a87c-4624-9385-c214761965ee.csv','4196c590-a87c-4624-9385-c214761965ee','csv',262144,262144,'local',0,'2022-07-07 10:07:23.552','2022-07-07 10:07:23.552'),(1209,1,'/data/upload/1/2022070710/6fdee25c-0efe-466c-91d2-e616f8aebf09.csv','6fdee25c-0efe-466c-91d2-e616f8aebf09','csv',493337,493337,'local',0,'2022-07-07 10:07:23.921','2022-07-07 10:07:23.921'),(1210,1,'/data/upload/1/2022070710/61026465-782e-4657-b7e6-6e0e7355225b.csv','61026465-782e-4657-b7e6-6e0e7355225b','csv',262144,262144,'local',0,'2022-07-07 10:24:21.711','2022-07-07 10:24:21.711'),(1211,1,'/data/upload/1/2022070710/62dfdcb9-ddce-4737-b209-b11eed8268f9.csv','62dfdcb9-ddce-4737-b209-b11eed8268f9','csv',262144,262144,'local',0,'2022-07-07 10:24:21.713','2022-07-07 10:24:21.713'),(1212,1,'/data/upload/1/2022070710/67835d0a-3abd-499a-833f-35182f8eb754.csv','67835d0a-3abd-499a-833f-35182f8eb754','csv',493337,493337,'local',0,'2022-07-07 10:24:21.843','2022-07-07 10:24:21.843'),(1213,1,'/data/upload/1/2022070710/80f2e0f4-2e1d-47dd-a3d9-45c7903e93a2.csv','80f2e0f4-2e1d-47dd-a3d9-45c7903e93a2','csv',262144,262144,'local',0,'2022-07-07 10:29:00.449','2022-07-07 10:29:00.449'),(1214,1,'/data/upload/1/2022070710/36ecdce8-99ea-4cdb-9684-4fb28c16e3fe.csv','36ecdce8-99ea-4cdb-9684-4fb28c16e3fe','csv',262144,262144,'local',0,'2022-07-07 10:29:00.453','2022-07-07 10:29:00.453'),(1215,1,'/data/upload/1/2022070710/4cc289bf-7635-488b-a480-996ed1836952.csv','4cc289bf-7635-488b-a480-996ed1836952','csv',493337,493337,'local',0,'2022-07-07 10:29:00.607','2022-07-07 10:29:00.607'),(1216,1,'/data/upload/1/2022070710/c172bac7-fda3-439e-9696-adede60cfff9.csv','c172bac7-fda3-439e-9696-adede60cfff9','csv',262144,262144,'local',0,'2022-07-07 10:38:00.324','2022-07-07 10:38:00.324'),(1217,1,'/data/upload/1/2022070710/90c10a2f-df83-490b-bba7-22569354a4cf.csv','90c10a2f-df83-490b-bba7-22569354a4cf','csv',262144,262144,'local',0,'2022-07-07 10:38:00.327','2022-07-07 10:38:00.327'),(1218,1,'/data/upload/1/2022070710/137eecf6-6f97-4b4c-bbb1-f2e334614ae4.csv','137eecf6-6f97-4b4c-bbb1-f2e334614ae4','csv',493337,493337,'local',0,'2022-07-07 10:38:00.618','2022-07-07 10:38:00.618'),(1219,1,'/data/upload/1/2022070710/ae961ccd-0a50-4714-84c7-98ec4b565ee5.csv','ae961ccd-0a50-4714-84c7-98ec4b565ee5','csv',262144,262144,'local',0,'2022-07-07 10:40:48.758','2022-07-07 10:40:48.758'),(1220,1,'/data/upload/1/2022070710/a62127fa-56ad-42a2-bb46-f2fab21985c8.csv','a62127fa-56ad-42a2-bb46-f2fab21985c8','csv',262144,262144,'local',0,'2022-07-07 10:40:48.807','2022-07-07 10:40:48.807'),(1221,1,'/data/upload/1/2022070710/00e84d16-5f23-43d7-bff2-c25b466d9165.csv','00e84d16-5f23-43d7-bff2-c25b466d9165','csv',493337,493337,'local',0,'2022-07-07 10:40:48.888','2022-07-07 10:40:48.888'),(1222,1,'/data/upload/1/2022070710/d269d112-06f7-4160-b627-988fb2a9b086.csv','d269d112-06f7-4160-b627-988fb2a9b086','csv',262144,262144,'local',0,'2022-07-07 10:40:56.794','2022-07-07 10:40:56.794'),(1223,1,'/data/upload/1/2022070710/f3c41b97-995e-4ce0-95a1-56e1c1efe3e0.csv','f3c41b97-995e-4ce0-95a1-56e1c1efe3e0','csv',262144,262144,'local',0,'2022-07-07 10:40:56.848','2022-07-07 10:40:56.848'),(1224,1,'/data/upload/1/2022070710/4b74b039-5117-49a9-80e4-ce15a5c7d83a.csv','4b74b039-5117-49a9-80e4-ce15a5c7d83a','csv',493337,493337,'local',0,'2022-07-07 10:40:56.915','2022-07-07 10:40:56.915'),(1225,1,'/data/upload/1/2022070710/b9ad35e5-32d2-4bdc-9c2f-47e4f2686e48.csv','b9ad35e5-32d2-4bdc-9c2f-47e4f2686e48','csv',262144,262144,'local',0,'2022-07-07 10:41:38.836','2022-07-07 10:41:38.836'),(1226,1,'/data/upload/1/2022070710/4036c160-53d9-4507-b21a-e2e0a5d5e856.csv','4036c160-53d9-4507-b21a-e2e0a5d5e856','csv',262144,262144,'local',0,'2022-07-07 10:41:38.900','2022-07-07 10:41:38.900'),(1227,1,'/data/upload/1/2022070710/68624774-19cd-47e0-8465-11c8a4c76dba.csv','68624774-19cd-47e0-8465-11c8a4c76dba','csv',493337,493337,'local',0,'2022-07-07 10:41:38.952','2022-07-07 10:41:38.952'),(1228,1,'/data/upload/1/2022070710/d0928cde-1f78-4a01-b426-0b4e7ecabd34.csv','d0928cde-1f78-4a01-b426-0b4e7ecabd34','csv',262144,262144,'local',0,'2022-07-07 10:42:19.104','2022-07-07 10:42:19.104'),(1229,1,'/data/upload/1/2022070710/94a5ed66-b52a-4e17-9ff7-fecc5af16bb5.csv','94a5ed66-b52a-4e17-9ff7-fecc5af16bb5','csv',262144,262144,'local',0,'2022-07-07 10:42:19.134','2022-07-07 10:42:19.134'),(1230,1,'/data/upload/1/2022070710/a5d3952a-c973-4ac4-b4de-919f83d7572c.csv','a5d3952a-c973-4ac4-b4de-919f83d7572c','csv',493340,493340,'local',0,'2022-07-07 10:42:19.194','2022-07-07 10:42:19.194'),(1231,1,'/data/upload/1/2022070710/fad2bd91-25b7-4204-a4e2-b0a9c05e31a4.csv','fad2bd91-25b7-4204-a4e2-b0a9c05e31a4','csv',262144,262144,'local',0,'2022-07-07 10:54:27.464','2022-07-07 10:54:27.464'),(1232,1,'/data/upload/1/2022070710/4a2b2da6-0a88-45b0-b043-e3b011daf62e.csv','4a2b2da6-0a88-45b0-b043-e3b011daf62e','csv',262144,262144,'local',0,'2022-07-07 10:54:27.467','2022-07-07 10:54:27.467'),(1233,1,'/data/upload/1/2022070710/eb08ca09-12b8-4f8a-b736-4a1ea6c9d14f.csv','eb08ca09-12b8-4f8a-b736-4a1ea6c9d14f','csv',493340,493340,'local',0,'2022-07-07 10:54:27.703','2022-07-07 10:54:27.703'),(1234,1,'/data/upload/1/2022070710/a5354494-d278-4c95-a49b-d31f8dc5e732.csv','a5354494-d278-4c95-a49b-d31f8dc5e732','csv',262144,262144,'local',0,'2022-07-07 10:55:03.405','2022-07-07 10:55:03.405'),(1235,1,'/data/upload/1/2022070710/1a35fa81-59f4-46b4-a239-8e29a10ababd.csv','1a35fa81-59f4-46b4-a239-8e29a10ababd','csv',262144,262144,'local',0,'2022-07-07 10:55:03.405','2022-07-07 10:55:03.405'),(1236,1,'/data/upload/1/2022070710/03111da1-f616-4801-8985-888b217e03fd.csv','03111da1-f616-4801-8985-888b217e03fd','csv',493340,493340,'local',0,'2022-07-07 10:55:03.555','2022-07-07 10:55:03.555'),(1237,1,'/data/upload/1/2022070711/cfd13794-2b50-4386-8dc2-e09d70816e0b.csv','cfd13794-2b50-4386-8dc2-e09d70816e0b','csv',262144,262144,'local',0,'2022-07-07 11:02:01.799','2022-07-07 11:02:01.799'),(1238,1,'/data/upload/1/2022070711/b55143cc-0ab1-46ef-9ec5-b2026a6b075c.csv','b55143cc-0ab1-46ef-9ec5-b2026a6b075c','csv',262144,262144,'local',0,'2022-07-07 11:02:01.801','2022-07-07 11:02:01.801'),(1239,1,'/data/upload/1/2022070711/bc7ded08-ec6c-4e51-adc3-0adda83b1626.csv','bc7ded08-ec6c-4e51-adc3-0adda83b1626','csv',493337,493337,'local',0,'2022-07-07 11:02:01.922','2022-07-07 11:02:01.922'),(1240,1,'/data/upload/1/2022070711/1004d1a9-5a32-482f-8f9c-a446ca1f6359.csv','1004d1a9-5a32-482f-8f9c-a446ca1f6359','csv',262144,262144,'local',0,'2022-07-07 11:11:07.809','2022-07-07 11:11:07.809'),(1241,1,'/data/upload/1/2022070711/171db451-1257-4343-ba3a-5283c5e6820a.csv','171db451-1257-4343-ba3a-5283c5e6820a','csv',262144,262144,'local',0,'2022-07-07 11:11:07.812','2022-07-07 11:11:07.812'),(1242,1,'/data/upload/1/2022070711/9a713705-a360-4b4d-b290-4798239668de.csv','9a713705-a360-4b4d-b290-4798239668de','csv',493337,493337,'local',0,'2022-07-07 11:11:07.950','2022-07-07 11:11:07.950'),(1243,1,'/data/upload/1/2022070711/d3910e27-df92-44e5-ab7c-3ae6122c8f93.csv','d3910e27-df92-44e5-ab7c-3ae6122c8f93','csv',262144,262144,'local',0,'2022-07-07 11:13:31.209','2022-07-07 11:13:31.209'),(1244,1,'/data/upload/1/2022070711/8efba000-1d61-4e78-a592-5e84f0421065.csv','8efba000-1d61-4e78-a592-5e84f0421065','csv',262144,262144,'local',0,'2022-07-07 11:13:31.211','2022-07-07 11:13:31.211'),(1245,1,'/data/upload/1/2022070711/7b421838-58fe-4c2a-ac07-78555b00b3b6.csv','7b421838-58fe-4c2a-ac07-78555b00b3b6','csv',497249,497249,'local',0,'2022-07-07 11:13:31.369','2022-07-07 11:13:31.369'),(1246,1,'/data/upload/1/2022070711/40313643-df91-4aef-a4ba-da9508af0f1f.csv','40313643-df91-4aef-a4ba-da9508af0f1f','csv',262144,262144,'local',0,'2022-07-07 11:16:29.783','2022-07-07 11:16:29.783'),(1247,1,'/data/upload/1/2022070711/150ce57b-e280-45ed-ae7d-9bc62865022e.csv','150ce57b-e280-45ed-ae7d-9bc62865022e','csv',262144,262144,'local',0,'2022-07-07 11:16:29.785','2022-07-07 11:16:29.785'),(1248,1,'/data/upload/1/2022070711/60e93a4c-47d2-43de-ae4f-287d58cf7eec.csv','60e93a4c-47d2-43de-ae4f-287d58cf7eec','csv',497249,497249,'local',0,'2022-07-07 11:16:30.153','2022-07-07 11:16:30.153'),(1249,1,'/data/upload/1/2022070711/cefaec4b-f53b-4d65-85f9-e377fc1b0877.csv','cefaec4b-f53b-4d65-85f9-e377fc1b0877','csv',262144,262144,'local',0,'2022-07-07 11:38:03.570','2022-07-07 11:38:03.570'),(1250,1,'/data/upload/1/2022070711/0f2fa7d8-f4da-4a4c-a1fe-0e84d6ea58a1.csv','0f2fa7d8-f4da-4a4c-a1fe-0e84d6ea58a1','csv',262144,262144,'local',0,'2022-07-07 11:38:03.573','2022-07-07 11:38:03.573'),(1251,1,'/data/upload/1/2022070711/c62f290f-6aee-46a9-800a-771e3d6cf96b.csv','c62f290f-6aee-46a9-800a-771e3d6cf96b','csv',497249,497249,'local',0,'2022-07-07 11:38:03.642','2022-07-07 11:38:03.642'),(1252,1,'/data/upload/1/2022070711/234b3269-ba7e-445f-b615-aff2c39fc70e.csv','234b3269-ba7e-445f-b615-aff2c39fc70e','csv',262144,262144,'local',0,'2022-07-07 11:48:03.117','2022-07-07 11:48:03.117'),(1253,1,'/data/upload/1/2022070711/74eea7d8-d552-4a7f-bb6f-38250384eff2.csv','74eea7d8-d552-4a7f-bb6f-38250384eff2','csv',497249,497249,'local',0,'2022-07-07 11:48:03.121','2022-07-07 11:48:03.121'),(1254,1,'/data/upload/1/2022070711/1ad4c6eb-6a56-44ab-ab0c-c5fef58bedc8.csv','1ad4c6eb-6a56-44ab-ab0c-c5fef58bedc8','csv',262144,262144,'local',0,'2022-07-07 11:48:03.121','2022-07-07 11:48:03.121'),(1255,1,'/data/upload/1/2022070711/98fffcad-24dc-444a-92ac-542c17526a48.csv','98fffcad-24dc-444a-92ac-542c17526a48','csv',262144,262144,'local',0,'2022-07-07 11:49:22.009','2022-07-07 11:49:22.009'),(1256,1,'/data/upload/1/2022070711/df92c0a5-7206-48a1-98dc-741bd5179161.csv','df92c0a5-7206-48a1-98dc-741bd5179161','csv',262144,262144,'local',0,'2022-07-07 11:49:22.012','2022-07-07 11:49:22.012'),(1257,1,'/data/upload/1/2022070711/97dc1031-a63e-470e-b7cb-f7e5b81e47a3.csv','97dc1031-a63e-470e-b7cb-f7e5b81e47a3','csv',493337,493337,'local',0,'2022-07-07 11:49:22.271','2022-07-07 11:49:22.271'),(1258,1,'/data/upload/1/2022070711/2726abe7-1faa-4a31-a86e-68edee6dbdd2.csv','2726abe7-1faa-4a31-a86e-68edee6dbdd2','csv',262144,262144,'local',0,'2022-07-07 11:49:43.011','2022-07-07 11:49:43.011'),(1259,1,'/data/upload/1/2022070711/09bac24f-8f7f-4a1a-aeb3-9649be63af41.csv','09bac24f-8f7f-4a1a-aeb3-9649be63af41','csv',262144,262144,'local',0,'2022-07-07 11:49:43.011','2022-07-07 11:49:43.011'),(1260,1,'/data/upload/1/2022070711/c9b53d7b-6cc9-4450-a935-81128097c541.csv','c9b53d7b-6cc9-4450-a935-81128097c541','csv',497249,497249,'local',0,'2022-07-07 11:49:43.258','2022-07-07 11:49:43.258'),(1261,1,'/data/upload/1/2022070711/e01b439c-7402-4c24-bc03-f3adb7005939.csv','e01b439c-7402-4c24-bc03-f3adb7005939','csv',262144,262144,'local',0,'2022-07-07 11:50:00.295','2022-07-07 11:50:00.295'),(1262,1,'/data/upload/1/2022070711/ada7f5db-201a-4a09-8a6f-63b78429bc52.csv','ada7f5db-201a-4a09-8a6f-63b78429bc52','csv',262144,262144,'local',0,'2022-07-07 11:50:00.295','2022-07-07 11:50:00.295'),(1263,1,'/data/upload/1/2022070711/2929d9f8-3c82-417e-ab8f-6ebb2830128a.csv','2929d9f8-3c82-417e-ab8f-6ebb2830128a','csv',493337,493337,'local',0,'2022-07-07 11:50:00.437','2022-07-07 11:50:00.437'),(1264,1,'/data/upload/1/2022070711/89c2ef56-8f76-4682-8241-d015b0e1ee9e.csv','89c2ef56-8f76-4682-8241-d015b0e1ee9e','csv',262144,262144,'local',0,'2022-07-07 11:54:06.889','2022-07-07 11:54:06.889'),(1265,1,'/data/upload/1/2022070711/9be10a16-2e8d-4c68-8371-65052852ddce.csv','9be10a16-2e8d-4c68-8371-65052852ddce','csv',262144,262144,'local',0,'2022-07-07 11:54:06.892','2022-07-07 11:54:06.892'),(1266,1,'/data/upload/1/2022070711/9eca9c77-c052-40e3-82b0-ddc6c0a3b307.csv','9eca9c77-c052-40e3-82b0-ddc6c0a3b307','csv',497249,497249,'local',0,'2022-07-07 11:54:07.037','2022-07-07 11:54:07.037'),(1267,1,'/data/upload/1/2022070711/63efa121-1414-4b5c-8b36-80ac468fb252.csv','63efa121-1414-4b5c-8b36-80ac468fb252','csv',23663,23663,'local',0,'2022-07-07 11:59:41.045','2022-07-07 11:59:41.045'),(1268,1,'/data/upload/1/2022070712/c2e67ecb-3b06-40e9-9cf3-2600928133a2.csv','c2e67ecb-3b06-40e9-9cf3-2600928133a2','csv',262144,262144,'local',0,'2022-07-07 12:19:22.423','2022-07-07 12:19:22.423'),(1269,1,'/data/upload/1/2022070712/29c2c4b9-b181-4f93-a781-bc7fab73fc2e.csv','29c2c4b9-b181-4f93-a781-bc7fab73fc2e','csv',262144,262144,'local',0,'2022-07-07 12:19:22.425','2022-07-07 12:19:22.425'),(1270,1,'/data/upload/1/2022070712/9ef868a9-b98c-4112-bf83-df2c88c5770d.csv','9ef868a9-b98c-4112-bf83-df2c88c5770d','csv',497249,497249,'local',0,'2022-07-07 12:19:22.566','2022-07-07 12:19:22.566'),(1271,1,'/data/upload/1/2022070712/1c2a85fd-615a-4b74-bc6d-8d8b65b56249.csv','1c2a85fd-615a-4b74-bc6d-8d8b65b56249','csv',23663,23663,'local',0,'2022-07-07 12:19:26.052','2022-07-07 12:19:26.052'),(1272,1,'/data/upload/1/2022070712/16961737-3648-44d5-9ec7-dde6b5ff410d.csv','16961737-3648-44d5-9ec7-dde6b5ff410d','csv',25765,25765,'local',0,'2022-07-07 12:20:17.268','2022-07-07 12:20:17.268'),(1273,1,'/data/upload/1/2022070712/3374c921-ba9b-4ce9-82af-38dbab16c9ea.csv','3374c921-ba9b-4ce9-82af-38dbab16c9ea','csv',262144,262144,'local',0,'2022-07-07 12:28:29.497','2022-07-07 12:28:29.497'),(1274,1,'/data/upload/1/2022070712/3b652a63-cb05-41bc-a686-4b7daa1bbdf7.csv','3b652a63-cb05-41bc-a686-4b7daa1bbdf7','csv',262144,262144,'local',0,'2022-07-07 12:28:29.502','2022-07-07 12:28:29.502'),(1275,1,'/data/upload/1/2022070712/9c82fb28-1d23-4bc8-8abe-f6331b61087a.csv','9c82fb28-1d23-4bc8-8abe-f6331b61087a','csv',497249,497249,'local',0,'2022-07-07 12:28:29.556','2022-07-07 12:28:29.556'),(1276,1,'/data/upload/1/2022070712/098615b8-2a28-49cd-a89b-6e296b15921c.csv','098615b8-2a28-49cd-a89b-6e296b15921c','csv',262144,262144,'local',0,'2022-07-07 12:28:50.646','2022-07-07 12:28:50.646'),(1277,1,'/data/upload/1/2022070712/c443d769-8b82-4eab-87cf-d3e5ed284612.csv','c443d769-8b82-4eab-87cf-d3e5ed284612','csv',262144,262144,'local',0,'2022-07-07 12:28:50.646','2022-07-07 12:28:50.646'),(1278,1,'/data/upload/1/2022070712/3bcdaea6-18dd-49ac-a5c1-6f59b060d970.csv','3bcdaea6-18dd-49ac-a5c1-6f59b060d970','csv',497249,497249,'local',0,'2022-07-07 12:28:50.752','2022-07-07 12:28:50.752'),(1279,1,'/data/upload/1/2022070712/e308d8f6-7891-419a-a23a-6ba95a414792.csv','e308d8f6-7891-419a-a23a-6ba95a414792','csv',40607,40607,'local',0,'2022-07-07 12:29:15.816','2022-07-07 12:29:15.816'),(1280,1,'/data/upload/1/2022070712/5e352fe1-cab1-4708-afd9-c9393f4ea9fa.csv','5e352fe1-cab1-4708-afd9-c9393f4ea9fa','csv',4400,4400,'local',0,'2022-07-07 12:39:11.409','2022-07-07 12:39:11.409'),(1281,1,'/data/upload/1/2022070713/53a04f0d-1bc0-406f-8731-9c44f8b97437.csv','53a04f0d-1bc0-406f-8731-9c44f8b97437','csv',262144,262144,'local',0,'2022-07-07 13:50:22.130','2022-07-07 13:50:22.130'),(1282,1,'/data/upload/1/2022070713/252f49b4-81db-4ce1-ae4a-a3824b5cab3b.csv','252f49b4-81db-4ce1-ae4a-a3824b5cab3b','csv',262144,262144,'local',0,'2022-07-07 13:50:22.136','2022-07-07 13:50:22.136'),(1283,1,'/data/upload/1/2022070713/0566187d-f7f1-4130-a4ef-08816df0133c.csv','0566187d-f7f1-4130-a4ef-08816df0133c','csv',497249,497249,'local',0,'2022-07-07 13:50:22.438','2022-07-07 13:50:22.438'),(1284,1,'/data/upload/1/2022070906/f967cafa-847b-430f-9e72-0928bb0998a1.csv','f967cafa-847b-430f-9e72-0928bb0998a1','csv',12384,12384,'local',0,'2022-07-09 06:10:48.558','2022-07-09 06:10:48.558'),(1285,1,'/data/upload/1/2022070906/161cd6c1-5ad1-448e-8551-4572a8a9526b.csv','161cd6c1-5ad1-448e-8551-4572a8a9526b','csv',261,261,'local',0,'2022-07-09 06:45:25.558','2022-07-09 06:45:25.558'),(1286,1,'/data/upload/1/2022070907/311ec509-b807-45b6-b0d5-420ac547aae4.csv','311ec509-b807-45b6-b0d5-420ac547aae4','csv',269,269,'local',0,'2022-07-09 07:51:06.478','2022-07-09 07:51:06.478'),(1287,1,'/data/upload/1/2022071003/d9deed93-0150-4834-a642-6fe81c644a73.csv','d9deed93-0150-4834-a642-6fe81c644a73','csv',1609,1609,'local',0,'2022-07-10 03:56:25.838','2022-07-10 03:56:25.838'),(1288,1,'/data/upload/1/2022071014/22c7d66b-26ea-4132-a693-5d5d6f03562d.csv','22c7d66b-26ea-4132-a693-5d5d6f03562d','csv',269,269,'local',0,'2022-07-10 14:05:50.153','2022-07-10 14:05:50.153'),(1289,1,'/data/upload/1/2022071108/e4c0104f-1ccc-4f3e-bac9-f165c19914f8.csv','e4c0104f-1ccc-4f3e-bac9-f165c19914f8','csv',804,804,'local',0,'2022-07-11 08:02:06.368','2022-07-11 08:02:06.368'),(1290,1,'/data/upload/1/2022071108/8f4a8f02-d127-4103-af8a-63edaa5fa02b.csv','8f4a8f02-d127-4103-af8a-63edaa5fa02b','csv',824,824,'local',0,'2022-07-11 08:09:08.961','2022-07-11 08:09:08.961'),(1291,1,'/data/upload/1/2022071108/a31ae5c5-867c-4b60-86c9-c57531461b0b.csv','a31ae5c5-867c-4b60-86c9-c57531461b0b','csv',824,824,'local',0,'2022-07-11 08:27:19.324','2022-07-11 08:27:19.324'),(1292,1,'/data/upload/1/2022071303/df1cad9e-b40a-458d-8570-1eb16c62f0f0.csv','df1cad9e-b40a-458d-8570-1eb16c62f0f0','csv',111542,111542,'local',0,'2022-07-13 03:49:43.838','2022-07-13 03:49:43.838'),(1293,1,'/data/upload/1/2022071804/23899770-2565-4018-919a-3195f157e205.csv','23899770-2565-4018-919a-3195f157e205','csv',498,498,'local',0,'2022-07-18 04:35:30.399','2022-07-18 04:35:30.399'),(1294,1,'/data/upload/1/2022071907/96c4aa43-4ad7-4e66-afc2-754925470c54.csv','96c4aa43-4ad7-4e66-afc2-754925470c54','csv',62877,62877,'local',0,'2022-07-19 07:17:14.939','2022-07-19 07:17:14.939'),(1295,1,'/data/upload/1/2022071912/07e82a02-1baa-474e-a992-478452d403b7.csv','07e82a02-1baa-474e-a992-478452d403b7','csv',4400,4400,'local',0,'2022-07-19 12:10:00.468','2022-07-19 12:10:00.468');
/*!40000 ALTER TABLE `sys_file` ENABLE KEYS */;
UNLOCK TABLES;

--
-- Table structure for table `sys_organ`
--

DROP TABLE IF EXISTS `sys_organ`;
/*!40101 SET @saved_cs_client     = @@character_set_client */;
/*!40101 SET character_set_client = utf8 */;
CREATE TABLE `sys_organ` (
  `organ_id` bigint(20) NOT NULL AUTO_INCREMENT COMMENT '机构id',
  `organ_name` varchar(64) NOT NULL COMMENT '机构名称',
  `p_organ_id` bigint(20) NOT NULL COMMENT '父机构id',
  `r_organ_id` bigint(20) NOT NULL COMMENT '根机构id',
  `full_path` varchar(255) NOT NULL COMMENT '完整路径',
  `organ_index` int(12) NOT NULL COMMENT '顺序',
  `organ_depth` int(12) NOT NULL COMMENT '深度',
  `is_del` tinyint(4) NOT NULL COMMENT '是否删除',
  `c_time` datetime(3) NOT NULL DEFAULT CURRENT_TIMESTAMP(3) COMMENT '创建时间',
  `u_time` datetime(3) NOT NULL DEFAULT CURRENT_TIMESTAMP(3) ON UPDATE CURRENT_TIMESTAMP(3) COMMENT '更新时间',
  PRIMARY KEY (`organ_id`) USING BTREE
) ENGINE=InnoDB AUTO_INCREMENT=1004 DEFAULT CHARSET=utf8 ROW_FORMAT=DYNAMIC COMMENT='机构表';
/*!40101 SET character_set_client = @saved_cs_client */;

--
-- Dumping data for table `sys_organ`
--

LOCK TABLES `sys_organ` WRITE;
/*!40000 ALTER TABLE `sys_organ` DISABLE KEYS */;
INSERT INTO `sys_organ` VALUES (1000,'北京原语科技',0,1000,'1000',1,0,0,'2022-04-27 17:46:59.024','2022-04-27 17:46:59.034'),(1001,'北京招商银行(西红门支行)',0,1001,'1001',1,0,0,'2022-04-27 17:47:27.399','2022-04-27 17:47:27.408'),(1002,'北京建设银行(天通苑支行)',0,1002,'1002',1,0,0,'2022-04-27 17:47:43.366','2022-04-27 17:47:43.374'),(1003,'华建集团',0,1003,'1003',1,0,0,'2022-04-27 17:48:49.533','2022-04-27 17:48:55.822');
/*!40000 ALTER TABLE `sys_organ` ENABLE KEYS */;
UNLOCK TABLES;

--
-- Table structure for table `sys_ra`
--

DROP TABLE IF EXISTS `sys_ra`;
/*!40101 SET @saved_cs_client     = @@character_set_client */;
/*!40101 SET character_set_client = utf8 */;
CREATE TABLE `sys_ra` (
  `id` bigint(20) NOT NULL AUTO_INCREMENT COMMENT '自增id',
  `role_id` bigint(20) NOT NULL COMMENT '角色id',
  `auth_id` bigint(20) NOT NULL COMMENT '权限id',
  `is_del` tinyint(2) NOT NULL COMMENT '是否删除',
  `c_time` datetime(3) NOT NULL DEFAULT CURRENT_TIMESTAMP(3) COMMENT '创建时间',
  `u_time` datetime(3) NOT NULL DEFAULT CURRENT_TIMESTAMP(3) ON UPDATE CURRENT_TIMESTAMP(3) COMMENT '更新时间',
  PRIMARY KEY (`id`) USING BTREE
) ENGINE=InnoDB AUTO_INCREMENT=188 DEFAULT CHARSET=utf8 ROW_FORMAT=DYNAMIC COMMENT='角色权限表';
/*!40101 SET character_set_client = @saved_cs_client */;

--
-- Dumping data for table `sys_ra`
--

LOCK TABLES `sys_ra` WRITE;
/*!40000 ALTER TABLE `sys_ra` DISABLE KEYS */;
INSERT INTO `sys_ra` VALUES (1,1,1,0,'2022-07-11 16:48:13.064','2022-07-11 16:48:13.064'),(2,1,2,0,'2022-07-11 16:48:13.064','2022-07-11 16:48:13.064'),(3,1,3,0,'2022-07-11 16:48:13.064','2022-07-11 16:48:13.064'),(4,1,4,0,'2022-07-11 16:48:13.064','2022-07-11 16:48:13.064'),(5,1,5,0,'2022-07-11 16:48:13.064','2022-07-11 16:48:13.064'),(6,1,6,0,'2022-07-11 16:48:13.064','2022-07-11 16:48:13.064'),(7,1,7,0,'2022-07-11 16:48:13.064','2022-07-11 16:48:13.064'),(8,1,8,0,'2022-07-11 16:48:13.064','2022-07-11 16:48:13.064'),(9,1,9,0,'2022-07-11 16:48:13.064','2022-07-11 16:48:13.064'),(10,1,10,0,'2022-07-11 16:48:13.064','2022-07-11 16:48:13.064'),(11,1,11,0,'2022-07-11 16:48:13.064','2022-07-11 16:48:13.064'),(12,1,12,0,'2022-07-11 16:48:13.064','2022-07-11 16:48:13.064'),(13,1,13,0,'2022-07-11 16:48:13.064','2022-07-11 16:48:13.064'),(14,1,14,0,'2022-07-11 16:48:13.064','2022-07-11 16:48:13.064'),(15,1,15,0,'2022-07-11 16:48:13.064','2022-07-11 16:48:13.064'),(16,1,16,0,'2022-07-11 16:48:13.064','2022-07-11 16:48:13.064'),(17,1,17,0,'2022-07-11 16:48:13.064','2022-07-11 16:48:13.064'),(18,1,18,0,'2022-07-11 16:48:13.064','2022-07-11 16:48:13.064'),(19,1,19,0,'2022-07-11 16:48:13.064','2022-07-11 16:48:13.064'),(20,1,20,0,'2022-07-11 16:48:13.064','2022-07-11 16:48:13.064'),(21,1,21,0,'2022-07-11 16:48:13.064','2022-07-11 16:48:13.064'),(22,1,22,0,'2022-07-11 16:48:13.064','2022-07-11 16:48:13.064'),(23,1,23,0,'2022-07-11 16:48:13.064','2022-07-11 16:48:13.064'),(24,1,24,0,'2022-07-11 16:48:13.064','2022-07-11 16:48:13.064'),(25,1,25,0,'2022-07-11 16:48:13.064','2022-07-11 16:48:13.064'),(26,1,26,0,'2022-07-11 16:48:13.064','2022-07-11 16:48:13.064'),(27,1,27,0,'2022-07-11 16:48:13.064','2022-07-11 16:48:13.064'),(28,1,28,0,'2022-07-11 16:48:13.064','2022-07-11 16:48:13.064'),(29,1,29,0,'2022-07-11 16:48:13.064','2022-07-11 16:48:13.064'),(30,1,30,0,'2022-07-11 16:48:13.064','2022-07-11 16:48:13.064'),(31,1,31,0,'2022-07-11 16:48:13.064','2022-07-11 16:48:13.064'),(32,1,32,0,'2022-07-11 16:48:13.064','2022-07-11 16:48:13.064'),(33,1,33,0,'2022-07-11 16:48:13.064','2022-07-11 16:48:13.064'),(34,1,34,0,'2022-07-11 16:48:13.064','2022-07-11 16:48:13.064'),(35,1,35,0,'2022-07-11 16:48:13.064','2022-07-11 16:48:13.064'),(36,1,36,0,'2022-07-11 16:48:13.064','2022-07-11 16:48:13.064'),(37,1,37,0,'2022-07-11 16:48:13.064','2022-07-11 16:48:13.064'),(38,1,38,0,'2022-07-11 16:48:13.064','2022-07-11 16:48:13.064'),(39,1,39,0,'2022-07-11 16:48:13.064','2022-07-11 16:48:13.064'),(40,1,40,0,'2022-07-11 16:48:13.064','2022-07-11 16:48:13.064'),(41,1,41,0,'2022-07-11 16:48:13.064','2022-07-11 16:48:13.064'),(42,1,42,0,'2022-07-11 16:48:13.064','2022-07-11 16:48:13.064'),(43,1,43,0,'2022-07-11 16:48:13.064','2022-07-11 16:48:13.064'),(44,1,44,0,'2022-07-11 16:48:13.064','2022-07-11 16:48:13.064'),(45,1000,1,0,'2022-07-11 16:48:13.070','2022-07-11 16:48:13.070'),(46,1000,2,0,'2022-07-11 16:48:13.070','2022-07-11 16:48:13.070'),(47,1000,3,0,'2022-07-11 16:48:13.070','2022-07-11 16:48:13.070'),(48,1000,4,0,'2022-07-11 16:48:13.070','2022-07-11 16:48:13.070'),(49,1000,5,0,'2022-07-11 16:48:13.070','2022-07-11 16:48:13.070'),(50,1000,6,0,'2022-07-11 16:48:13.070','2022-07-11 16:48:13.070'),(51,1000,7,0,'2022-07-11 16:48:13.070','2022-07-11 16:48:13.070'),(52,1000,8,0,'2022-07-11 16:48:13.070','2022-07-11 16:48:13.070'),(53,1000,9,0,'2022-07-11 16:48:13.070','2022-07-11 16:48:13.070'),(54,1000,10,0,'2022-07-11 16:48:13.070','2022-07-11 16:48:13.070'),(55,1000,11,0,'2022-07-11 16:48:13.070','2022-07-11 16:48:13.070'),(56,1000,12,0,'2022-07-11 16:48:13.070','2022-07-11 16:48:13.070'),(57,1000,13,0,'2022-07-11 16:48:13.070','2022-07-11 16:48:13.070'),(58,1000,14,0,'2022-07-11 16:48:13.070','2022-07-11 16:48:13.070'),(59,1000,15,0,'2022-07-11 16:48:13.070','2022-07-11 16:48:13.070'),(60,1000,16,0,'2022-07-11 16:48:13.070','2022-07-11 16:48:13.070'),(61,1000,17,0,'2022-07-11 16:48:13.070','2022-07-11 16:48:13.070'),(62,1000,18,0,'2022-07-11 16:48:13.070','2022-07-11 16:48:13.070'),(63,1000,19,0,'2022-07-11 16:48:13.070','2022-07-11 16:48:13.070'),(64,1000,20,0,'2022-07-11 16:48:13.070','2022-07-11 16:48:13.070'),(65,1000,21,0,'2022-07-11 16:48:13.070','2022-07-11 16:48:13.070'),(66,1000,22,0,'2022-07-11 16:48:13.070','2022-07-11 16:48:13.070'),(67,1000,23,0,'2022-07-11 16:48:13.070','2022-07-11 16:48:13.070'),(68,1,45,0,'2022-07-19 08:04:45.685','2022-07-19 08:04:45.685'),(69,1,46,0,'2022-07-19 08:04:45.685','2022-07-19 08:04:45.685'),(70,1,47,0,'2022-07-19 08:04:45.685','2022-07-19 08:04:45.685'),(71,1,48,0,'2022-07-19 08:04:45.685','2022-07-19 08:04:45.685'),(72,1,49,0,'2022-07-19 08:04:45.685','2022-07-19 08:04:45.685'),(73,1,50,0,'2022-07-19 08:04:45.685','2022-07-19 08:04:45.685'),(74,1,51,0,'2022-07-19 08:04:45.685','2022-07-19 08:04:45.685'),(75,1,52,0,'2022-07-19 08:04:45.685','2022-07-19 08:04:45.685'),(76,1,53,0,'2022-07-19 08:04:45.685','2022-07-19 08:04:45.685'),(77,1,54,0,'2022-07-19 08:04:45.685','2022-07-19 08:04:45.685'),(78,1,55,0,'2022-07-19 08:04:45.685','2022-07-19 08:04:45.685'),(79,1,56,0,'2022-07-19 08:04:45.685','2022-07-19 08:04:45.685'),(80,1,57,0,'2022-07-19 08:04:45.685','2022-07-19 08:04:45.685'),(81,1,58,0,'2022-07-19 08:04:45.685','2022-07-19 08:04:45.685'),(82,1,59,0,'2022-07-19 08:04:45.685','2022-07-19 08:04:45.685'),(83,1,60,0,'2022-07-19 08:04:45.685','2022-07-19 08:04:45.685'),(84,1,61,0,'2022-07-19 08:04:45.685','2022-07-19 08:04:45.685'),(85,1,62,0,'2022-07-19 08:04:45.685','2022-07-19 08:04:45.685'),(86,1,63,0,'2022-07-19 08:04:45.685','2022-07-19 08:04:45.685'),(87,1,64,0,'2022-07-19 08:04:45.685','2022-07-19 08:04:45.685'),(88,1,65,0,'2022-07-19 08:04:45.685','2022-07-19 08:04:45.685'),(89,1,66,0,'2022-07-19 08:04:45.685','2022-07-19 08:04:45.685'),(90,1,67,0,'2022-07-19 08:04:45.685','2022-07-19 08:04:45.685'),(91,1,68,0,'2022-07-19 08:04:45.685','2022-07-19 08:04:45.685'),(92,1,69,0,'2022-07-19 08:04:45.685','2022-07-19 08:04:45.685'),(93,1,70,0,'2022-07-19 08:04:45.685','2022-07-19 08:04:45.685'),(94,1,71,0,'2022-07-19 08:04:45.685','2022-07-19 08:04:45.685'),(95,1,72,0,'2022-07-19 08:04:45.685','2022-07-19 08:04:45.685'),(96,1,73,0,'2022-07-19 08:04:45.685','2022-07-19 08:04:45.685'),(97,1,74,0,'2022-07-19 08:04:45.685','2022-07-19 08:04:45.685'),(98,1,75,0,'2022-07-19 08:04:45.685','2022-07-19 08:04:45.685'),(99,1,76,0,'2022-07-19 08:04:45.685','2022-07-19 08:04:45.685'),(100,1,77,0,'2022-07-19 08:04:45.685','2022-07-19 08:04:45.685'),(101,1,78,0,'2022-07-19 08:04:45.685','2022-07-19 08:04:45.685'),(102,1,79,0,'2022-07-19 08:04:45.685','2022-07-19 08:04:45.685'),(103,1,80,0,'2022-07-19 08:04:45.685','2022-07-19 08:04:45.685'),(104,1,81,0,'2022-07-19 08:04:45.685','2022-07-19 08:04:45.685'),(105,1,82,0,'2022-07-19 08:04:45.685','2022-07-19 08:04:45.685'),(106,1,83,0,'2022-07-19 08:04:45.685','2022-07-19 08:04:45.685'),(107,1,84,0,'2022-07-19 08:04:45.685','2022-07-19 08:04:45.685'),(108,1,85,0,'2022-07-19 08:04:45.685','2022-07-19 08:04:45.685'),(109,1,86,0,'2022-07-19 08:04:45.685','2022-07-19 08:04:45.685'),(110,1,87,0,'2022-07-19 08:04:45.685','2022-07-19 08:04:45.685'),(111,1,88,0,'2022-07-19 08:04:45.685','2022-07-19 08:04:45.685'),(112,1,89,0,'2022-07-19 08:04:45.685','2022-07-19 08:04:45.685'),(113,1,90,0,'2022-07-19 08:04:45.685','2022-07-19 08:04:45.685'),(114,1,91,0,'2022-07-19 08:04:45.685','2022-07-19 08:04:45.685'),(115,1,1001,0,'2022-07-19 08:06:08.947','2022-07-19 08:06:08.947'),(116,1,1002,0,'2022-07-19 08:06:08.947','2022-07-19 08:06:08.947'),(117,1,1003,0,'2022-07-19 08:06:08.947','2022-07-19 08:06:08.947'),(118,1,1004,0,'2022-07-19 08:06:08.947','2022-07-19 08:06:08.947'),(119,1,1005,0,'2022-07-19 08:06:08.947','2022-07-19 08:06:08.947'),(120,1,1006,0,'2022-07-19 08:06:08.947','2022-07-19 08:06:08.947'),(121,1,1007,0,'2022-07-19 08:06:08.947','2022-07-19 08:06:08.947'),(122,1,1008,0,'2022-07-19 08:06:08.947','2022-07-19 08:06:08.947'),(123,1,1009,0,'2022-07-19 08:06:08.947','2022-07-19 08:06:08.947'),(124,1,1010,0,'2022-07-19 08:06:08.947','2022-07-19 08:06:08.947'),(125,1,1011,0,'2022-07-19 08:06:08.947','2022-07-19 08:06:08.947'),(126,1,1012,0,'2022-07-19 08:06:08.947','2022-07-19 08:06:08.947'),(127,1,1013,0,'2022-07-19 08:06:08.947','2022-07-19 08:06:08.947'),(128,1,1014,0,'2022-07-19 08:06:08.947','2022-07-19 08:06:08.947'),(129,1,1015,0,'2022-07-19 08:06:08.947','2022-07-19 08:06:08.947'),(130,1,1016,0,'2022-07-19 08:06:08.947','2022-07-19 08:06:08.947'),(131,1,1017,0,'2022-07-19 08:06:08.947','2022-07-19 08:06:08.947'),(132,1,1018,0,'2022-07-19 08:06:08.947','2022-07-19 08:06:08.947'),(133,1,1019,0,'2022-07-19 08:06:08.947','2022-07-19 08:06:08.947'),(134,1,1020,0,'2022-07-19 08:06:08.947','2022-07-19 08:06:08.947'),(135,1,1021,0,'2022-07-19 08:06:08.947','2022-07-19 08:06:08.947'),(136,1,1022,0,'2022-07-19 08:06:08.947','2022-07-19 08:06:08.947'),(137,1,1023,0,'2022-07-19 08:06:08.947','2022-07-19 08:06:08.947'),(138,1,1024,0,'2022-07-19 08:06:08.947','2022-07-19 08:06:08.947'),(139,1,1025,0,'2022-07-19 08:06:08.947','2022-07-19 08:06:08.947'),(140,1,1026,0,'2022-07-19 08:06:08.947','2022-07-19 08:06:08.947'),(141,1,1027,0,'2022-07-19 08:06:08.947','2022-07-19 08:06:08.947'),(142,1,1028,0,'2022-07-19 08:06:08.947','2022-07-19 08:06:08.947'),(143,1,1029,0,'2022-07-19 08:06:08.947','2022-07-19 08:06:08.947'),(144,1,1030,0,'2022-07-19 08:06:08.947','2022-07-19 08:06:08.947'),(145,1,1031,0,'2022-07-19 08:06:08.947','2022-07-19 08:06:08.947'),(146,1,1032,0,'2022-07-19 08:06:08.947','2022-07-19 08:06:08.947'),(147,1,1033,0,'2022-07-19 08:06:08.947','2022-07-19 08:06:08.947'),(148,1,1034,0,'2022-07-19 08:06:08.947','2022-07-19 08:06:08.947'),(149,1,1035,0,'2022-07-19 08:06:08.947','2022-07-19 08:06:08.947'),(150,1,1036,0,'2022-07-19 08:06:08.947','2022-07-19 08:06:08.947'),(151,1,1037,0,'2022-07-19 08:06:08.947','2022-07-19 08:06:08.947'),(152,1,1038,0,'2022-07-19 08:06:08.947','2022-07-19 08:06:08.947'),(153,1,1039,0,'2022-07-19 08:06:08.947','2022-07-19 08:06:08.947'),(154,1,1040,0,'2022-07-19 08:06:08.947','2022-07-19 08:06:08.947'),(155,1,1041,0,'2022-07-19 08:06:08.947','2022-07-19 08:06:08.947'),(156,1,1042,0,'2022-07-19 08:06:08.947','2022-07-19 08:06:08.947'),(157,1,1043,0,'2022-07-19 08:06:08.947','2022-07-19 08:06:08.947'),(158,1,1044,0,'2022-07-19 08:06:08.947','2022-07-19 08:06:08.947'),(159,1,1045,0,'2022-07-19 08:06:08.947','2022-07-19 08:06:08.947'),(160,1,1046,0,'2022-07-19 08:06:08.947','2022-07-19 08:06:08.947'),(161,1,1047,0,'2022-07-19 08:06:08.947','2022-07-19 08:06:08.947'),(162,1000,1001,0,'2022-07-19 08:14:29.511','2022-07-19 08:14:29.511'),(163,1000,1002,0,'2022-07-19 08:14:29.511','2022-07-19 08:14:29.511'),(164,1000,1004,0,'2022-07-19 08:14:29.511','2022-07-19 08:14:29.511'),(165,1000,1005,0,'2022-07-19 08:14:29.511','2022-07-19 08:14:29.511'),(166,1000,1003,0,'2022-07-19 08:14:29.511','2022-07-19 08:14:29.511'),(167,1000,1006,0,'2022-07-19 08:14:29.511','2022-07-19 08:14:29.511'),(168,1000,1007,0,'2022-07-19 08:14:29.511','2022-07-19 08:14:29.511'),(169,1000,1008,0,'2022-07-19 08:14:29.511','2022-07-19 08:14:29.511'),(170,1000,1009,0,'2022-07-19 08:14:29.511','2022-07-19 08:14:29.511'),(171,1000,1010,0,'2022-07-19 08:14:29.511','2022-07-19 08:14:29.511'),(172,1000,1011,0,'2022-07-19 08:14:29.511','2022-07-19 08:14:29.511'),(173,1000,1012,0,'2022-07-19 08:14:29.511','2022-07-19 08:14:29.511'),(174,1000,1013,0,'2022-07-19 08:14:29.511','2022-07-19 08:14:29.511'),(175,1000,1014,0,'2022-07-19 08:14:29.511','2022-07-19 08:14:29.511'),(176,1000,1015,0,'2022-07-19 08:14:29.511','2022-07-19 08:14:29.511'),(177,1000,1016,0,'2022-07-19 08:14:29.511','2022-07-19 08:14:29.511'),(178,1000,1017,0,'2022-07-19 08:14:29.511','2022-07-19 08:14:29.511'),(179,1000,1018,0,'2022-07-19 08:14:29.511','2022-07-19 08:14:29.511'),(180,1000,1019,0,'2022-07-19 08:14:29.511','2022-07-19 08:14:29.511'),(181,1000,1020,0,'2022-07-19 08:14:29.511','2022-07-19 08:14:29.511'),(182,1000,1021,0,'2022-07-19 08:14:29.511','2022-07-19 08:14:29.511'),(183,1000,1022,0,'2022-07-19 08:14:29.511','2022-07-19 08:14:29.511'),(184,1000,1023,0,'2022-07-19 08:14:29.511','2022-07-19 08:14:29.511'),(185,1000,1024,0,'2022-07-19 08:14:29.511','2022-07-19 08:14:29.511'),(186,1000,1025,0,'2022-07-19 08:14:29.511','2022-07-19 08:14:29.511'),(187,1000,1026,0,'2022-07-19 08:14:29.511','2022-07-19 08:14:29.511');
/*!40000 ALTER TABLE `sys_ra` ENABLE KEYS */;
UNLOCK TABLES;

--
-- Table structure for table `sys_role`
--

DROP TABLE IF EXISTS `sys_role`;
/*!40101 SET @saved_cs_client     = @@character_set_client */;
/*!40101 SET character_set_client = utf8 */;
CREATE TABLE `sys_role` (
  `role_id` bigint(20) NOT NULL AUTO_INCREMENT COMMENT '角色id',
  `role_name` varchar(32) NOT NULL COMMENT '角色名称',
  `is_editable` tinyint(4) NOT NULL COMMENT '是否可编辑',
  `is_del` tinyint(4) NOT NULL COMMENT '是否删除',
  `c_time` datetime(3) NOT NULL DEFAULT CURRENT_TIMESTAMP(3) COMMENT '创建时间',
  `u_time` datetime(3) NOT NULL DEFAULT CURRENT_TIMESTAMP(3) ON UPDATE CURRENT_TIMESTAMP(3) COMMENT '更新时间',
  PRIMARY KEY (`role_id`) USING BTREE
) ENGINE=InnoDB AUTO_INCREMENT=1002 DEFAULT CHARSET=utf8 ROW_FORMAT=DYNAMIC COMMENT='角色表';
/*!40101 SET character_set_client = @saved_cs_client */;

--
-- Dumping data for table `sys_role`
--

LOCK TABLES `sys_role` WRITE;
/*!40000 ALTER TABLE `sys_role` DISABLE KEYS */;
INSERT INTO `sys_role` VALUES (1,'超级管理员',1,0,'2022-03-25 17:08:52.100','2022-07-01 10:53:36.828'),(1000,'业务权限',1,0,'2022-04-27 17:50:02.139','2022-04-27 17:50:02.139'),(1001,'fsad',1,0,'2022-07-04 02:22:06.591','2022-07-04 02:22:06.591');
/*!40000 ALTER TABLE `sys_role` ENABLE KEYS */;
UNLOCK TABLES;

--
-- Table structure for table `sys_uo`
--

DROP TABLE IF EXISTS `sys_uo`;
/*!40101 SET @saved_cs_client     = @@character_set_client */;
/*!40101 SET character_set_client = utf8 */;
CREATE TABLE `sys_uo` (
  `id` bigint(20) NOT NULL AUTO_INCREMENT COMMENT '自增id',
  `user_id` bigint(20) NOT NULL COMMENT '用户id',
  `organ_id` bigint(20) NOT NULL COMMENT '机构id',
  `is_del` tinyint(4) NOT NULL COMMENT '是否删除',
  `c_time` datetime(3) NOT NULL DEFAULT CURRENT_TIMESTAMP(3) COMMENT '创建时间',
  `u_time` datetime(3) NOT NULL DEFAULT CURRENT_TIMESTAMP(3) ON UPDATE CURRENT_TIMESTAMP(3) COMMENT '更新时间',
  PRIMARY KEY (`id`) USING BTREE
) ENGINE=InnoDB AUTO_INCREMENT=1028 DEFAULT CHARSET=utf8 ROW_FORMAT=DYNAMIC COMMENT='用户机构关系表';
/*!40101 SET character_set_client = @saved_cs_client */;

--
-- Dumping data for table `sys_uo`
--

LOCK TABLES `sys_uo` WRITE;
/*!40000 ALTER TABLE `sys_uo` DISABLE KEYS */;
INSERT INTO `sys_uo` VALUES (1000,1000,1000,0,'2022-04-27 17:51:02.232','2022-04-27 17:51:02.232'),(1001,1001,1000,0,'2022-04-27 17:51:23.012','2022-04-27 17:51:23.012'),(1002,1002,1000,0,'2022-04-27 17:51:53.924','2022-04-27 17:51:53.924'),(1003,1003,1000,0,'2022-04-27 17:52:23.441','2022-04-27 17:52:23.441'),(1004,1004,1000,0,'2022-04-27 17:52:55.595','2022-04-27 17:52:55.595'),(1005,1005,1,0,'2022-04-27 17:53:26.348','2022-04-27 17:53:26.348'),(1006,1006,1,0,'2022-04-27 17:53:47.146','2022-04-27 17:53:47.146'),(1007,1007,1,0,'2022-04-27 17:54:14.287','2022-04-27 17:54:14.287'),(1008,1008,1000,0,'2022-04-27 17:54:37.563','2022-04-27 17:54:37.563'),(1009,1,1,0,'2022-04-27 12:58:17.354','2022-04-27 12:58:17.354'),(1010,1006,1,0,'2022-04-28 06:08:44.777','2022-04-28 06:08:44.777'),(1011,1006,1005,0,'2022-05-10 06:15:17.529','2022-05-10 06:15:17.529'),(1012,1009,1005,0,'2022-05-11 07:17:38.565','2022-05-11 07:17:38.565'),(1013,1006,1000,0,'2022-05-11 07:26:51.880','2022-05-11 07:26:51.880'),(1014,1007,1,0,'2022-05-11 07:37:40.264','2022-05-11 07:37:40.264'),(1015,1007,1008,0,'2022-05-11 07:37:40.264','2022-05-11 07:37:40.264'),(1016,1007,1,0,'2022-05-11 07:37:50.423','2022-05-11 07:37:50.423'),(1017,1007,1,0,'2022-05-11 09:01:43.155','2022-05-11 09:01:43.155'),(1018,1007,1008,0,'2022-05-11 09:01:43.155','2022-05-11 09:01:43.155'),(1019,1007,1005,0,'2022-05-11 09:01:43.155','2022-05-11 09:01:43.155'),(1020,1007,1,0,'2022-05-11 09:03:59.952','2022-05-11 09:03:59.952'),(1021,1007,1,0,'2022-05-11 09:05:32.338','2022-05-11 09:05:32.338'),(1022,1007,1008,0,'2022-05-11 09:05:32.338','2022-05-11 09:05:32.338'),(1023,1007,1008,0,'2022-05-11 09:06:47.557','2022-05-11 09:06:47.557'),(1024,1010,1008,0,'2022-05-11 09:08:13.545','2022-05-11 09:08:13.545'),(1025,1011,1008,0,'2022-05-11 09:08:35.032','2022-05-11 09:08:35.032'),(1026,1011,1000,0,'2022-05-11 09:10:32.194','2022-05-11 09:10:32.194'),(1027,1012,1,0,'2022-05-27 10:14:10.489','2022-05-27 10:14:10.489');
/*!40000 ALTER TABLE `sys_uo` ENABLE KEYS */;
UNLOCK TABLES;

--
-- Table structure for table `sys_ur`
--

DROP TABLE IF EXISTS `sys_ur`;
/*!40101 SET @saved_cs_client     = @@character_set_client */;
/*!40101 SET character_set_client = utf8 */;
CREATE TABLE `sys_ur` (
  `id` bigint(20) NOT NULL AUTO_INCREMENT COMMENT '自增id',
  `user_id` bigint(20) NOT NULL COMMENT '用户id',
  `role_id` bigint(20) NOT NULL COMMENT '角色id',
  `is_del` bigint(20) NOT NULL COMMENT '是否删除',
  `c_time` datetime(3) NOT NULL DEFAULT CURRENT_TIMESTAMP(3) COMMENT '创建时间',
  `u_time` datetime(3) NOT NULL DEFAULT CURRENT_TIMESTAMP(3) ON UPDATE CURRENT_TIMESTAMP(3) COMMENT '更新时间',
  PRIMARY KEY (`id`) USING BTREE
) ENGINE=InnoDB AUTO_INCREMENT=1037 DEFAULT CHARSET=utf8 ROW_FORMAT=DYNAMIC COMMENT='用户角色关系表';
/*!40101 SET character_set_client = @saved_cs_client */;

--
-- Dumping data for table `sys_ur`
--

LOCK TABLES `sys_ur` WRITE;
/*!40000 ALTER TABLE `sys_ur` DISABLE KEYS */;
INSERT INTO `sys_ur` VALUES (1,1,1,0,'2022-03-25 17:55:53.090','2022-03-25 18:03:28.371'),(1000,1000,1000,0,'2022-07-01 09:25:06.184','2022-07-01 09:25:06.184'),(1001,1001,1000,0,'2022-07-01 09:40:02.486','2022-07-01 09:40:02.486'),(1002,1002,1000,0,'2022-07-01 10:51:51.554','2022-07-01 10:51:51.554'),(1003,1003,1000,0,'2022-07-01 10:55:02.431','2022-07-01 10:55:02.431'),(1004,1004,1000,0,'2022-07-01 10:58:18.320','2022-07-01 10:58:18.320'),(1005,1005,1000,0,'2022-07-01 11:14:31.879','2022-07-01 11:14:31.879'),(1006,1006,1000,0,'2022-07-01 14:12:11.623','2022-07-01 14:12:11.623'),(1007,1007,1000,0,'2022-07-01 14:12:13.857','2022-07-01 14:12:13.857'),(1008,1008,1000,0,'2022-07-07 13:05:15.683','2022-07-07 13:05:15.683'),(1009,1009,1000,0,'2022-07-08 17:02:25.978','2022-07-08 17:02:25.978'),(1010,1010,1000,0,'2022-07-08 17:22:54.051','2022-07-08 17:22:54.051'),(1011,1011,1000,0,'2022-07-09 01:36:43.197','2022-07-09 01:36:43.197'),(1012,1012,1000,0,'2022-07-09 03:07:09.331','2022-07-09 03:07:09.331'),(1013,1013,1000,0,'2022-07-09 03:31:42.937','2022-07-09 03:31:42.937'),(1014,1014,1000,0,'2022-07-09 04:16:11.527','2022-07-09 04:16:11.527'),(1015,1015,1000,0,'2022-07-09 04:35:36.181','2022-07-09 04:35:36.181'),(1016,1016,1000,0,'2022-07-09 05:53:37.540','2022-07-09 05:53:37.540'),(1017,1017,1000,0,'2022-07-09 06:29:34.969','2022-07-09 06:29:34.969'),(1018,1018,1000,0,'2022-07-09 09:12:15.498','2022-07-09 09:12:15.498'),(1019,1019,1000,0,'2022-07-09 09:25:39.818','2022-07-09 09:25:39.818'),(1020,1020,1000,0,'2022-07-09 15:35:28.425','2022-07-09 15:35:28.425'),(1021,1021,1000,0,'2022-07-11 02:07:13.650','2022-07-11 02:07:13.650'),(1022,1022,1000,0,'2022-07-11 06:09:57.909','2022-07-11 06:09:57.909'),(1023,1023,1000,0,'2022-07-11 07:53:40.917','2022-07-11 07:53:40.917'),(1024,1024,1000,0,'2022-07-11 08:25:53.605','2022-07-11 08:25:53.605'),(1025,1025,1000,0,'2022-07-12 01:23:35.347','2022-07-12 01:23:35.347'),(1026,1026,1000,0,'2022-07-12 01:26:33.048','2022-07-12 01:26:33.048'),(1027,1027,1000,0,'2022-07-12 02:41:46.065','2022-07-12 02:41:46.065'),(1028,1028,1000,0,'2022-07-12 03:43:16.474','2022-07-12 03:43:16.474'),(1029,1029,1000,0,'2022-07-12 07:06:56.854','2022-07-12 07:06:56.854'),(1030,1030,1000,0,'2022-07-12 09:11:24.672','2022-07-12 09:11:24.672'),(1031,1031,1000,0,'2022-07-13 03:44:19.286','2022-07-13 03:44:19.286'),(1032,1032,1000,0,'2022-07-15 09:54:45.577','2022-07-15 09:54:45.577'),(1033,1033,1000,0,'2022-07-18 02:21:51.314','2022-07-18 02:21:51.314'),(1034,1034,1000,0,'2022-07-18 11:15:41.545','2022-07-18 11:15:41.545'),(1035,1035,1000,0,'2022-07-19 06:12:38.542','2022-07-19 06:12:38.542'),(1036,1036,1000,0,'2022-07-19 09:13:50.154','2022-07-19 09:13:50.154');
/*!40000 ALTER TABLE `sys_ur` ENABLE KEYS */;
UNLOCK TABLES;

--
-- Table structure for table `sys_user`
--

DROP TABLE IF EXISTS `sys_user`;
/*!40101 SET @saved_cs_client     = @@character_set_client */;
/*!40101 SET character_set_client = utf8 */;
CREATE TABLE `sys_user` (
  `user_id` bigint(20) NOT NULL AUTO_INCREMENT COMMENT '用户id',
  `user_account` varchar(64) NOT NULL COMMENT '账户名称',
  `user_password` varchar(128) NOT NULL COMMENT '账户密码',
  `user_name` varchar(64) NOT NULL COMMENT '用户昵称',
  `role_id_list` varchar(255) NOT NULL COMMENT '角色id集合',
  `is_forbid` tinyint(4) NOT NULL COMMENT '是否禁用',
  `is_editable` tinyint(4) NOT NULL COMMENT '是否可编辑',
  `is_del` tinyint(4) NOT NULL COMMENT '是否删除',
  `c_time` datetime(3) NOT NULL DEFAULT CURRENT_TIMESTAMP(3) COMMENT '创建时间',
  `u_time` datetime(3) NOT NULL DEFAULT CURRENT_TIMESTAMP(3) ON UPDATE CURRENT_TIMESTAMP(3) COMMENT '更改时间',
  PRIMARY KEY (`user_id`) USING BTREE,
  UNIQUE KEY `ix_unique_user_account` (`user_account`) USING BTREE COMMENT '账户名称唯一索引'
) ENGINE=InnoDB AUTO_INCREMENT=1037 DEFAULT CHARSET=utf8 ROW_FORMAT=DYNAMIC COMMENT='用户表';
/*!40101 SET character_set_client = @saved_cs_client */;

--
-- Dumping data for table `sys_user`
--

LOCK TABLES `sys_user` WRITE;
/*!40000 ALTER TABLE `sys_user` DISABLE KEYS */;
INSERT INTO `sys_user` VALUES (1,'admin','37eee4198e0413d4133a0af7915eb84a','admin','1',0,1,0,'2022-03-25 17:55:53.048','2022-07-08 16:23:37.818'),(1004,'leiyannan@primihub.com','58360f68cddd7eda97b722252ddf03e9','zhanjingjing','1000',0,1,0,'2022-07-01 10:58:18.311','2022-07-01 10:58:18.326'),(1005,'13699223155@163.com','dcaf6fb0c3611cc9a627feb18d6ddf08','leiyannan','1000',0,1,0,'2022-07-01 11:14:31.873','2022-07-01 11:14:31.883'),(1006,'17801066560@163.com','39392ad68c1895109ef8b41074b73e57','liweihua','1000',0,1,0,'2022-07-01 14:12:11.615','2022-07-01 14:12:11.632'),(1007,'cookiefly@163.com','1e8c0eca5e809f0af5c19b2e6ba8b3d3','Allen','1000',0,1,0,'2022-07-01 14:12:13.845','2022-07-01 14:12:13.863'),(1008,'zhangjianning@primihub.com','a0f34ffac5a82245e4fca2e21f358a42','zjn','1000',0,1,0,'2022-07-07 13:05:15.678','2022-07-07 13:05:15.687'),(1009,'yemingzhu5555@126.com','44d90e7dc60ae23bcc99f916627149ec','武鹏','1000',0,1,0,'2022-07-08 17:02:25.969','2022-07-08 17:02:25.981'),(1010,'2474150040@qq.com','a0f34ffac5a82245e4fca2e21f358a42','leiyannan','1000',0,1,0,'2022-07-08 17:22:54.048','2022-07-08 17:22:54.052'),(1011,'yankaili2006@163.com','5c6306c8e465dd4c578699967db49d03','李延凯','1000',0,1,0,'2022-07-09 01:36:43.195','2022-07-09 01:36:43.198'),(1012,'zhanjingjing@primihub.com','a0f34ffac5a82245e4fca2e21f358a42','zhanjingjing','1000',0,1,0,'2022-07-09 03:07:09.328','2022-07-09 03:07:09.332'),(1013,'zjn@wiwi.ink','a0f34ffac5a82245e4fca2e21f358a42','zjn','1000',0,1,0,'2022-07-09 03:31:42.933','2022-07-09 03:31:42.938'),(1014,'19856207@qq.com','15293eed2bde0aa02b56b78ca59984ec','HH','1000',0,1,0,'2022-07-09 04:16:11.525','2022-07-09 04:16:11.528'),(1015,'364683582@qq.com','5b0704aa4a6864f6c95823295991f77f','zhanjingjing','1000',0,1,0,'2022-07-09 04:35:36.179','2022-07-09 04:35:36.182'),(1016,'my_bo_love@126.com','8c02dee0ebd1560b3e25a2972755a8ca','闵勇博','1000',0,1,0,'2022-07-09 05:53:37.537','2022-07-09 05:53:37.541'),(1017,'327680114@qq.com','18575a3bb0723789fe46a398a05d3f62','舒明','1000',0,1,0,'2022-07-09 06:29:34.967','2022-07-09 06:29:34.970'),(1018,'xiozhoz@gmail.com','3acacb914b68b2063befa3338ad151ce','xiaozhou','1000',0,1,0,'2022-07-09 09:12:15.496','2022-07-09 09:12:15.500'),(1019,'22021074@qq.com','526924d01eb6efeb9f8d519ba3eb2501','麦泽庆','1000',0,1,0,'2022-07-09 09:25:39.815','2022-07-09 09:25:39.819'),(1020,'363746440@qq.com','185022562d4980dc7da6c2c0a4909168','黄生','1000',0,1,0,'2022-07-09 15:35:28.415','2022-07-09 15:35:28.429'),(1021,'crypto@d4rk.dev','e3b7973c68598c83cd0301eb8300f25a','杨昊','1000',0,1,0,'2022-07-11 02:07:13.648','2022-07-11 02:07:13.651'),(1022,'604442069@qq.com','72d69d0274f25c1bfcc1884c4f64cacd','曲傲','1000',0,1,0,'2022-07-11 06:09:57.907','2022-07-11 06:09:57.910'),(1023,'cuichang1015@163.com','92d8a95d00ef03ae335acdf401ecae49','崔昌','1000',0,1,0,'2022-07-11 07:53:40.914','2022-07-11 07:53:40.917'),(1024,'fy_fygo@163.com','f870ae2a776444677c54b9c42b83c39f','yfan','1000',0,1,0,'2022-07-11 08:25:53.604','2022-07-11 08:25:53.606'),(1025,'zhao123lj@163.com','a0f34ffac5a82245e4fca2e21f358a42','zx','1000',0,1,0,'2022-07-12 01:23:35.338','2022-07-12 01:23:35.357'),(1026,'947351683@qq.com','00fd68046192d4ca3d007281b35cc40f','李','1000',0,1,0,'2022-07-12 01:26:33.047','2022-07-12 01:26:33.051'),(1027,'you_kai@163.com','c8d0c2a3f333d8e46981c5b2c001498e','由楷','1000',0,1,0,'2022-07-12 02:41:46.062','2022-07-12 02:41:46.066'),(1028,'lijie9@hisense.com','f19243e4a1cc70d344d09d06213388b8','ljrhw','1000',0,1,0,'2022-07-12 03:43:16.472','2022-07-12 03:43:16.475'),(1029,'betterccc@qq.com','3caadeadb8788785f20a961e80dc1330','Bob','1000',0,1,0,'2022-07-12 07:06:56.852','2022-07-12 07:06:56.855'),(1030,'923164327@qq.com','cd9639e15874d77f8b4bb2b7e9ce87bf','申女士','1000',0,1,0,'2022-07-12 09:11:24.670','2022-07-12 09:11:24.673'),(1031,'1431371354@qq.com','9cea43bcd009586afa3090d46eba4b28','aaaaaa','1000',0,1,0,'2022-07-13 03:44:19.285','2022-07-13 03:44:19.287'),(1032,'huyuwan@hotmail.com','05c5d830b959247ed093b38b7d934b72','胡豫皖','1000',0,1,0,'2022-07-15 09:54:45.575','2022-07-15 09:54:45.578'),(1033,'wangxuan0163@163.com','f46b95cb5928423b171ef748017246c9','wx','1000',0,1,0,'2022-07-18 02:21:51.312','2022-07-18 02:21:51.314'),(1034,'demouser99','a0f34ffac5a82245e4fca2e21f358a42','demouser99','1000',0,1,0,'2022-07-18 11:15:41.543','2022-07-18 11:15:41.545'),(1035,'buaamy@163.com','2f49503ed947173ee60e9363088b5bca','buaamy','1000',0,1,0,'2022-07-19 06:12:38.530','2022-07-19 06:12:38.547'),(1036,'389407070@qq.com','c180737eb2873e94b1b7c6c725fc4942','test','1000',0,1,0,'2022-07-19 09:13:50.149','2022-07-19 09:13:50.158');
/*!40000 ALTER TABLE `sys_user` ENABLE KEYS */;
UNLOCK TABLES;
/*!40103 SET TIME_ZONE=@OLD_TIME_ZONE */;

/*!40101 SET SQL_MODE=@OLD_SQL_MODE */;
/*!40014 SET FOREIGN_KEY_CHECKS=@OLD_FOREIGN_KEY_CHECKS */;
/*!40014 SET UNIQUE_CHECKS=@OLD_UNIQUE_CHECKS */;
/*!40101 SET CHARACTER_SET_CLIENT=@OLD_CHARACTER_SET_CLIENT */;
/*!40101 SET CHARACTER_SET_RESULTS=@OLD_CHARACTER_SET_RESULTS */;
/*!40101 SET COLLATION_CONNECTION=@OLD_COLLATION_CONNECTION */;
/*!40111 SET SQL_NOTES=@OLD_SQL_NOTES */;

-- Dump completed on 2022-07-30 11:46:34
